time_date-string,SLA_MP-median,glacier_area_km2,glacier_glims_id,glacier_name,weight_velocity,weight_class,LS_weight_final,SLA_unweighted_20day,SLA_weighted_20day
2000-05-15,2394.0,10.88895706401702,G042950E43105N,Kvitlodi,1.0,1.0,1.0,2413.0,2413.0
2000-05-24,2432.0,10.88895706401702,G042950E43105N,Kvitlodi,1.0,1.0,1.0,2656.6667,2555.4095
2000-05-31,3144.0,10.88895706401702,G042950E43105N,Kvitlodi,0.1,0.6484000000000001,0.4839,2961.3333,2792.6758
2000-06-09,3308.0,10.88895706401702,G042950E43105N,Kvitlodi,1.0,0.1,0.37,3214.25,3217.3869
2000-06-16,3232.0,10.88895706401702,G042950E43105N,Kvitlodi,1.0,1.0,1.0,3237.6667,3238.8507
2000-06-17,3173.0,10.88895706401702,G042950E43105N,Kvitlodi,0.7150000000000001,0.1,0.2845,3237.6667,3238.8507
2000-07-03,3267.0,10.88895706401702,G042950E43105N,Kvitlodi,1.0,0.1,0.37,3244.0,3241.8276
2000-07-10,3227.0,10.88895706401702,G042950E43105N,Kvitlodi,1.0,0.1,0.37,3264.2,3246.2254
2000-07-11,3238.0,10.88895706401702,G042950E43105N,Kvitlodi,1.0,1.0,1.0,3264.2,3246.2254
2000-07-18,3244.0,10.88895706401702,G042950E43105N,Kvitlodi,1.0,1.0,1.0,3265.3333,3252.5585
2000-07-19,3345.0,10.88895706401702,G042950E43105N,Kvitlodi,0.1,0.1,0.1,3265.3333,3252.5585
2000-07-26,3272.0,10.88895706401702,G042950E43105N,Kvitlodi,1.0,0.2979999999999998,0.5086,3282.2,3264.5267
2000-07-27,3266.0,10.88895706401702,G042950E43105N,Kvitlodi,1.0,1.0,1.0,3282.2,3264.5267
2000-08-04,3284.0,10.88895706401702,G042950E43105N,Kvitlodi,1.0,0.1,0.37,3289.75,3294.0385
2000-08-12,3337.0,10.88895706401702,G042950E43105N,Kvitlodi,1.0,1.0,1.0,3313.75,3319.5291
2000-08-19,3317.0,10.88895706401702,G042950E43105N,Kvitlodi,1.0,0.5859999999999996,0.7102,3323.6667,3324.3795
2000-08-20,3317.0,10.88895706401702,G042950E43105N,Kvitlodi,1.0,1.0,1.0,3323.6667,3324.3795
2000-09-05,3261.0,10.88895706401702,G042950E43105N,Kvitlodi,1.0,0.1,0.37,3288.0,3298.8402
2000-09-12,3315.0,10.88895706401702,G042950E43105N,Kvitlodi,1.0,0.8091999999999996,0.8664,3280.3333,3284.5761
2000-09-20,3265.0,10.88895706401702,G042950E43105N,Kvitlodi,1.0,0.8584,0.9009,3290.0,3289.512
2000-10-07,2863.0,10.88895706401702,G042950E43105N,Kvitlodi,1.0,1.0,1.0,3104.0,2993.9527
2000-10-14,3674.0,10.88895706401702,G042950E43105N,Kvitlodi,0.1,0.5679999999999998,0.4276,3104.0,2993.9527
2000-10-15,2775.0,10.88895706401702,G042950E43105N,Kvitlodi,0.1,1.0,0.73,3104.0,2993.9527
2000-10-31,3190.0,10.88895706401702,G042950E43105N,Kvitlodi,1.0,0.5404000000000002,0.6783,3190.0,3190.0
2001-05-18,3149.0,10.88895706401702,G042950E43105N,Kvitlodi,1.0,1.0,1.0,3149.0,3149.0
2001-06-04,3515.0,10.88895706401702,G042950E43105N,Kvitlodi,1.0,0.1,0.37,3097.5,2960.8636
2001-06-12,2680.0,10.88895706401702,G042950E43105N,Kvitlodi,0.1,1.0,0.73,3097.5,2960.8636
2001-06-28,2848.0,10.88895706401702,G042950E43105N,Kvitlodi,1.0,1.0,1.0,2931.6667,2863.8095
2001-07-05,2857.0,10.88895706401702,G042950E43105N,Kvitlodi,1.0,1.0,1.0,2926.5,2879.0323
2001-07-06,3090.0,10.88895706401702,G042950E43105N,Kvitlodi,0.1,0.1,0.1,2926.5,2879.0323
2001-07-14,2911.0,10.88895706401702,G042950E43105N,Kvitlodi,1.0,1.0,1.0,2952.6667,2893.8095
2001-07-29,3279.0,10.88895706401702,G042950E43105N,Kvitlodi,1.0,0.9363999999999999,0.9555,3292.3333,3292.7457
2001-07-30,3291.0,10.88895706401702,G042950E43105N,Kvitlodi,1.0,0.48819999999999997,0.6417,3292.3333,3292.7457
2001-08-06,3307.0,10.88895706401702,G042950E43105N,Kvitlodi,1.0,1.0,1.0,3211.0,3252.1263
2001-08-15,2967.0,10.88895706401702,G042950E43105N,Kvitlodi,1.0,0.1,0.37,3196.6667,3256.6046
2001-08-22,3316.0,10.88895706401702,G042950E43105N,Kvitlodi,0.8521428571428572,1.0,0.9556,3141.5,3218.5875
2001-09-07,3255.0,10.88895706401702,G042950E43105N,Kvitlodi,1.0,1.0,1.0,3307.5,3283.3577
2001-09-16,3360.0,10.88895706401702,G042950E43105N,Kvitlodi,1.0,0.1,0.37,3307.5,3283.3577
2001-10-09,3231.0,10.88895706401702,G042950E43105N,Kvitlodi,1.0,1.0,1.0,3231.0,3231.0
2001-10-25,3225.0,10.88895706401702,G042950E43105N,Kvitlodi,1.0,0.1,0.37,3426.5,3310.7447
2001-10-26,3628.0,10.88895706401702,G042950E43105N,Kvitlodi,0.1,0.1,0.1,3426.5,3310.7447
2002-05-13,3412.0,10.88895706401702,G042950E43105N,Kvitlodi,1.0,0.1,0.37,3025.6667,2929.225
2002-05-21,2829.0,10.88895706401702,G042950E43105N,Kvitlodi,0.506875,1.0,0.8521,3025.6667,2929.225
2002-05-22,2836.0,10.88895706401702,G042950E43105N,Kvitlodi,1.0,1.0,1.0,3025.6667,2929.225
2002-06-22,2661.0,10.88895706401702,G042950E43105N,Kvitlodi,1.0,1.0,1.0,2664.5,2662.8905
2002-06-23,2668.0,10.88895706401702,G042950E43105N,Kvitlodi,1.0,0.1,0.37,2664.5,2662.8905
2002-08-01,3228.0,10.88895706401702,G042950E43105N,Kvitlodi,1.0,1.0,1.0,3228.0,3228.0
2002-08-17,3309.0,10.88895706401702,G042950E43105N,Kvitlodi,1.0,0.1,0.37,3309.0,3309.0
2002-09-27,3650.0,10.88895706401702,G042950E43105N,Kvitlodi,1.0,0.1,0.37,3650.0,3650.0
2003-06-25,2799.0,10.88895706401702,G042950E43105N,Kvitlodi,1.0,1.0,1.0,2799.0,2799.0
2003-07-11,3252.0,10.88895706401702,G042950E43105N,Kvitlodi,1.0,1.0,1.0,3252.0,3252.0
2003-07-27,3240.0,10.88895706401702,G042950E43105N,Kvitlodi,1.0,1.0,1.0,3130.0,3180.5839
2003-08-04,3020.0,10.88895706401702,G042950E43105N,Kvitlodi,1.0,0.1,0.37,3130.0,3180.5839
2003-08-20,3281.0,10.88895706401702,G042950E43105N,Kvitlodi,1.0,0.1,0.37,3293.0,3297.9758
2003-08-28,3305.0,10.88895706401702,G042950E43105N,Kvitlodi,1.0,0.8488000000000002,0.8942,3293.0,3297.9758
2003-09-22,2863.0,10.88895706401702,G042950E43105N,Kvitlodi,1.0,1.0,1.0,2863.0,2863.0
2003-10-15,3303.0,10.88895706401702,G042950E43105N,Kvitlodi,1.0,0.1,0.37,3303.0,3303.0
2004-07-14,3132.0,10.88895706401702,G042950E43105N,Kvitlodi,1.0,0.23619999999999977,0.4653,3132.0,3132.0
2004-07-30,3239.0,10.88895706401702,G042950E43105N,Kvitlodi,1.0,0.2584000000000001,0.4809,3239.0,3239.0
2004-08-14,3245.0,10.88895706401702,G042950E43105N,Kvitlodi,1.0,0.5745999999999998,0.7022,3254.6667,3252.7424
2004-08-15,3259.0,10.88895706401702,G042950E43105N,Kvitlodi,1.0,0.1995999999999998,0.4397,3254.6667,3252.7424
2004-08-23,3260.0,10.88895706401702,G042950E43105N,Kvitlodi,1.0,0.1,0.37,3254.6667,3252.7424
2004-09-08,2560.0,10.88895706401702,G042950E43105N,Kvitlodi,0.94375,1.0,0.9831,2993.3333,2913.2164
2004-09-15,3235.0,10.88895706401702,G042950E43105N,Kvitlodi,0.15357142857142858,1.0,0.7461,3154.75,2991.8714
2004-09-16,3185.0,10.88895706401702,G042950E43105N,Kvitlodi,0.85,0.19900000000000034,0.3943,3154.75,2991.8714
2004-09-23,3639.0,10.88895706401702,G042950E43105N,Kvitlodi,0.627142857142857,0.1,0.2581,3353.0,3295.4629
2004-10-18,2963.0,10.88895706401702,G042950E43105N,Kvitlodi,1.0,0.1,0.37,3270.0,3353.2214
2004-10-26,3577.0,10.88895706401702,G042950E43105N,Kvitlodi,0.44875,0.7293999999999997,0.6452,3270.0,3353.2214
2005-05-06,2891.0,10.88895706401702,G042950E43105N,Kvitlodi,1.0,1.0,1.0,2891.0,2891.0
2005-05-29,2424.0,10.88895706401702,G042950E43105N,Kvitlodi,1.0,1.0,1.0,2739.5,2543.8619
2005-06-07,3055.0,10.88895706401702,G042950E43105N,Kvitlodi,0.5483333333333333,0.1,0.2345,2739.5,2543.8619
2005-06-30,3287.0,10.88895706401702,G042950E43105N,Kvitlodi,1.0,0.1,0.37,3249.6667,3275.5952
2005-07-08,3293.0,10.88895706401702,G042950E43105N,Kvitlodi,1.0,0.1,0.37,3249.6667,3275.5952
2005-07-09,3169.0,10.88895706401702,G042950E43105N,Kvitlodi,0.1,0.1,0.1,3249.6667,3275.5952
2005-07-24,3234.0,10.88895706401702,G042950E43105N,Kvitlodi,1.0,0.1,0.37,3350.5,3283.5745
2005-07-25,3467.0,10.88895706401702,G042950E43105N,Kvitlodi,0.1,0.1,0.1,3350.5,3283.5745
2005-08-09,3338.0,10.88895706401702,G042950E43105N,Kvitlodi,1.0,0.1,0.37,3409.0,3411.7485
2005-08-18,3480.0,10.88895706401702,G042950E43105N,Kvitlodi,1.0,0.14259999999999962,0.3998,3409.0,3411.7485
2006-05-16,3422.0,10.88895706401702,G042950E43105N,Kvitlodi,1.0,1.0,1.0,2931.0,3007.6301
2006-05-25,2440.0,10.88895706401702,G042950E43105N,Kvitlodi,0.1,1.0,0.73,2773.3333,2806.3004
2006-06-01,2458.0,10.88895706401702,G042950E43105N,Kvitlodi,1.0,1.0,1.0,2449.0,2450.4046
2006-07-28,3244.0,10.88895706401702,G042950E43105N,Kvitlodi,1.0,0.1756000000000003,0.4229,3317.3333,3280.9026
2006-08-04,3263.0,10.88895706401702,G042950E43105N,Kvitlodi,1.0,1.0,1.0,3313.6,3287.7556
2006-08-05,3445.0,10.88895706401702,G042950E43105N,Kvitlodi,0.1,0.24880000000000027,0.2042,3313.6,3287.7556
2006-08-12,3335.0,10.88895706401702,G042950E43105N,Kvitlodi,1.0,0.1,0.37,3331.0,3295.1242
2006-08-13,3281.0,10.88895706401702,G042950E43105N,Kvitlodi,0.79,1.0,0.937,3331.0,3295.1242
2006-08-28,3276.0,10.88895706401702,G042950E43105N,Kvitlodi,1.0,0.1,0.37,3323.0,3304.1413
2006-08-29,3370.0,10.88895706401702,G042950E43105N,Kvitlodi,0.18999999999999995,0.1443999999999997,0.1581,3323.0,3304.1413
2006-09-13,3069.0,10.88895706401702,G042950E43105N,Kvitlodi,1.0,0.1,0.37,3227.6667,3222.0952
2006-09-14,3245.0,10.88895706401702,G042950E43105N,Kvitlodi,0.1,0.1,0.1,3227.6667,3222.0952
2006-09-21,3369.0,10.88895706401702,G042950E43105N,Kvitlodi,1.0,0.1,0.37,3227.6667,3222.0952
2006-10-07,3165.0,10.88895706401702,G042950E43105N,Kvitlodi,1.0,0.9904000000000002,0.9933,3192.0,3177.7494
2006-10-08,3219.0,10.88895706401702,G042950E43105N,Kvitlodi,0.79,0.1,0.307,3192.0,3177.7494
2006-10-23,3628.0,10.88895706401702,G042950E43105N,Kvitlodi,1.0,0.7354000000000002,0.8148,3391.0,3576.1854
2006-10-24,3154.0,10.88895706401702,G042950E43105N,Kvitlodi,0.1,0.1,0.1,3391.0,3576.1854
2007-05-12,3653.0,10.88895706401702,G042950E43105N,Kvitlodi,1.0,1.0,1.0,2896.6667,3027.3347
2007-05-19,2419.0,10.88895706401702,G042950E43105N,Kvitlodi,0.1,1.0,0.73,2839.0,2965.8157
2007-05-20,2618.0,10.88895706401702,G042950E43105N,Kvitlodi,0.1,0.5908000000000004,0.4436,2839.0,2965.8157
2007-05-28,2666.0,10.88895706401702,G042950E43105N,Kvitlodi,1.0,0.20860000000000015,0.446,2567.6667,2541.5231
2007-06-28,3166.0,10.88895706401702,G042950E43105N,Kvitlodi,1.0,0.1,0.37,3213.0,3225.4311
2007-06-29,3227.0,10.88895706401702,G042950E43105N,Kvitlodi,0.685,1.0,0.9055,3213.0,3225.4311
2007-07-06,3246.0,10.88895706401702,G042950E43105N,Kvitlodi,1.0,1.0,1.0,3213.0,3225.4311
2007-07-22,3267.0,10.88895706401702,G042950E43105N,Kvitlodi,1.0,1.0,1.0,3274.0,3274.9197
2007-07-23,3272.0,10.88895706401702,G042950E43105N,Kvitlodi,1.0,0.1,0.37,3274.0,3274.9197
2007-07-30,3272.0,10.88895706401702,G042950E43105N,Kvitlodi,1.0,0.1,0.37,3280.3333,3282.2457
2007-07-31,3285.0,10.88895706401702,G042950E43105N,Kvitlodi,1.0,1.0,1.0,3280.3333,3282.2457
2007-08-07,3301.0,10.88895706401702,G042950E43105N,Kvitlodi,1.0,1.0,1.0,3289.1667,3290.3862
2007-08-08,3285.0,10.88895706401702,G042950E43105N,Kvitlodi,1.0,0.2554000000000002,0.4788,3289.1667,3290.3862
2007-08-15,3281.0,10.88895706401702,G042950E43105N,Kvitlodi,1.0,0.1,0.37,3294.5,3295.8798
2007-08-16,3311.0,10.88895706401702,G042950E43105N,Kvitlodi,1.0,0.1,0.37,3294.5,3295.8798
2007-09-01,3481.0,10.88895706401702,G042950E43105N,Kvitlodi,1.0,0.1,0.37,3481.0,3481.0
2007-09-17,3288.0,10.88895706401702,G042950E43105N,Kvitlodi,1.0,0.33639999999999987,0.5355,3289.0,3288.8172
2007-09-24,3290.0,10.88895706401702,G042950E43105N,Kvitlodi,1.0,0.1,0.37,3302.3333,3305.4068
2007-10-03,3329.0,10.88895706401702,G042950E43105N,Kvitlodi,1.0,0.48099999999999965,0.6367,3309.5,3314.666
2007-10-18,3505.0,10.88895706401702,G042950E43105N,Kvitlodi,1.0,0.1,0.37,3505.0,3505.0
2008-05-14,3531.0,10.88895706401702,G042950E43105N,Kvitlodi,1.0,1.0,1.0,2809.6667,2911.2221
2008-05-21,2412.0,10.88895706401702,G042950E43105N,Kvitlodi,0.1,1.0,0.73,2809.6667,2911.2221
2008-05-22,2486.0,10.88895706401702,G042950E43105N,Kvitlodi,0.49,0.6477999999999997,0.6005,2809.6667,2911.2221
2008-06-15,2811.0,10.88895706401702,G042950E43105N,Kvitlodi,1.0,1.0,1.0,2811.0,2811.0
2008-06-30,3345.0,10.88895706401702,G042950E43105N,Kvitlodi,1.0,0.1,0.37,3147.0,3155.81
2008-07-08,2905.0,10.88895706401702,G042950E43105N,Kvitlodi,0.775,0.1,0.3025,3165.8,3168.1902
2008-07-09,3191.0,10.88895706401702,G042950E43105N,Kvitlodi,0.1,0.1954000000000002,0.1668,3165.8,3168.1902
2008-07-16,3244.0,10.88895706401702,G042950E43105N,Kvitlodi,1.0,0.1,0.37,3116.8333,3091.2816
2008-07-17,3144.0,10.88895706401702,G042950E43105N,Kvitlodi,0.1,1.0,0.73,3116.8333,3091.2816
2008-07-24,2990.0,10.88895706401702,G042950E43105N,Kvitlodi,1.0,1.0,1.0,3151.25,3107.5658
2008-07-25,3227.0,10.88895706401702,G042950E43105N,Kvitlodi,0.1,0.4413999999999999,0.339,3151.25,3107.5658
2008-08-10,3262.0,10.88895706401702,G042950E43105N,Kvitlodi,1.0,0.1,0.37,3262.0,3262.0
2008-08-25,3361.0,10.88895706401702,G042950E43105N,Kvitlodi,1.0,0.1,0.37,3300.0,3308.7573
2008-08-26,3268.0,10.88895706401702,G042950E43105N,Kvitlodi,0.20499999999999996,0.1,0.1315,3300.0,3308.7573
2008-09-02,3271.0,10.88895706401702,G042950E43105N,Kvitlodi,1.0,0.1,0.37,3300.0,3308.7573
2008-09-26,2871.0,10.88895706401702,G042950E43105N,Kvitlodi,1.0,1.0,1.0,3272.0,2943.9091
2008-10-04,3673.0,10.88895706401702,G042950E43105N,Kvitlodi,0.1,0.1,0.1,3272.0,2943.9091
2008-10-20,3147.0,10.88895706401702,G042950E43105N,Kvitlodi,1.0,0.1,0.37,2977.5,2906.1916
2008-10-28,2808.0,10.88895706401702,G042950E43105N,Kvitlodi,0.964375,0.8829999999999998,0.9074,2977.5,2906.1916
2009-05-16,2717.0,10.88895706401702,G042950E43105N,Kvitlodi,1.0,0.1,0.37,3148.0,2900.4043
2009-05-17,3579.0,10.88895706401702,G042950E43105N,Kvitlodi,0.1,0.1,0.1,3148.0,2900.4043
2009-06-01,2859.0,10.88895706401702,G042950E43105N,Kvitlodi,0.88,0.1,0.334,2650.5,2572.9004
2009-06-02,2442.0,10.88895706401702,G042950E43105N,Kvitlodi,0.1,1.0,0.73,2650.5,2572.9004
2009-06-25,3017.0,10.88895706401702,G042950E43105N,Kvitlodi,1.0,1.0,1.0,3175.0,3145.2735
2009-07-04,3333.0,10.88895706401702,G042950E43105N,Kvitlodi,1.0,0.5475999999999996,0.6833,3194.25,3172.2427
2009-07-11,3194.0,10.88895706401702,G042950E43105N,Kvitlodi,1.0,0.3724000000000004,0.5607,3252.5,3256.4379
2009-07-12,3233.0,10.88895706401702,G042950E43105N,Kvitlodi,1.0,0.3520000000000002,0.5464,3252.5,3256.4379
2009-07-20,3250.0,10.88895706401702,G042950E43105N,Kvitlodi,1.0,0.5698,0.6989,3225.6667,3227.4707
2009-08-05,3258.0,10.88895706401702,G042950E43105N,Kvitlodi,1.0,0.1,0.37,3000.0,2987.5247
2009-08-13,2742.0,10.88895706401702,G042950E43105N,Kvitlodi,0.6325000000000001,0.3111999999999998,0.4076,3121.3333,3064.5756
2009-08-21,3364.0,10.88895706401702,G042950E43105N,Kvitlodi,0.43374999999999997,0.1,0.2001,3169.5,3169.8708
2009-08-28,3301.0,10.88895706401702,G042950E43105N,Kvitlodi,1.0,0.6406000000000003,0.7484,3227.5,3230.2368
2009-08-29,3271.0,10.88895706401702,G042950E43105N,Kvitlodi,1.0,0.1,0.37,3227.5,3230.2368
2009-09-06,2974.0,10.88895706401702,G042950E43105N,Kvitlodi,1.0,0.1,0.37,3182.0,3212.2537
2009-10-08,3260.0,10.88895706401702,G042950E43105N,Kvitlodi,1.0,0.1,0.37,3180.0,3180.0
2009-10-16,3100.0,10.88895706401702,G042950E43105N,Kvitlodi,1.0,0.1,0.37,3173.0,3168.9494
2009-10-24,3159.0,10.88895706401702,G042950E43105N,Kvitlodi,1.0,0.7456000000000004,0.8219,3129.5,3140.6847
2010-05-20,2689.0,10.88895706401702,G042950E43105N,Kvitlodi,1.0,0.1,0.37,2549.0,2484.6204
2010-05-27,2409.0,10.88895706401702,G042950E43105N,Kvitlodi,1.0,1.0,1.0,2723.0,2693.011
2010-06-05,3071.0,10.88895706401702,G042950E43105N,Kvitlodi,0.4966666666666667,0.8661999999999997,0.7553,3004.5,2847.7722
2010-06-12,3317.0,10.88895706401702,G042950E43105N,Kvitlodi,1.0,0.1,0.37,3203.0,3164.8042
2010-06-13,3221.0,10.88895706401702,G042950E43105N,Kvitlodi,0.15999999999999992,0.3009999999999997,0.2587,3203.0,3164.8042
2010-07-14,2998.0,10.88895706401702,G042950E43105N,Kvitlodi,1.0,0.9370000000000002,0.9559,2998.0,2998.0
2010-07-30,3284.0,10.88895706401702,G042950E43105N,Kvitlodi,1.0,0.1,0.37,3278.5,3277.8931
2010-07-31,3255.0,10.88895706401702,G042950E43105N,Kvitlodi,1.0,0.1995999999999998,0.4397,3278.5,3277.8931
2010-08-07,3296.0,10.88895706401702,G042950E43105N,Kvitlodi,1.0,0.1,0.37,3301.8,3294.887
2010-08-08,3279.0,10.88895706401702,G042950E43105N,Kvitlodi,1.0,1.0,1.0,3301.8,3294.887
2010-08-16,3395.0,10.88895706401702,G042950E43105N,Kvitlodi,1.0,0.1,0.37,3323.0,3319.3964
2010-08-23,3288.0,10.88895706401702,G042950E43105N,Kvitlodi,1.0,0.1,0.37,3410.2,3349.3271
2010-08-24,3357.0,10.88895706401702,G042950E43105N,Kvitlodi,0.565,1.0,0.8695,3410.2,3349.3271
2010-08-31,3306.0,10.88895706401702,G042950E43105N,Kvitlodi,1.0,0.7731999999999999,0.8412,3414.0,3341.5778
2010-09-01,3705.0,10.88895706401702,G042950E43105N,Kvitlodi,0.1,0.1,0.1,3414.0,3341.5778
2010-09-24,3270.0,10.88895706401702,G042950E43105N,Kvitlodi,1.0,0.1,0.37,3286.5,3286.5
2010-09-25,3303.0,10.88895706401702,G042950E43105N,Kvitlodi,1.0,0.1,0.37,3286.5,3286.5
2010-10-26,3227.0,10.88895706401702,G042950E43105N,Kvitlodi,1.0,0.1,0.37,3227.0,3227.0
2011-05-23,3120.0,10.88895706401702,G042950E43105N,Kvitlodi,1.0,1.0,1.0,3120.0,3120.0
2011-06-08,2660.0,10.88895706401702,G042950E43105N,Kvitlodi,1.0,1.0,1.0,2660.0,2660.0
2011-06-24,2791.0,10.88895706401702,G042950E43105N,Kvitlodi,1.0,1.0,1.0,2791.0,2791.0
2011-07-25,3276.0,10.88895706401702,G042950E43105N,Kvitlodi,1.0,0.1,0.37,3403.0,3330.0426
2011-07-26,3530.0,10.88895706401702,G042950E43105N,Kvitlodi,0.1,0.1,0.1,3403.0,3330.0426
2011-08-10,3272.0,10.88895706401702,G042950E43105N,Kvitlodi,1.0,0.1,0.37,3321.6667,3332.2289
2011-08-11,3378.0,10.88895706401702,G042950E43105N,Kvitlodi,0.1,1.0,0.73,3321.6667,3332.2289
2011-08-18,3315.0,10.88895706401702,G042950E43105N,Kvitlodi,1.0,0.49419999999999964,0.6459,3293.5,3287.3515
2011-08-27,3209.0,10.88895706401702,G042950E43105N,Kvitlodi,1.0,1.0,1.0,3262.0,3250.5975
2011-09-11,3438.0,10.88895706401702,G042950E43105N,Kvitlodi,1.0,0.1,0.37,3345.3333,3334.6109
2011-09-19,3315.0,10.88895706401702,G042950E43105N,Kvitlodi,1.0,0.9670000000000001,0.9769,3278.2,3268.482
2011-09-20,3283.0,10.88895706401702,G042950E43105N,Kvitlodi,1.0,0.1,0.37,3278.2,3268.482
2011-09-27,3165.0,10.88895706401702,G042950E43105N,Kvitlodi,1.0,0.1,0.37,3319.8333,3286.4094
2011-09-28,3190.0,10.88895706401702,G042950E43105N,Kvitlodi,1.0,0.9411999999999998,0.9588,3319.8333,3286.4094
2011-10-05,3347.0,10.88895706401702,G042950E43105N,Kvitlodi,1.0,0.7743999999999996,0.8421,3330.25,3275.0625
2011-10-06,3619.0,10.88895706401702,G042950E43105N,Kvitlodi,0.1,0.21340000000000003,0.1794,3330.25,3275.0625
2011-10-22,3243.0,10.88895706401702,G042950E43105N,Kvitlodi,1.0,0.1,0.37,3234.5,3234.5
2011-10-29,3226.0,10.88895706401702,G042950E43105N,Kvitlodi,1.0,0.1,0.37,3234.5,3234.5
2012-05-01,3547.0,10.88895706401702,G042950E43105N,Kvitlodi,1.0,0.41500000000000004,0.5905,3547.0,3547.0
2012-06-09,3281.0,10.88895706401702,G042950E43105N,Kvitlodi,1.0,0.1,0.37,3281.0,3281.0
2012-06-25,3166.0,10.88895706401702,G042950E43105N,Kvitlodi,1.0,0.1,0.37,3166.0,3166.0
2012-07-20,3255.0,10.88895706401702,G042950E43105N,Kvitlodi,1.0,0.1743999999999997,0.4221,3255.0,3255.0
2012-08-05,3431.0,10.88895706401702,G042950E43105N,Kvitlodi,1.0,0.1,0.37,3356.0,3356.0
2012-08-12,3281.0,10.88895706401702,G042950E43105N,Kvitlodi,1.0,0.1,0.37,3317.3333,3317.3333
2012-08-21,3240.0,10.88895706401702,G042950E43105N,Kvitlodi,1.0,0.1,0.37,3276.3333,3276.3333
2012-08-28,3308.0,10.88895706401702,G042950E43105N,Kvitlodi,1.0,0.1,0.37,3369.0,3369.0
2012-09-06,3559.0,10.88895706401702,G042950E43105N,Kvitlodi,1.0,0.1,0.37,3426.6667,3426.6667
2012-09-13,3413.0,10.88895706401702,G042950E43105N,Kvitlodi,1.0,0.1,0.37,3486.0,3486.0
2012-09-29,3183.0,10.88895706401702,G042950E43105N,Kvitlodi,1.0,0.1,0.37,3183.0,3183.0
2012-10-15,3485.0,10.88895706401702,G042950E43105N,Kvitlodi,1.0,0.1,0.37,3485.0,3485.0
2013-05-03,2437.0,10.88895706401702,G042950E43105N,Kvitlodi,1.0,1.0,1.0,2900.0,2521.1818
2013-05-04,3363.0,10.88895706401702,G042950E43105N,Kvitlodi,0.1,0.1,0.1,2900.0,2521.1818
2013-05-20,2735.0,10.88895706401702,G042950E43105N,Kvitlodi,1.0,0.1,0.37,3045.6667,3045.0041
2013-05-27,3262.0,10.88895706401702,G042950E43105N,Kvitlodi,0.47071428571428553,0.1,0.2112,2992.75,2987.5366
2013-05-28,3140.0,10.88895706401702,G042950E43105N,Kvitlodi,0.1,0.9927999999999997,0.725,2992.75,2987.5366
2013-06-05,2834.0,10.88895706401702,G042950E43105N,Kvitlodi,1.0,0.26979999999999993,0.4889,3127.5,3091.7817
2013-06-13,3274.0,10.88895706401702,G042950E43105N,Kvitlodi,0.775,0.1,0.3025,3054.0,3002.183
2013-06-28,3180.0,10.88895706401702,G042950E43105N,Kvitlodi,1.0,0.1,0.37,3228.6667,3223.3248
2013-06-29,3258.0,10.88895706401702,G042950E43105N,Kvitlodi,0.43000000000000005,0.1,0.199,3228.6667,3223.3248
2013-07-07,3248.0,10.88895706401702,G042950E43105N,Kvitlodi,1.0,0.1,0.37,3238.5,3235.9526
2013-07-15,3268.0,10.88895706401702,G042950E43105N,Kvitlodi,1.0,0.1,0.37,3258.0,3258.0
2013-07-31,2973.0,10.88895706401702,G042950E43105N,Kvitlodi,1.0,1.0,1.0,3148.0,3064.3347
2013-08-08,3323.0,10.88895706401702,G042950E43105N,Kvitlodi,0.94375,0.1,0.3531,3217.5,3143.0564
2013-08-15,3303.0,10.88895706401702,G042950E43105N,Kvitlodi,1.0,0.1,0.37,3306.0,3312.1835
2013-08-16,3271.0,10.88895706401702,G042950E43105N,Kvitlodi,1.0,0.1,0.37,3306.0,3312.1835
2013-08-23,3327.0,10.88895706401702,G042950E43105N,Kvitlodi,1.0,1.0,1.0,3300.3333,3309.9885
2013-09-08,2825.0,10.88895706401702,G042950E43105N,Kvitlodi,1.0,1.0,1.0,2825.0,2825.0
2013-10-10,2592.0,10.88895706401702,G042950E43105N,Kvitlodi,1.0,1.0,1.0,3123.0,2688.5455
2013-10-11,3654.0,10.88895706401702,G042950E43105N,Kvitlodi,0.1,0.1,0.1,3123.0,2688.5455
2013-10-26,3620.0,10.88895706401702,G042950E43105N,Kvitlodi,1.0,0.9634,0.9744,3620.5,3620.2752
2013-10-27,3621.0,10.88895706401702,G042950E43105N,Kvitlodi,1.0,0.1,0.37,3620.5,3620.2752
2014-05-15,3049.0,10.88895706401702,G042950E43105N,Kvitlodi,1.0,0.41439999999999966,0.5901,3049.0,3049.0
2014-05-30,2922.0,10.88895706401702,G042950E43105N,Kvitlodi,1.0,0.1,0.37,2824.5,2880.5106
2014-05-31,2727.0,10.88895706401702,G042950E43105N,Kvitlodi,0.1,0.1,0.1,2824.5,2880.5106
2014-06-15,3049.0,10.88895706401702,G042950E43105N,Kvitlodi,1.0,0.1,0.37,3048.0,3020.6786
2014-06-23,2962.0,10.88895706401702,G042950E43105N,Kvitlodi,1.0,0.1,0.37,3139.8,3124.9545
2014-06-24,3133.0,10.88895706401702,G042950E43105N,Kvitlodi,0.1,0.1,0.1,3139.8,3124.9545
2014-07-01,3324.0,10.88895706401702,G042950E43105N,Kvitlodi,1.0,0.1,0.37,3145.8,3131.8231
2014-07-02,3231.0,10.88895706401702,G042950E43105N,Kvitlodi,0.20499999999999996,0.1,0.1315,3145.8,3131.8231
2014-07-10,3079.0,10.88895706401702,G042950E43105N,Kvitlodi,1.0,0.15099999999999966,0.4057,3223.5,3218.0604
2014-07-17,3260.0,10.88895706401702,G042950E43105N,Kvitlodi,1.0,0.1,0.37,3213.6667,3209.4705
2014-07-26,3302.0,10.88895706401702,G042950E43105N,Kvitlodi,1.0,0.1,0.37,3271.25,3269.3839
2014-08-02,3258.0,10.88895706401702,G042950E43105N,Kvitlodi,1.0,0.1,0.37,3275.0,3271.3793
2014-08-03,3265.0,10.88895706401702,G042950E43105N,Kvitlodi,1.0,1.0,1.0,3275.0,3271.3793
2014-08-18,3534.0,10.88895706401702,G042950E43105N,Kvitlodi,1.0,0.1,0.37,3547.0,3547.1847
2014-08-26,3575.0,10.88895706401702,G042950E43105N,Kvitlodi,1.0,0.1,0.37,3534.5,3534.523
2014-08-27,3532.0,10.88895706401702,G042950E43105N,Kvitlodi,0.955,0.1,0.3565,3534.5,3534.523
2014-09-04,3497.0,10.88895706401702,G042950E43105N,Kvitlodi,1.0,0.1,0.37,3534.6667,3534.6995
2014-09-27,2800.0,10.88895706401702,G042950E43105N,Kvitlodi,1.0,1.0,1.0,3047.0,3038.4387
2014-10-06,3294.0,10.88895706401702,G042950E43105N,Kvitlodi,0.7766666666666667,1.0,0.933,3115.25,3104.6392
2014-10-13,3227.0,10.88895706401702,G042950E43105N,Kvitlodi,1.0,1.0,1.0,3201.0,3234.167
2014-10-14,3140.0,10.88895706401702,G042950E43105N,Kvitlodi,0.29500000000000004,0.1,0.1585,3201.0,3234.167
2014-10-21,3143.0,10.88895706401702,G042950E43105N,Kvitlodi,1.0,0.1,0.37,3160.5,3173.6254
2014-10-29,3132.0,10.88895706401702,G042950E43105N,Kvitlodi,1.0,0.8313999999999999,0.882,3137.5,3135.2508
2015-05-01,3432.0,10.88895706401702,G042950E43105N,Kvitlodi,1.0,0.1,0.37,3432.0,3432.0
2015-05-18,2423.0,10.88895706401702,G042950E43105N,Kvitlodi,0.7097058823529412,1.0,0.9129,2423.0,2423.0
2015-06-18,3330.0,10.88895706401702,G042950E43105N,Kvitlodi,1.0,0.1,0.37,3330.0,3330.0
2015-07-04,3233.0,10.88895706401702,G042950E43105N,Kvitlodi,1.0,0.1,0.37,3216.0,3208.1825
2015-07-05,3199.0,10.88895706401702,G042950E43105N,Kvitlodi,1.0,1.0,1.0,3216.0,3208.1825
2015-07-20,3273.0,10.88895706401702,G042950E43105N,Kvitlodi,1.0,0.1,0.37,3272.3333,3270.14
2015-07-21,3265.0,10.88895706401702,G042950E43105N,Kvitlodi,1.0,1.0,1.0,3272.3333,3270.14
2015-07-29,3279.0,10.88895706401702,G042950E43105N,Kvitlodi,1.0,0.2295999999999998,0.4607,3278.25,3274.4878
2015-08-05,3296.0,10.88895706401702,G042950E43105N,Kvitlodi,1.0,0.1,0.37,3354.75,3343.4724
2015-08-13,3391.0,10.88895706401702,G042950E43105N,Kvitlodi,1.0,0.1,0.37,3384.75,3379.8573
2015-08-14,3453.0,10.88895706401702,G042950E43105N,Kvitlodi,0.67,0.1,0.271,3399.0,3395.9469
2015-08-14,3399.0,10.88895706401702,G042950E43105N,Kvitlodi,1.0,0.1,0.37,3399.0,3395.9469
2015-08-22,3456.0,10.88895706401702,G042950E43105N,Kvitlodi,1.0,0.1,0.37,3400.8333,3400.1216
2015-08-27,3293.0,10.88895706401702,G042950E43105N,Kvitlodi,1.0,0.1,0.37,3428.25,3457.6831
2015-08-29,3413.0,10.88895706401702,G042950E43105N,Kvitlodi,0.7,0.6340000000000003,0.6538,3441.6667,3460.164
2015-09-03,3551.0,10.88895706401702,G042950E43105N,Kvitlodi,1.0,0.9609999999999997,0.9727,3438.8,3460.7172
2015-09-06,3483.0,10.88895706401702,G042950E43105N,Kvitlodi,1.0,0.1,0.37,3428.3333,3450.7814
2015-09-07,3454.0,10.88895706401702,G042950E43105N,Kvitlodi,1.0,0.16900000000000037,0.4183,3455.4,3471.7449
2015-09-15,3376.0,10.88895706401702,G042950E43105N,Kvitlodi,1.0,0.1,0.37,3430.0,3430.7585
2015-09-23,3407.0,10.88895706401702,G042950E43105N,Kvitlodi,1.0,0.1,0.37,3391.5,3391.5
2015-10-09,2890.0,10.88895706401702,G042950E43105N,Kvitlodi,1.0,0.1,0.37,3062.6667,2764.8299
2015-10-16,2628.0,10.88895706401702,G042950E43105N,Kvitlodi,1.0,1.0,1.0,3062.6667,2764.8299
2015-10-17,3670.0,10.88895706401702,G042950E43105N,Kvitlodi,0.1,0.1,0.1,3062.6667,2764.8299
2016-05-03,3400.0,10.88895706401702,G042950E43105N,Kvitlodi,1.0,0.1,0.37,3400.0,3400.0
2016-06-12,2643.0,10.88895706401702,G042950E43105N,Kvitlodi,1.0,1.0,1.0,2720.25,2720.8512
2016-06-12,2643.0,10.88895706401702,G042950E43105N,Kvitlodi,1.0,0.1,0.37,2828.0,2740.3148
2016-06-13,2787.0,10.88895706401702,G042950E43105N,Kvitlodi,0.1,0.37840000000000007,0.2949,2818.0,2741.2811
2016-06-19,2808.0,10.88895706401702,G042950E43105N,Kvitlodi,1.0,1.0,1.0,2818.0,2741.2811
2016-06-21,3259.0,10.88895706401702,G042950E43105N,Kvitlodi,0.1,0.1,0.1,2818.0,2741.2811
2016-06-22,2768.0,10.88895706401702,G042950E43105N,Kvitlodi,0.1,0.1,0.1,2853.0,2793.9816
2016-07-06,3060.0,10.88895706401702,G042950E43105N,Kvitlodi,1.0,0.1,0.37,3174.6667,3159.7178
2016-07-07,3285.0,10.88895706401702,G042950E43105N,Kvitlodi,0.1,0.1,0.1,3174.6667,3159.7178
2016-07-09,3107.0,10.88895706401702,G042950E43105N,Kvitlodi,0.265,1.0,0.7795,3174.6667,3159.7178
2016-07-12,3218.0,10.88895706401702,G042950E43105N,Kvitlodi,1.0,0.1,0.37,3174.6667,3159.7178
2016-07-14,3195.0,10.88895706401702,G042950E43105N,Kvitlodi,1.0,1.0,1.0,3200.375,3180.6154
2016-07-15,3183.0,10.88895706401702,G042950E43105N,Kvitlodi,1.0,0.1,0.37,3200.375,3180.6154
2016-07-22,3400.0,10.88895706401702,G042950E43105N,Kvitlodi,1.0,0.1,0.37,3237.1429,3230.0661
2016-07-23,3155.0,10.88895706401702,G042950E43105N,Kvitlodi,0.1,1.0,0.73,3240.3333,3231.0649
2016-07-29,3251.0,10.88895706401702,G042950E43105N,Kvitlodi,1.0,1.0,1.0,3266.0,3248.4355
2016-07-30,3258.0,10.88895706401702,G042950E43105N,Kvitlodi,1.0,1.0,1.0,3266.0,3248.4355
2016-08-16,3339.0,10.88895706401702,G042950E43105N,Kvitlodi,1.0,0.1,0.37,3304.3333,3304.3333
2016-08-23,3284.0,10.88895706401702,G042950E43105N,Kvitlodi,1.0,0.1,0.37,3298.25,3298.25
2016-08-24,3290.0,10.88895706401702,G042950E43105N,Kvitlodi,1.0,0.1,0.37,3298.25,3298.25
2016-09-01,3280.0,10.88895706401702,G042950E43105N,Kvitlodi,1.0,0.1,0.37,3273.1667,3269.0789
2016-09-07,3243.0,10.88895706401702,G042950E43105N,Kvitlodi,1.0,0.7959999999999997,0.8572,3244.0,3240.8658
2016-09-08,3267.0,10.88895706401702,G042950E43105N,Kvitlodi,1.0,0.1,0.37,3244.0,3240.8658
2016-09-09,3275.0,10.88895706401702,G042950E43105N,Kvitlodi,1.0,0.9759999999999996,0.9832,3244.0,3240.8658
2016-09-16,3155.0,10.88895706401702,G042950E43105N,Kvitlodi,1.0,0.5620000000000002,0.6934,3244.2,3240.9789
2016-09-20,3281.0,10.88895706401702,G042950E43105N,Kvitlodi,1.0,0.1,0.37,3270.0,3244.054
2016-09-27,3374.0,10.88895706401702,G042950E43105N,Kvitlodi,1.0,0.1,0.37,3255.4,3113.6477
2016-09-30,3249.0,10.88895706401702,G042950E43105N,Kvitlodi,0.9750000000000001,0.1,0.3625,3252.1667,3130.172
2016-10-02,2675.0,10.88895706401702,G042950E43105N,Kvitlodi,0.1,1.0,0.73,3252.6667,3130.646
2016-10-03,3698.0,10.88895706401702,G042950E43105N,Kvitlodi,0.1,0.23319999999999996,0.1932,3252.6667,3130.646
2016-10-07,3236.0,10.88895706401702,G042950E43105N,Kvitlodi,0.1,0.40900000000000036,0.3163,3252.6667,3130.646
2016-10-11,3284.0,10.88895706401702,G042950E43105N,Kvitlodi,1.0,0.1,0.37,3298.7143,3251.3093
2016-10-17,3283.0,10.88895706401702,G042950E43105N,Kvitlodi,1.0,0.9670000000000001,0.9769,3343.6,3385.4362
2016-10-18,3656.0,10.88895706401702,G042950E43105N,Kvitlodi,0.1,1.0,0.73,3451.8,3446.4196
2016-10-19,3259.0,10.88895706401702,G042950E43105N,Kvitlodi,0.1,0.1,0.1,3381.6667,3325.4999
2016-10-27,3777.0,10.88895706401702,G042950E43105N,Kvitlodi,0.62875,0.1,0.2586,3401.2,3330.5089
2016-10-27,3031.0,10.88895706401702,G042950E43105N,Kvitlodi,1.0,1.0,1.0,3430.75,3352.7302
2017-06-04,2588.0,10.88895706401702,G042950E43105N,Kvitlodi,1.0,1.0,1.0,2947.3333,2665.153
2017-06-07,3613.0,10.88895706401702,G042950E43105N,Kvitlodi,0.1,0.1,0.1,2947.3333,2665.153
2017-06-08,2641.0,10.88895706401702,G042950E43105N,Kvitlodi,0.1,1.0,0.73,2868.25,2659.4091
2017-06-17,2631.0,10.88895706401702,G042950E43105N,Kvitlodi,1.0,0.1,0.37,2865.0,2719.5938
2017-06-24,2759.0,10.88895706401702,G042950E43105N,Kvitlodi,1.0,1.0,1.0,2797.25,2786.1996
2017-06-24,2681.0,10.88895706401702,G042950E43105N,Kvitlodi,1.0,1.0,1.0,2797.25,2786.1996
2017-07-02,3118.0,10.88895706401702,G042950E43105N,Kvitlodi,0.780625,0.4827999999999997,0.5721,2946.6,2929.2241
2017-07-04,3134.0,10.88895706401702,G042950E43105N,Kvitlodi,1.0,0.9574000000000004,0.9702,2993.5,2977.2788
2017-07-10,3041.0,10.88895706401702,G042950E43105N,Kvitlodi,1.0,1.0,1.0,3136.8333,3120.3719
2017-07-17,3220.0,10.88895706401702,G042950E43105N,Kvitlodi,1.0,0.1,0.37,3143.6,3124.7792
2017-07-17,3123.0,10.88895706401702,G042950E43105N,Kvitlodi,1.0,1.0,1.0,3149.8333,3136.4833
2017-07-18,3185.0,10.88895706401702,G042950E43105N,Kvitlodi,0.67,0.3322000000000003,0.4335,3149.8333,3136.4833
2017-07-19,3149.0,10.88895706401702,G042950E43105N,Kvitlodi,1.0,1.0,1.0,3149.8333,3136.4833
2017-07-26,3181.0,10.88895706401702,G042950E43105N,Kvitlodi,1.0,1.0,1.0,3204.0,3198.9677
2017-08-02,3257.0,10.88895706401702,G042950E43105N,Kvitlodi,1.0,1.0,1.0,3246.6667,3241.9015
2017-08-03,3273.0,10.88895706401702,G042950E43105N,Kvitlodi,1.0,0.32619999999999977,0.5283,3249.7143,3246.3262
2017-08-03,3244.0,10.88895706401702,G042950E43105N,Kvitlodi,1.0,1.0,1.0,3249.7143,3246.3262
2017-08-08,3261.0,10.88895706401702,G042950E43105N,Kvitlodi,1.0,1.0,1.0,3263.0,3262.0935
2017-08-10,3264.0,10.88895706401702,G042950E43105N,Kvitlodi,1.0,0.1,0.37,3263.0,3262.0935
2017-08-11,3268.0,10.88895706401702,G042950E43105N,Kvitlodi,1.0,1.0,1.0,3263.0,3262.0935
2017-08-13,3274.0,10.88895706401702,G042950E43105N,Kvitlodi,1.0,1.0,1.0,3262.2,3261.9405
2017-08-23,3310.0,10.88895706401702,G042950E43105N,Kvitlodi,1.0,0.1,0.37,3301.0,3291.9496
2017-08-26,3273.0,10.88895706401702,G042950E43105N,Kvitlodi,1.0,0.1,0.37,3307.0,3309.3991
2017-08-27,3347.0,10.88895706401702,G042950E43105N,Kvitlodi,0.49,0.26439999999999975,0.3321,3307.0,3309.3991
2017-09-03,3320.0,10.88895706401702,G042950E43105N,Kvitlodi,1.0,0.8902000000000001,0.9231,3306.8333,3313.8264
2017-09-04,3285.0,10.88895706401702,G042950E43105N,Kvitlodi,1.0,0.1,0.37,3301.7143,3303.7878
2017-09-11,3277.0,10.88895706401702,G042950E43105N,Kvitlodi,1.0,0.1,0.37,3379.7143,3392.6429
2017-09-12,3339.0,10.88895706401702,G042950E43105N,Kvitlodi,0.67,1.0,0.901,3384.625,3393.1362
2017-09-12,3271.0,10.88895706401702,G042950E43105N,Kvitlodi,1.0,1.0,1.0,3384.625,3393.1362
2017-09-17,3583.0,10.88895706401702,G042950E43105N,Kvitlodi,0.664,0.9508000000000004,0.8648,3424.1429,3426.1555
2017-09-19,3583.0,10.88895706401702,G042950E43105N,Kvitlodi,1.0,0.7347999999999999,0.8144,3424.1429,3426.1555
2017-09-20,3419.0,10.88895706401702,G042950E43105N,Kvitlodi,0.1,0.1,0.1,3424.1429,3426.1555
2017-09-22,3497.0,10.88895706401702,G042950E43105N,Kvitlodi,1.0,0.1,0.37,3470.6,3468.6154
2017-10-05,2650.0,10.88895706401702,G042950E43105N,Kvitlodi,0.6226923076923077,1.0,0.8868,3167.8,3059.0672
2017-10-06,3609.0,10.88895706401702,G042950E43105N,Kvitlodi,0.1,0.3874000000000004,0.3012,3167.8,3059.0672
2017-10-07,3246.0,10.88895706401702,G042950E43105N,Kvitlodi,0.1,1.0,0.73,3167.8,3059.0672
2017-10-13,3676.0,10.88895706401702,G042950E43105N,Kvitlodi,0.5249999999999999,0.1,0.2275,3182.5,3135.4922
2017-10-14,2658.0,10.88895706401702,G042950E43105N,Kvitlodi,0.1,0.24099999999999966,0.1987,3182.5,3135.4922
2017-10-20,2640.0,10.88895706401702,G042950E43105N,Kvitlodi,1.0,0.1,0.37,3191.0,3263.864
2017-10-21,3607.0,10.88895706401702,G042950E43105N,Kvitlodi,0.1,0.9832,0.7182,3191.0,3263.864
2017-10-22,3374.0,10.88895706401702,G042950E43105N,Kvitlodi,0.1,0.1,0.1,3191.0,3263.864
2018-05-01,2587.0,10.88895706401702,G042950E43105N,Kvitlodi,1.0,1.0,1.0,2751.0,2637.2693
2018-05-05,2915.0,10.88895706401702,G042950E43105N,Kvitlodi,0.37,0.1,0.181,2751.0,2637.2693
2018-05-15,3305.0,10.88895706401702,G042950E43105N,Kvitlodi,1.0,0.4,0.58,2888.6,2883.7414
2018-05-17,2705.0,10.88895706401702,G042950E43105N,Kvitlodi,0.1,1.0,0.73,2871.2,2869.506
2018-05-18,2747.0,10.88895706401702,G042950E43105N,Kvitlodi,0.97,0.39700000000000013,0.5689,2871.2,2869.506
2018-05-18,2771.0,10.88895706401702,G042950E43105N,Kvitlodi,1.0,0.1,0.37,2871.2,2869.506
2018-05-25,2828.0,10.88895706401702,G042950E43105N,Kvitlodi,1.0,0.47860000000000014,0.635,2937.8333,2878.5691
2018-06-02,3279.0,10.88895706401702,G042950E43105N,Kvitlodi,0.754375,0.1,0.2963,3102.6,2984.7251
2018-06-03,3297.0,10.88895706401702,G042950E43105N,Kvitlodi,1.0,0.1,0.37,3088.5,2986.1558
2018-06-09,2823.0,10.88895706401702,G042950E43105N,Kvitlodi,0.4149999999999999,1.0,0.8245,3160.1667,3109.6172
2018-06-11,3286.0,10.88895706401702,G042950E43105N,Kvitlodi,0.1,0.1,0.1,3160.1667,3109.6172
2018-06-12,3018.0,10.88895706401702,G042950E43105N,Kvitlodi,0.1,0.1,0.1,3160.1667,3109.6172
2018-06-14,3258.0,10.88895706401702,G042950E43105N,Kvitlodi,0.1,1.0,0.73,3087.4,3043.3248
2018-06-22,3052.0,10.88895706401702,G042950E43105N,Kvitlodi,1.0,0.1,0.37,3148.6,3196.0812
2018-06-27,3224.0,10.88895706401702,G042950E43105N,Kvitlodi,1.0,1.0,1.0,3261.5,3231.5665
2018-06-29,3191.0,10.88895706401702,G042950E43105N,Kvitlodi,1.0,0.1341999999999996,0.3939,3261.5,3231.5665
2018-07-05,3579.0,10.88895706401702,G042950E43105N,Kvitlodi,0.6299999999999999,0.1,0.259,3331.3333,3271.7623
2018-07-27,3306.0,10.88895706401702,G042950E43105N,Kvitlodi,1.0,0.1,0.37,3300.0,3298.4051
2018-07-29,3301.0,10.88895706401702,G042950E43105N,Kvitlodi,1.0,1.0,1.0,3370.75,3336.8358
2018-07-29,3293.0,10.88895706401702,G042950E43105N,Kvitlodi,1.0,1.0,1.0,3370.75,3336.8358
2018-08-06,3583.0,10.88895706401702,G042950E43105N,Kvitlodi,1.0,0.1,0.37,3388.3333,3355.7245
2018-08-13,3308.0,10.88895706401702,G042950E43105N,Kvitlodi,1.0,0.1,0.37,3426.0,3457.1869
2018-08-13,3410.0,10.88895706401702,G042950E43105N,Kvitlodi,1.0,0.1,0.37,3405.5714,3449.513
2018-08-14,3435.0,10.88895706401702,G042950E43105N,Kvitlodi,1.0,0.12880000000000025,0.3902,3421.75,3467.1751
2018-08-16,3288.0,10.88895706401702,G042950E43105N,Kvitlodi,0.49749999999999994,0.1,0.2192,3398.7143,3453.6275
2018-08-21,3532.0,10.88895706401702,G042950E43105N,Kvitlodi,0.8680000000000001,1.0,0.9604,3405.8889,3452.6254
2018-08-22,3283.0,10.88895706401702,G042950E43105N,Kvitlodi,0.1,0.13360000000000014,0.1235,3405.8889,3452.6254
2018-08-23,3535.0,10.88895706401702,G042950E43105N,Kvitlodi,0.1,1.0,0.73,3418.125,3469.3791
2018-08-26,3289.0,10.88895706401702,G042950E43105N,Kvitlodi,0.37,0.1,0.181,3419.8571,3477.9906
2018-08-28,3573.0,10.88895706401702,G042950E43105N,Kvitlodi,0.1,0.2709999999999997,0.2197,3409.5,3459.2132
2018-09-02,3439.0,10.88895706401702,G042950E43105N,Kvitlodi,1.0,0.1,0.37,3410.1667,3438.8983
2018-09-05,3223.0,10.88895706401702,G042950E43105N,Kvitlodi,0.52,0.1,0.226,3333.8333,3315.8019
2018-09-06,3402.0,10.88895706401702,G042950E43105N,Kvitlodi,0.1,0.8758000000000004,0.6431,3349.8333,3321.3798
2018-09-12,3077.0,10.88895706401702,G042950E43105N,Kvitlodi,0.7875000000000001,0.45040000000000024,0.5515,3305.2,3292.1399
2018-09-15,3385.0,10.88895706401702,G042950E43105N,Kvitlodi,0.1,0.1,0.1,3293.3333,3291.5099
2018-09-22,3337.0,10.88895706401702,G042950E43105N,Kvitlodi,1.0,0.6916,0.7841,3280.6667,3265.0265
2018-09-22,3336.0,10.88895706401702,G042950E43105N,Kvitlodi,1.0,0.1402000000000001,0.3981,3311.3333,3300.2528
2018-09-25,3285.0,10.88895706401702,G042950E43105N,Kvitlodi,1.0,0.1,0.37,3296.6,3297.1702
2018-09-30,3264.0,10.88895706401702,G042950E43105N,Kvitlodi,1.0,0.1,0.37,3267.8889,3269.5671
2018-10-01,3261.0,10.88895706401702,G042950E43105N,Kvitlodi,1.0,0.7527999999999997,0.827,3267.8889,3269.5671
2018-10-05,3161.0,10.88895706401702,G042950E43105N,Kvitlodi,1.0,0.1,0.37,3249.0,3251.0297
2018-10-07,3246.0,10.88895706401702,G042950E43105N,Kvitlodi,0.9625,1.0,0.9888,3247.125,3249.8989
2018-10-08,3258.0,10.88895706401702,G042950E43105N,Kvitlodi,1.0,0.8043999999999997,0.8631,3248.6667,3251.2387
2018-10-09,3263.0,10.88895706401702,G042950E43105N,Kvitlodi,1.0,0.1,0.37,3249.7,3252.1623
2018-10-12,3254.0,10.88895706401702,G042950E43105N,Kvitlodi,1.0,0.6418,0.7493,3246.5,3249.8876
2018-10-16,3270.0,10.88895706401702,G042950E43105N,Kvitlodi,1.0,0.1,0.37,3258.7143,3256.7842
2018-10-17,3261.0,10.88895706401702,G042950E43105N,Kvitlodi,1.0,0.5338000000000003,0.6737,3258.7143,3256.7842
2018-10-17,3259.0,10.88895706401702,G042950E43105N,Kvitlodi,1.0,0.6484000000000001,0.7539,3260.8333,3259.6052
2018-10-27,2738.0,10.88895706401702,G042950E43105N,Kvitlodi,0.8185,0.9597999999999999,0.9174,2998.5,2973.0158
2019-05-05,3412.0,10.88895706401702,G042950E43105N,Kvitlodi,1.0,0.1,0.37,3412.0,3412.0
2019-05-15,2606.0,10.88895706401702,G042950E43105N,Kvitlodi,0.3910000000000001,1.0,0.8173,2907.3333,2820.782
2019-05-18,2704.0,10.88895706401702,G042950E43105N,Kvitlodi,1.0,0.1,0.37,2655.0,2636.5399
2019-05-29,2665.0,10.88895706401702,G042950E43105N,Kvitlodi,1.0,1.0,1.0,2876.6667,2724.5869
2019-05-30,2689.0,10.88895706401702,G042950E43105N,Kvitlodi,1.0,1.0,1.0,2876.6667,2724.5869
2019-06-06,3276.0,10.88895706401702,G042950E43105N,Kvitlodi,0.3421428571428571,0.1,0.1726,3044.7143,2975.5026
2019-06-09,3289.0,10.88895706401702,G042950E43105N,Kvitlodi,1.0,1.0,1.0,3108.0,3052.5294
2019-06-13,3286.0,10.88895706401702,G042950E43105N,Kvitlodi,1.0,0.1,0.37,3185.4286,3161.5335
2019-06-14,3057.0,10.88895706401702,G042950E43105N,Kvitlodi,0.1,1.0,0.73,3185.4286,3161.5335
2019-06-14,3051.0,10.88895706401702,G042950E43105N,Kvitlodi,1.0,0.655,0.7585,3185.4286,3161.5335
2019-06-19,3278.0,10.88895706401702,G042950E43105N,Kvitlodi,0.919,0.1,0.3457,3146.6,3111.3585
2019-06-21,3061.0,10.88895706401702,G042950E43105N,Kvitlodi,0.1,1.0,0.73,3146.6,3111.3585
2019-07-04,3250.0,10.88895706401702,G042950E43105N,Kvitlodi,1.0,0.1,0.37,3262.75,3260.3799
2019-07-07,3241.0,10.88895706401702,G042950E43105N,Kvitlodi,1.0,0.35860000000000014,0.551,3262.75,3260.3799
2019-07-08,3262.0,10.88895706401702,G042950E43105N,Kvitlodi,1.0,0.1,0.37,3262.75,3260.3799
2019-07-09,3298.0,10.88895706401702,G042950E43105N,Kvitlodi,1.0,0.1,0.37,3262.75,3260.3799
2019-07-19,3502.0,10.88895706401702,G042950E43105N,Kvitlodi,1.0,0.1,0.37,3400.0,3400.0
2019-07-29,3289.0,10.88895706401702,G042950E43105N,Kvitlodi,1.0,1.0,1.0,3358.75,3336.2182
2019-08-01,3317.0,10.88895706401702,G042950E43105N,Kvitlodi,1.0,0.3675999999999996,0.5573,3359.8333,3381.222
2019-08-03,3327.0,10.88895706401702,G042950E43105N,Kvitlodi,1.0,0.1,0.37,3359.8333,3381.222
2019-08-08,3493.0,10.88895706401702,G042950E43105N,Kvitlodi,1.0,1.0,1.0,3384.2857,3407.5693
2019-08-08,3447.0,10.88895706401702,G042950E43105N,Kvitlodi,1.0,1.0,1.0,3405.7143,3436.4299
2019-08-09,3286.0,10.88895706401702,G042950E43105N,Kvitlodi,0.1,0.39939999999999976,0.3096,3405.7143,3436.4299
2019-08-13,3531.0,10.88895706401702,G042950E43105N,Kvitlodi,0.6812499999999999,1.0,0.9044,3439.2,3466.298
2019-08-17,3439.0,10.88895706401702,G042950E43105N,Kvitlodi,1.0,0.1,0.37,3507.1429,3541.7643
2019-08-23,3661.0,10.88895706401702,G042950E43105N,Kvitlodi,1.0,1.0,1.0,3558.6667,3626.1135
2019-08-24,3693.0,10.88895706401702,G042950E43105N,Kvitlodi,1.0,1.0,1.0,3534.3333,3633.7263
2019-08-28,3712.0,10.88895706401702,G042950E43105N,Kvitlodi,1.0,1.0,1.0,3553.4,3655.272
2019-09-01,3316.0,10.88895706401702,G042950E43105N,Kvitlodi,0.11499999999999999,0.1,0.1045,3505.1667,3616.2923
2019-09-02,3385.0,10.88895706401702,G042950E43105N,Kvitlodi,0.565,0.1,0.2395,3505.1667,3616.2923
2019-09-09,3264.0,10.88895706401702,G042950E43105N,Kvitlodi,1.0,0.1,0.37,3272.8,3229.1487
2019-09-12,3279.0,10.88895706401702,G042950E43105N,Kvitlodi,1.0,1.0,1.0,3262.0,3225.6706
2019-09-18,3120.0,10.88895706401702,G042950E43105N,Kvitlodi,1.0,1.0,1.0,3057.25,3058.0194
2019-09-22,2566.0,10.88895706401702,G042950E43105N,Kvitlodi,0.1,1.0,0.73,2959.0,3011.1129
2019-09-30,2871.0,10.88895706401702,G042950E43105N,Kvitlodi,1.0,0.1,0.37,2929.8,2899.3889
2019-10-02,2913.0,10.88895706401702,G042950E43105N,Kvitlodi,1.0,1.0,1.0,2916.1667,2894.4239
2019-10-03,3158.0,10.88895706401702,G042950E43105N,Kvitlodi,0.1,0.1,0.1,2986.2,2983.6296
2019-10-04,3141.0,10.88895706401702,G042950E43105N,Kvitlodi,1.0,0.8391999999999996,0.8874,2986.2,2983.6296
2019-10-10,2848.0,10.88895706401702,G042950E43105N,Kvitlodi,0.8674999999999999,0.1,0.3302,3014.3333,3029.5096
2019-10-17,3155.0,10.88895706401702,G042950E43105N,Kvitlodi,0.9421428571428572,1.0,0.9826,3112.25,3135.473
2019-10-20,3283.0,10.88895706401702,G042950E43105N,Kvitlodi,0.9600000000000001,0.1,0.358,3211.5714,3202.5239
2019-10-22,3163.0,10.88895706401702,G042950E43105N,Kvitlodi,0.7,0.8895999999999997,0.8327,3272.1667,3240.3585
2019-10-27,3445.0,10.88895706401702,G042950E43105N,Kvitlodi,0.754,0.3208000000000004,0.4508,3272.1667,3240.3585
2019-10-27,3352.0,10.88895706401702,G042950E43105N,Kvitlodi,1.0,0.1,0.37,3295.6,3280.0806
2019-10-28,3235.0,10.88895706401702,G042950E43105N,Kvitlodi,0.1,0.1,0.1,3295.6,3280.0806
2020-05-14,2551.0,10.88895706401702,G042950E43105N,Kvitlodi,1.0,1.0,1.0,2611.6667,2613.9705
2020-05-14,2603.0,10.88895706401702,G042950E43105N,Kvitlodi,1.0,0.1,0.37,2611.6667,2613.9705
2020-05-19,2681.0,10.88895706401702,G042950E43105N,Kvitlodi,1.0,1.0,1.0,2630.75,2623.9672
2020-05-27,2688.0,10.88895706401702,G042950E43105N,Kvitlodi,1.0,0.1,0.37,2907.3333,2911.2475
2020-05-29,3353.0,10.88895706401702,G042950E43105N,Kvitlodi,0.1,0.9688000000000002,0.7082,2875.2,2878.613
2020-06-06,2831.0,10.88895706401702,G042950E43105N,Kvitlodi,0.62125,0.1,0.2564,3005.6667,3056.5186
2020-06-07,2823.0,10.88895706401702,G042950E43105N,Kvitlodi,1.0,1.0,1.0,3069.2,3096.2423
2020-06-08,3072.0,10.88895706401702,G042950E43105N,Kvitlodi,0.1,0.6256000000000003,0.4679,3074.8333,3097.7669
2020-06-08,3267.0,10.88895706401702,G042950E43105N,Kvitlodi,1.0,1.0,1.0,3019.2,3049.2327
2020-06-16,3103.0,10.88895706401702,G042950E43105N,Kvitlodi,1.0,1.0,1.0,3088.8571,3090.0744
2020-06-23,3099.0,10.88895706401702,G042950E43105N,Kvitlodi,1.0,1.0,1.0,3139.0,3130.7971
2020-06-23,3166.0,10.88895706401702,G042950E43105N,Kvitlodi,1.0,0.9958000000000004,0.9971,3140.4286,3132.9691
2020-06-24,3092.0,10.88895706401702,G042950E43105N,Kvitlodi,0.49,0.5686000000000002,0.545,3149.625,3144.3121
2020-06-26,3221.0,10.88895706401702,G042950E43105N,Kvitlodi,0.6325000000000001,0.1,0.2598,3156.2857,3152.0485
2020-06-28,3153.0,10.88895706401702,G042950E43105N,Kvitlodi,1.0,1.0,1.0,3156.2857,3152.0485
2020-07-02,3149.0,10.88895706401702,G042950E43105N,Kvitlodi,1.0,0.5008000000000005,0.6506,3178.7778,3164.883
2020-07-03,3214.0,10.88895706401702,G042950E43105N,Kvitlodi,0.625,1.0,0.8875,3188.75,3177.8521
2020-07-08,3257.0,10.88895706401702,G042950E43105N,Kvitlodi,1.0,0.1,0.37,3206.2,3192.3109
2020-07-11,3258.0,10.88895706401702,G042950E43105N,Kvitlodi,1.0,0.1,0.37,3239.6667,3242.4942
2020-07-18,3273.0,10.88895706401702,G042950E43105N,Kvitlodi,1.0,1.0,1.0,3280.7143,3280.4805
2020-07-18,3287.0,10.88895706401702,G042950E43105N,Kvitlodi,1.0,1.0,1.0,3284.6667,3282.977
2020-07-23,3327.0,10.88895706401702,G042950E43105N,Kvitlodi,1.0,0.1,0.37,3293.5,3292.0438
2020-07-25,3278.0,10.88895706401702,G042950E43105N,Kvitlodi,1.0,0.1,0.37,3292.8571,3291.4693
2020-07-26,3285.0,10.88895706401702,G042950E43105N,Kvitlodi,1.0,0.1,0.37,3292.8571,3291.4693
2020-07-28,3311.0,10.88895706401702,G042950E43105N,Kvitlodi,1.0,1.0,1.0,3295.2857,3295.5099
2020-08-03,3289.0,10.88895706401702,G042950E43105N,Kvitlodi,1.0,0.9375999999999995,0.9563,3295.6667,3298.894
2020-08-05,3290.0,10.88895706401702,G042950E43105N,Kvitlodi,1.0,0.1,0.37,3299.2,3301.2311
2020-08-07,3321.0,10.88895706401702,G042950E43105N,Kvitlodi,1.0,0.44500000000000006,0.6115,3316.4,3310.8508
2020-08-15,3371.0,10.88895706401702,G042950E43105N,Kvitlodi,1.0,0.1,0.37,3413.0,3423.4005
2020-08-17,3523.0,10.88895706401702,G042950E43105N,Kvitlodi,0.45999999999999996,0.1,0.208,3426.5,3422.3929
2020-08-18,3394.0,10.88895706401702,G042950E43105N,Kvitlodi,0.1,0.1,0.1,3450.8333,3452.6109
2020-08-19,3579.0,10.88895706401702,G042950E43105N,Kvitlodi,0.1,1.0,0.73,3438.4286,3442.9075
2020-08-26,3371.0,10.88895706401702,G042950E43105N,Kvitlodi,1.0,1.0,1.0,3447.75,3463.3159
2020-08-27,3467.0,10.88895706401702,G042950E43105N,Kvitlodi,0.15999999999999992,1.0,0.748,3457.5556,3471.0141
2020-08-27,3364.0,10.88895706401702,G042950E43105N,Kvitlodi,1.0,0.1258000000000004,0.3881,3449.375,3468.7027
2020-09-01,3521.0,10.88895706401702,G042950E43105N,Kvitlodi,1.0,1.0,1.0,3437.0,3449.7201
2020-09-03,3363.0,10.88895706401702,G042950E43105N,Kvitlodi,0.4149999999999999,0.1,0.1945,3504.75,3510.8667
2020-09-04,3536.0,10.88895706401702,G042950E43105N,Kvitlodi,0.1,0.6963999999999999,0.5175,3529.1111,3525.4387
2020-09-11,3708.0,10.88895706401702,G042950E43105N,Kvitlodi,1.0,0.3627999999999998,0.554,3606.0,3615.9431
2020-09-11,3708.0,10.88895706401702,G042950E43105N,Kvitlodi,1.0,0.4852000000000001,0.6396,3603.4286,3624.2378
2020-09-12,3724.0,10.88895706401702,G042950E43105N,Kvitlodi,1.0,0.1,0.37,3588.75,3602.4882
2020-09-16,3682.0,10.88895706401702,G042950E43105N,Kvitlodi,1.0,0.34240000000000037,0.5397,3635.1667,3626.8112
2020-09-20,3503.0,10.88895706401702,G042950E43105N,Kvitlodi,0.92875,0.44560000000000033,0.5905,3635.1667,3626.8112
2020-09-21,3486.0,10.88895706401702,G042950E43105N,Kvitlodi,1.0,0.4797999999999999,0.6359,3620.6,3610.6067
2020-10-06,3483.0,10.88895706401702,G042950E43105N,Kvitlodi,1.0,0.1,0.37,3336.25,3322.8347
2020-10-11,3287.0,10.88895706401702,G042950E43105N,Kvitlodi,1.0,0.7395999999999998,0.8177,3329.2,3317.7955
2020-10-13,3307.0,10.88895706401702,G042950E43105N,Kvitlodi,1.0,0.4438000000000003,0.6107,3351.5714,3281.2914
2020-10-14,3268.0,10.88895706401702,G042950E43105N,Kvitlodi,1.0,0.1,0.37,3295.5,3232.8534
2020-10-16,3301.0,10.88895706401702,G042950E43105N,Kvitlodi,1.0,0.5008000000000005,0.6506,3295.5,3232.8534
2020-10-21,3714.0,10.88895706401702,G042950E43105N,Kvitlodi,0.3610000000000001,0.1,0.1783,3271.5,3218.5628
2020-10-21,3101.0,10.88895706401702,G042950E43105N,Kvitlodi,1.0,0.9981999999999999,0.9987,3269.2857,3203.996
2020-10-22,2903.0,10.88895706401702,G042950E43105N,Kvitlodi,0.1,0.7954000000000002,0.5868,3269.2857,3203.996
2020-10-26,3291.0,10.88895706401702,G042950E43105N,Kvitlodi,0.14500000000000002,0.5758000000000004,0.4466,3252.25,3136.2721
2021-05-02,2596.0,10.88895706401702,G042950E43105N,Kvitlodi,1.0,1.0,1.0,2683.0,2642.9927
2021-05-02,2770.0,10.88895706401702,G042950E43105N,Kvitlodi,1.0,0.1,0.37,2683.0,2642.9927
2021-05-14,2446.0,10.88895706401702,G042950E43105N,Kvitlodi,1.0,1.0,1.0,2446.0,2446.0
2021-06-16,3002.0,10.88895706401702,G042950E43105N,Kvitlodi,1.0,0.1,0.37,3065.3333,3077.6082
2021-06-19,3217.0,10.88895706401702,G042950E43105N,Kvitlodi,0.5249999999999999,1.0,0.8575,3114.0,3105.225
2021-06-23,2977.0,10.88895706401702,G042950E43105N,Kvitlodi,0.7,1.0,0.91,3114.0,3105.225
2021-06-26,3231.0,10.88895706401702,G042950E43105N,Kvitlodi,0.32999999999999985,0.1,0.169,3137.6667,3120.3989
2021-06-26,3143.0,10.88895706401702,G042950E43105N,Kvitlodi,1.0,1.0,1.0,3164.8,3133.6478
2021-07-04,3256.0,10.88895706401702,G042950E43105N,Kvitlodi,1.0,0.1,0.37,3307.3333,3239.7197
2021-07-08,3618.0,10.88895706401702,G042950E43105N,Kvitlodi,0.24249999999999994,0.1,0.1427,3367.5,3329.7806
2021-07-12,3274.0,10.88895706401702,G042950E43105N,Kvitlodi,0.30999999999999994,0.14500000000000002,0.1945,3326.5714,3285.8364
2021-07-13,3322.0,10.88895706401702,G042950E43105N,Kvitlodi,0.88,0.1702000000000001,0.3831,3326.5714,3285.8364
2021-07-18,3256.0,10.88895706401702,G042950E43105N,Kvitlodi,1.0,1.0,1.0,3338.3333,3289.4087
2021-07-20,3296.0,10.88895706401702,G042950E43105N,Kvitlodi,1.0,0.1,0.37,3310.8333,3293.5198
2021-07-21,3264.0,10.88895706401702,G042950E43105N,Kvitlodi,1.0,1.0,1.0,3310.8333,3293.5198
2021-07-29,3453.0,10.88895706401702,G042950E43105N,Kvitlodi,1.0,0.1,0.37,3373.5714,3347.6289
2021-08-02,3535.0,10.88895706401702,G042950E43105N,Kvitlodi,1.0,0.1,0.37,3411.0,3393.3687
2021-08-05,3403.0,10.88895706401702,G042950E43105N,Kvitlodi,0.94,0.1,0.352,3411.0,3393.3687
2021-08-06,3315.0,10.88895706401702,G042950E43105N,Kvitlodi,0.2799999999999999,1.0,0.784,3411.0,3393.3687
2021-08-07,3349.0,10.88895706401702,G042950E43105N,Kvitlodi,1.0,0.1,0.37,3411.0,3393.3687
2021-08-17,3591.0,10.88895706401702,G042950E43105N,Kvitlodi,1.0,1.0,1.0,3470.0,3525.6423
2021-08-27,3429.0,10.88895706401702,G042950E43105N,Kvitlodi,1.0,1.0,1.0,3401.2,3464.3353
2021-08-29,3545.0,10.88895706401702,G042950E43105N,Kvitlodi,0.73,0.8524000000000004,0.8157,3353.75,3408.9191
2021-08-30,3378.0,10.88895706401702,G042950E43105N,Kvitlodi,0.1,0.1,0.1,3337.2,3389.7038
2021-08-30,3063.0,10.88895706401702,G042950E43105N,Kvitlodi,1.0,0.1,0.37,3337.2,3389.7038
2021-09-07,3271.0,10.88895706401702,G042950E43105N,Kvitlodi,1.0,0.1,0.37,3292.7143,3315.018
2021-09-09,3250.0,10.88895706401702,G042950E43105N,Kvitlodi,1.0,0.1,0.37,3225.2,3236.8347
2021-09-11,3271.0,10.88895706401702,G042950E43105N,Kvitlodi,1.0,1.0,1.0,3265.75,3267.3175
2021-09-15,3271.0,10.88895706401702,G042950E43105N,Kvitlodi,1.0,0.1,0.37,3265.75,3267.3175
2021-09-26,3589.0,10.88895706401702,G042950E43105N,Kvitlodi,1.0,1.0,1.0,3344.0,3480.145
2021-09-30,3099.0,10.88895706401702,G042950E43105N,Kvitlodi,0.1,0.3652000000000001,0.2856,3208.5,3233.9432
2021-10-08,3450.0,10.88895706401702,G042950E43105N,Kvitlodi,0.941875,0.1,0.3526,3149.4,3050.3895
2021-10-09,2696.0,10.88895706401702,G042950E43105N,Kvitlodi,0.1,1.0,0.73,3212.8333,3074.2104
2021-10-16,3279.0,10.88895706401702,G042950E43105N,Kvitlodi,0.35071428571428565,0.1,0.1752,3159.1429,2960.869
2021-10-16,3223.0,10.88895706401702,G042950E43105N,Kvitlodi,1.0,0.1,0.37,3159.1429,2960.869
2021-10-17,3530.0,10.88895706401702,G042950E43105N,Kvitlodi,0.1,0.1,0.1,3156.25,3002.9666
2021-10-21,2659.0,10.88895706401702,G042950E43105N,Kvitlodi,0.1,1.0,0.73,3184.0,3032.0578
2021-10-24,3277.0,10.88895706401702,G042950E43105N,Kvitlodi,0.1,0.1,0.1,3184.0,3032.0578
2021-10-26,3136.0,10.88895706401702,G042950E43105N,Kvitlodi,0.5425,0.9238000000000002,0.8094,3165.0,3011.5475
2022-05-12,3034.0,10.88895706401702,G042950E43105N,Kvitlodi,1.0,0.1,0.37,3042.4,2930.3445
2022-05-12,3058.0,10.88895706401702,G042950E43105N,Kvitlodi,1.0,0.1,0.37,3071.5,2940.0419
2022-05-13,2695.0,10.88895706401702,G042950E43105N,Kvitlodi,0.1,1.0,0.73,3071.5,2940.0419
2022-05-14,2716.0,10.88895706401702,G042950E43105N,Kvitlodi,1.0,1.0,1.0,3071.5,2940.0419
2022-05-17,3709.0,10.88895706401702,G042950E43105N,Kvitlodi,0.1,0.5086000000000002,0.386,3071.5,2940.0419
2022-05-21,3217.0,10.88895706401702,G042950E43105N,Kvitlodi,0.1,0.1,0.1,3017.3333,2892.4306
2022-05-28,2648.0,10.88895706401702,G042950E43105N,Kvitlodi,0.38071428571428556,1.0,0.8142,3044.6,2984.756
2022-05-29,2752.0,10.88895706401702,G042950E43105N,Kvitlodi,0.1,1.0,0.73,3095.1667,3011.4939
2022-05-29,3327.0,10.88895706401702,G042950E43105N,Kvitlodi,1.0,0.1,0.37,3095.1667,3011.4939
2022-06-05,3279.0,10.88895706401702,G042950E43105N,Kvitlodi,1.0,1.0,1.0,3070.8,3004.9775
2022-06-06,3348.0,10.88895706401702,G042950E43105N,Kvitlodi,0.565,0.1,0.2395,3070.8,3004.9775
2022-06-20,3236.0,10.88895706401702,G042950E43105N,Kvitlodi,1.0,0.1,0.37,3268.25,3204.6277
2022-06-21,3350.0,10.88895706401702,G042950E43105N,Kvitlodi,0.1,0.1,0.1,3289.2,3252.1832
2022-06-28,3079.0,10.88895706401702,G042950E43105N,Kvitlodi,1.0,0.1,0.37,3252.875,3210.723
2022-06-29,3408.0,10.88895706401702,G042950E43105N,Kvitlodi,0.1,0.1,0.1,3255.4444,3219.1645
2022-06-30,3373.0,10.88895706401702,G042950E43105N,Kvitlodi,1.0,0.1,0.37,3254.6,3221.6357
2022-07-02,3247.0,10.88895706401702,G042950E43105N,Kvitlodi,0.655,0.1,0.2665,3245.0,3216.7268
2022-07-03,3109.0,10.88895706401702,G042950E43105N,Kvitlodi,0.1,1.0,0.73,3245.0,3216.7268
2022-07-07,3221.0,10.88895706401702,G042950E43105N,Kvitlodi,1.0,1.0,1.0,3245.4444,3223.597
2022-07-08,3276.0,10.88895706401702,G042950E43105N,Kvitlodi,0.775,0.36939999999999973,0.4911,3244.8,3226.3004
2022-07-08,3247.0,10.88895706401702,G042950E43105N,Kvitlodi,1.0,0.1,0.37,3263.2222,3236.5304
2022-07-15,3249.0,10.88895706401702,G042950E43105N,Kvitlodi,1.0,1.0,1.0,3270.0,3255.1331
2022-07-16,3239.0,10.88895706401702,G042950E43105N,Kvitlodi,1.0,1.0,1.0,3270.0,3255.1331
2022-07-24,3388.0,10.88895706401702,G042950E43105N,Kvitlodi,1.0,0.1,0.37,3287.0,3275.1508
2022-07-28,3258.0,10.88895706401702,G042950E43105N,Kvitlodi,1.0,1.0,1.0,3338.2,3309.7128
2022-07-31,3293.0,10.88895706401702,G042950E43105N,Kvitlodi,1.0,1.0,1.0,3315.7143,3306.659
2022-08-01,3295.0,10.88895706401702,G042950E43105N,Kvitlodi,1.0,1.0,1.0,3328.0,3309.0241
2022-08-05,3457.0,10.88895706401702,G042950E43105N,Kvitlodi,0.9925,0.1,0.3678,3319.4286,3302.3417
2022-08-08,3204.0,10.88895706401702,G042950E43105N,Kvitlodi,0.3350000000000001,0.1,0.1705,3326.75,3316.4234
2022-08-09,3315.0,10.88895706401702,G042950E43105N,Kvitlodi,0.1,1.0,0.73,3326.0,3316.9846
2022-08-10,3414.0,10.88895706401702,G042950E43105N,Kvitlodi,0.11499999999999999,0.1,0.1045,3326.0,3316.9846
2022-08-16,3317.0,10.88895706401702,G042950E43105N,Kvitlodi,1.0,1.0,1.0,3310.625,3312.8588
2022-08-17,3319.0,10.88895706401702,G042950E43105N,Kvitlodi,1.0,1.0,1.0,3313.5556,3317.0609
2022-08-17,3320.0,10.88895706401702,G042950E43105N,Kvitlodi,1.0,1.0,1.0,3328.5,3333.5143
2022-08-22,3292.0,10.88895706401702,G042950E43105N,Kvitlodi,1.0,0.1,0.37,3356.8,3348.9309
2022-08-22,3304.0,10.88895706401702,G042950E43105N,Kvitlodi,1.0,0.1,0.37,3356.8,3348.9309
2022-08-24,3337.0,10.88895706401702,G042950E43105N,Kvitlodi,1.0,1.0,1.0,3356.8,3348.9309
2022-08-25,3463.0,10.88895706401702,G042950E43105N,Kvitlodi,0.1,1.0,0.73,3361.2222,3354.7116
2022-08-25,3341.0,10.88895706401702,G042950E43105N,Kvitlodi,1.0,0.1,0.37,3400.8889,3385.9926
2022-08-27,3446.0,10.88895706401702,G042950E43105N,Kvitlodi,0.8125,0.1,0.3137,3411.0,3402.9639
2022-08-27,3429.0,10.88895706401702,G042950E43105N,Kvitlodi,1.0,0.1,0.37,3411.0,3402.9639
2022-09-02,3676.0,10.88895706401702,G042950E43105N,Kvitlodi,0.9825,0.1,0.3648,3396.6667,3379.4638
2022-09-08,3244.0,10.88895706401702,G042950E43105N,Kvitlodi,0.52,0.1,0.226,3352.1667,3330.9206
2022-09-09,3269.0,10.88895706401702,G042950E43105N,Kvitlodi,1.0,1.0,1.0,3336.5714,3308.9815
2022-09-10,3381.0,10.88895706401702,G042950E43105N,Kvitlodi,0.1,0.1,0.1,3336.5714,3308.9815
2022-09-11,3321.0,10.88895706401702,G042950E43105N,Kvitlodi,0.7,1.0,0.91,3336.5714,3308.9815
2022-09-16,3222.0,10.88895706401702,G042950E43105N,Kvitlodi,1.0,0.1,0.37,3275.7143,3269.6981
2022-09-18,3243.0,10.88895706401702,G042950E43105N,Kvitlodi,1.0,0.9825999999999996,0.9878,3160.8889,3117.0412
2022-09-25,3250.0,10.88895706401702,G042950E43105N,Kvitlodi,1.0,0.1,0.37,3143.8571,3051.277
2022-09-26,2706.0,10.88895706401702,G042950E43105N,Kvitlodi,0.1,1.0,0.73,3143.8571,3051.277
2022-09-26,2812.0,10.88895706401702,G042950E43105N,Kvitlodi,1.0,1.0,1.0,3130.8333,3035.1538
2022-09-30,3567.0,10.88895706401702,G042950E43105N,Kvitlodi,0.1,0.1,0.1,3108.4,2965.0819
2022-10-01,3207.0,10.88895706401702,G042950E43105N,Kvitlodi,0.1,1.0,0.73,3108.4,2965.0819
2022-10-12,2671.0,10.88895706401702,G042950E43105N,Kvitlodi,0.8690909090909091,1.0,0.9607,2755.0,2752.0915
2022-10-19,2823.0,10.88895706401702,G042950E43105N,Kvitlodi,1.0,1.0,1.0,2781.75,2782.9664
2022-10-19,2771.0,10.88895706401702,G042950E43105N,Kvitlodi,1.0,0.1,0.37,2781.75,2782.9664
2022-10-26,2862.0,10.88895706401702,G042950E43105N,Kvitlodi,1.0,0.8722000000000003,0.9105,2818.6667,2830.1342
2023-05-04,2664.0,10.88895706401702,G042950E43105N,Kvitlodi,1.0,1.0,1.0,2664.0,2664.0
2023-05-16,2432.0,10.88895706401702,G042950E43105N,Kvitlodi,1.0,1.0,1.0,2432.0,2432.0
2023-06-08,2679.0,10.88895706401702,G042950E43105N,Kvitlodi,1.0,1.0,1.0,2890.0,2852.022
2023-06-08,2717.0,10.88895706401702,G042950E43105N,Kvitlodi,1.0,1.0,1.0,2890.0,2852.022
2023-06-09,3274.0,10.88895706401702,G042950E43105N,Kvitlodi,0.1,1.0,0.73,2890.0,2852.022
2023-06-23,3258.0,10.88895706401702,G042950E43105N,Kvitlodi,1.0,1.0,1.0,3178.6,3182.2304
2023-06-24,3250.0,10.88895706401702,G042950E43105N,Kvitlodi,1.0,1.0,1.0,3172.6667,3176.1121
2023-06-25,3115.0,10.88895706401702,G042950E43105N,Kvitlodi,0.1,1.0,0.73,3169.2857,3172.0067
2023-06-28,3059.0,10.88895706401702,G042950E43105N,Kvitlodi,1.0,1.0,1.0,3169.2857,3172.0067
2023-07-02,3211.0,10.88895706401702,G042950E43105N,Kvitlodi,1.0,1.0,1.0,3169.2857,3172.0067
2023-07-03,3143.0,10.88895706401702,G042950E43105N,Kvitlodi,0.58,1.0,0.874,3169.2857,3172.0067
2023-07-03,3149.0,10.88895706401702,G042950E43105N,Kvitlodi,1.0,1.0,1.0,3160.0,3158.9123
2023-07-12,3193.0,10.88895706401702,G042950E43105N,Kvitlodi,1.0,0.1,0.37,3202.0,3201.0279
2023-07-13,3200.0,10.88895706401702,G042950E43105N,Kvitlodi,1.0,1.0,1.0,3210.4286,3209.6737
2023-07-17,3241.0,10.88895706401702,G042950E43105N,Kvitlodi,1.0,0.48880000000000023,0.6422,3227.4286,3225.3831
2023-07-18,3221.0,10.88895706401702,G042950E43105N,Kvitlodi,1.0,1.0,1.0,3230.375,3229.491
2023-07-18,3241.0,10.88895706401702,G042950E43105N,Kvitlodi,1.0,0.7911999999999997,0.8538,3232.8889,3232.7399
2023-07-19,3228.0,10.88895706401702,G042950E43105N,Kvitlodi,1.0,1.0,1.0,3232.8889,3232.7399
2023-07-23,3268.0,10.88895706401702,G042950E43105N,Kvitlodi,1.0,0.1,0.37,3243.2857,3240.8278
2023-07-26,3251.0,10.88895706401702,G042950E43105N,Kvitlodi,1.0,1.0,1.0,3245.875,3242.3354
2023-07-27,3253.0,10.88895706401702,G042950E43105N,Kvitlodi,1.0,1.0,1.0,3246.5714,3242.4877
2023-08-03,3264.0,10.88895706401702,G042950E43105N,Kvitlodi,1.0,0.1545999999999998,0.4082,3286.1667,3276.4633
2023-08-07,3266.0,10.88895706401702,G042950E43105N,Kvitlodi,1.0,1.0,1.0,3306.0,3298.2644
2023-08-08,3354.0,10.88895706401702,G042950E43105N,Kvitlodi,0.2799999999999999,0.1,0.154,3303.3333,3296.4105
2023-08-11,3329.0,10.88895706401702,G042950E43105N,Kvitlodi,1.0,1.0,1.0,3315.625,3307.4193
2023-08-13,3317.0,10.88895706401702,G042950E43105N,Kvitlodi,1.0,0.1,0.37,3332.0,3314.4502
2023-08-17,3290.0,10.88895706401702,G042950E43105N,Kvitlodi,1.0,0.7827999999999997,0.848,3340.5,3318.6603
2023-08-19,3380.0,10.88895706401702,G042950E43105N,Kvitlodi,0.925,0.1,0.3475,3345.625,3331.0118
2023-08-20,3325.0,10.88895706401702,G042950E43105N,Kvitlodi,0.775,1.0,0.9325,3343.3333,3330.1235
2023-08-22,3463.0,10.88895706401702,G042950E43105N,Kvitlodi,0.565,0.1,0.2395,3362.1111,3334.9098
2023-08-27,3333.0,10.88895706401702,G042950E43105N,Kvitlodi,1.0,0.9777999999999998,0.9845,3390.5556,3372.5307
2023-08-27,3328.0,10.88895706401702,G042950E43105N,Kvitlodi,1.0,1.0,1.0,3389.8889,3381.0445
2023-08-28,3325.0,10.88895706401702,G042950E43105N,Kvitlodi,1.0,0.9886000000000001,0.992,3389.8889,3381.0445
2023-08-30,3498.0,10.88895706401702,G042950E43105N,Kvitlodi,0.3025,0.1,0.1608,3400.5714,3392.4804
2023-09-01,3573.0,10.88895706401702,G042950E43105N,Kvitlodi,1.0,1.0,1.0,3390.1667,3388.6086
2023-09-05,3284.0,10.88895706401702,G042950E43105N,Kvitlodi,0.51625,0.1,0.2249,3377.5,3366.4246
2023-09-11,3263.0,10.88895706401702,G042950E43105N,Kvitlodi,1.0,0.9766,0.9836,3344.3333,3340.8349
2023-09-12,3416.0,10.88895706401702,G042950E43105N,Kvitlodi,0.1,0.1,0.1,3298.6,3270.2681
2023-09-16,3261.0,10.88895706401702,G042950E43105N,Kvitlodi,1.0,1.0,1.0,3302.25,3269.2605
2023-09-20,3269.0,10.88895706401702,G042950E43105N,Kvitlodi,1.0,0.9736000000000001,0.9815,3350.5,3314.7001
2023-09-26,3472.0,10.88895706401702,G042950E43105N,Kvitlodi,1.0,0.1,0.37,3367.0,3336.6589
2023-09-28,3422.0,10.88895706401702,G042950E43105N,Kvitlodi,1.0,0.6508000000000004,0.7556,3339.3333,3310.5937
2023-10-01,3411.0,10.88895706401702,G042950E43105N,Kvitlodi,1.0,0.1,0.37,3348.5,3323.0614
2023-10-06,3241.0,10.88895706401702,G042950E43105N,Kvitlodi,1.0,0.9868,0.9908,3320.8571,3284.7079
2023-10-06,3221.0,10.88895706401702,G042950E43105N,Kvitlodi,1.0,0.7077999999999997,0.7955,3203.0,3215.0463
2023-10-07,3324.0,10.88895706401702,G042950E43105N,Kvitlodi,0.1,0.1,0.1,3202.125,3212.3264
2023-10-14,3155.0,10.88895706401702,G042950E43105N,Kvitlodi,1.0,1.0,1.0,3167.8889,3186.0384
2023-10-14,2647.0,10.88895706401702,G042950E43105N,Kvitlodi,1.0,0.1,0.37,3192.1,3189.8788
2023-10-15,3196.0,10.88895706401702,G042950E43105N,Kvitlodi,0.1,1.0,0.73,3186.6667,3179.4158
2023-10-16,3301.0,10.88895706401702,G042950E43105N,Kvitlodi,0.1,0.1,0.1,3182.375,3171.2388
2023-10-21,3594.0,10.88895706401702,G042950E43105N,Kvitlodi,0.721,1.0,0.9163,3123.0,3123.0818
2023-10-22,2832.0,10.88895706401702,G042950E43105N,Kvitlodi,0.1,0.9988000000000002,0.7292,3092.7778,3085.31
2023-10-23,3410.0,10.88895706401702,G042950E43105N,Kvitlodi,0.1,0.1,0.1,3068.6,3052.8047
2023-10-30,2849.0,10.88895706401702,G042950E43105N,Kvitlodi,0.3978571428571429,0.7402000000000001,0.6375,3064.5,3032.3473
2023-10-31,2851.0,10.88895706401702,G042950E43105N,Kvitlodi,1.0,0.6268,0.7388,3064.5,3032.3473
2023-10-31,2851.0,10.88895706401702,G042950E43105N,Kvitlodi,1.0,0.7959999999999997,0.8572,2958.6,2864.3118
2024-05-01,3317.0,10.88895706401702,G042950E43105N,Kvitlodi,1.0,0.1,0.37,3317.0,3317.0
2024-05-17,2868.0,10.88895706401702,G042950E43105N,Kvitlodi,1.0,0.1,0.37,2795.2,2816.2859
2024-05-18,2879.0,10.88895706401702,G042950E43105N,Kvitlodi,1.0,0.26319999999999993,0.4842,2795.2,2816.2859
2024-05-18,2973.0,10.88895706401702,G042950E43105N,Kvitlodi,1.0,1.0,1.0,2795.2,2816.2859
2024-05-21,2627.0,10.88895706401702,G042950E43105N,Kvitlodi,0.1,0.1,0.1,2795.2,2816.2859
2024-05-23,2629.0,10.88895706401702,G042950E43105N,Kvitlodi,1.0,1.0,1.0,2795.2,2816.2859
2024-06-02,2660.0,10.88895706401702,G042950E43105N,Kvitlodi,1.0,1.0,1.0,2728.5,2720.6177
2024-06-02,2767.0,10.88895706401702,G042950E43105N,Kvitlodi,1.0,1.0,1.0,2761.6667,2753.6867
2024-06-03,2858.0,10.88895706401702,G042950E43105N,Kvitlodi,0.235,1.0,0.7705,2880.0,2809.2406
2024-06-12,3235.0,10.88895706401702,G042950E43105N,Kvitlodi,0.9716666666666667,0.1,0.3615,3026.2,2982.2791
2024-06-18,3151.0,10.88895706401702,G042950E43105N,Kvitlodi,1.0,1.0,1.0,3276.4,3194.0976
2024-06-19,3120.0,10.88895706401702,G042950E43105N,Kvitlodi,1.0,0.1,0.37,3276.4,3194.0976
2024-06-22,3195.0,10.88895706401702,G042950E43105N,Kvitlodi,1.0,1.0,1.0,3276.4,3194.0976
2024-06-27,3681.0,10.88895706401702,G042950E43105N,Kvitlodi,0.1419999999999999,0.1,0.1126,3271.0,3210.4112
2024-07-04,3238.0,10.88895706401702,G042950E43105N,Kvitlodi,0.6507142857142857,1.0,0.8952,3333.4,3260.8153
2024-07-05,3241.0,10.88895706401702,G042950E43105N,Kvitlodi,1.0,1.0,1.0,3318.8333,3259.1414
2024-07-12,3246.0,10.88895706401702,G042950E43105N,Kvitlodi,1.0,0.2608000000000004,0.4826,3246.4,3244.1203
2024-07-12,3261.0,10.88895706401702,G042950E43105N,Kvitlodi,1.0,0.16360000000000013,0.4145,3246.4,3244.1203
2024-07-13,3246.0,10.88895706401702,G042950E43105N,Kvitlodi,1.0,0.1,0.37,3268.8333,3258.4581
2024-07-22,3381.0,10.88895706401702,G042950E43105N,Kvitlodi,1.0,0.1,0.37,3297.4,3297.6568
2024-07-28,3298.0,10.88895706401702,G042950E43105N,Kvitlodi,1.0,0.1,0.37,3318.0,3313.9486
2024-07-29,3301.0,10.88895706401702,G042950E43105N,Kvitlodi,1.0,1.0,1.0,3318.0,3313.9486
2024-08-05,3315.0,10.88895706401702,G042950E43105N,Kvitlodi,1.0,1.0,1.0,3326.625,3308.2413
2024-08-06,3295.0,10.88895706401702,G042950E43105N,Kvitlodi,1.0,0.1,0.37,3326.625,3308.2413
2024-08-09,3283.0,10.88895706401702,G042950E43105N,Kvitlodi,1.0,0.1,0.37,3332.2857,3311.994
2024-08-11,3507.0,10.88895706401702,G042950E43105N,Kvitlodi,0.1,0.1,0.1,3326.625,3309.481
2024-08-13,3307.0,10.88895706401702,G042950E43105N,Kvitlodi,0.1,1.0,0.73,3333.5556,3315.8516
2024-08-14,3307.0,10.88895706401702,G042950E43105N,Kvitlodi,1.0,0.1,0.37,3333.5556,3315.8516
2024-08-16,3312.0,10.88895706401702,G042950E43105N,Kvitlodi,1.0,0.1,0.37,3335.875,3316.1355
2024-08-19,3287.0,10.88895706401702,G042950E43105N,Kvitlodi,1.0,0.1,0.37,3341.7143,3319.1083
2024-08-21,3389.0,10.88895706401702,G042950E43105N,Kvitlodi,0.835,0.1,0.3205,3346.875,3326.987
2024-08-29,3353.0,10.88895706401702,G042950E43105N,Kvitlodi,1.0,0.1,0.37,3341.8,3346.2027
2024-08-29,3313.0,10.88895706401702,G042950E43105N,Kvitlodi,1.0,0.1,0.37,3383.8,3380.0737
2024-08-30,3367.0,10.88895706401702,G042950E43105N,Kvitlodi,0.79,0.895,0.8635,3383.8,3380.0737
2024-09-07,3497.0,10.88895706401702,G042950E43105N,Kvitlodi,1.0,0.1,0.37,3449.0,3420.9897
2024-09-14,3443.0,10.88895706401702,G042950E43105N,Kvitlodi,1.0,0.1,0.37,3488.0,3430.3756
2024-09-15,3591.0,10.88895706401702,G042950E43105N,Kvitlodi,0.1,0.1,0.1,3488.0,3430.3756
2024-09-15,3579.0,10.88895706401702,G042950E43105N,Kvitlodi,1.0,0.1,0.37,3488.0,3430.3756
2024-09-22,3330.0,10.88895706401702,G042950E43105N,Kvitlodi,1.0,1.0,1.0,3408.8333,3335.7276
2024-09-30,3259.0,10.88895706401702,G042950E43105N,Kvitlodi,1.0,0.7774000000000003,0.8442,3213.8,3213.3538
2024-09-30,3251.0,10.88895706401702,G042950E43105N,Kvitlodi,1.0,1.0,1.0,3162.6667,3149.9488
2024-10-01,3316.0,10.88895706401702,G042950E43105N,Kvitlodi,0.625,0.1,0.2575,3172.5714,3157.9269
2024-10-05,2913.0,10.88895706401702,G042950E43105N,Kvitlodi,0.1,1.0,0.73,3146.3333,3118.389
2024-10-09,2907.0,10.88895706401702,G042950E43105N,Kvitlodi,1.0,1.0,1.0,3162.4286,3133.0267
2024-10-10,3232.0,10.88895706401702,G042950E43105N,Kvitlodi,0.1,0.7006000000000003,0.5204,3146.3333,3106.5301
2024-10-16,3259.0,10.88895706401702,G042950E43105N,Kvitlodi,1.0,0.2938000000000003,0.5057,3178.5,3126.5223
2024-10-24,3316.0,10.88895706401702,G042950E43105N,Kvitlodi,1.0,0.30759999999999965,0.5153,3260.3333,3251.269
2024-10-30,3206.0,10.88895706401702,G042950E43105N,Kvitlodi,1.0,0.7474000000000003,0.8232,3261.0,3248.3482
2025-05-05,2741.0,10.88895706401702,G042950E43105N,Kvitlodi,1.0,0.1,0.37,2689.0,2689.0
2025-05-05,2637.0,10.88895706401702,G042950E43105N,Kvitlodi,1.0,0.1,0.37,2689.0,2689.0
2025-05-20,2643.0,10.88895706401702,G042950E43105N,Kvitlodi,1.0,1.0,1.0,2658.25,2658.25
2025-05-21,2647.0,10.88895706401702,G042950E43105N,Kvitlodi,1.0,1.0,1.0,2658.25,2658.25
2025-05-23,2643.0,10.88895706401702,G042950E43105N,Kvitlodi,1.0,1.0,1.0,2658.25,2658.25
2025-05-25,2700.0,10.88895706401702,G042950E43105N,Kvitlodi,1.0,1.0,1.0,2658.25,2658.25
2025-06-04,2758.0,10.88895706401702,G042950E43105N,Kvitlodi,1.0,1.0,1.0,3034.5,3012.5723
2025-06-05,3279.0,10.88895706401702,G042950E43105N,Kvitlodi,0.1,1.0,0.73,3101.4,3087.1718
2025-06-06,3173.0,10.88895706401702,G042950E43105N,Kvitlodi,0.1,1.0,0.73,3101.4,3087.1718
2025-06-07,3073.0,10.88895706401702,G042950E43105N,Kvitlodi,0.1,1.0,0.73,3101.4,3087.1718
2025-06-13,3224.0,10.88895706401702,G042950E43105N,Kvitlodi,1.0,1.0,1.0,3075.1667,3059.5857
2025-06-22,2944.0,10.88895706401702,G042950E43105N,Kvitlodi,1.0,1.0,1.0,3083.75,3083.4889
2025-06-22,2978.0,10.88895706401702,G042950E43105N,Kvitlodi,1.0,1.0,1.0,3083.75,3083.4889
2025-06-27,3189.0,10.88895706401702,G042950E43105N,Kvitlodi,0.967,1.0,0.9901,3037.0,3036.4967
2025-07-07,3220.0,10.88895706401702,G042950E43105N,Kvitlodi,1.0,0.5109999999999997,0.6577,3167.1667,3164.8633
2025-07-07,3138.0,10.88895706401702,G042950E43105N,Kvitlodi,1.0,0.7186000000000001,0.803,3162.8,3159.5059
2025-07-08,3151.0,10.88895706401702,G042950E43105N,Kvitlodi,1.0,1.0,1.0,3162.8,3159.5059
2025-07-12,3141.0,10.88895706401702,G042950E43105N,Kvitlodi,1.0,1.0,1.0,3162.8,3159.5059
2025-07-14,3164.0,10.88895706401702,G042950E43105N,Kvitlodi,1.0,1.0,1.0,3189.1429,3189.0674
2025-07-22,3252.0,10.88895706401702,G042950E43105N,Kvitlodi,1.0,1.0,1.0,3233.625,3230.6011
2025-07-23,3258.0,10.88895706401702,G042950E43105N,Kvitlodi,1.0,1.0,1.0,3251.375,3249.8684
2025-07-24,3261.0,10.88895706401702,G042950E43105N,Kvitlodi,1.0,1.0,1.0,3255.1111,3254.0657
2025-07-24,3261.0,10.88895706401702,G042950E43105N,Kvitlodi,1.0,1.0,1.0,3273.8889,3274.2569
2025-07-27,3263.0,10.88895706401702,G042950E43105N,Kvitlodi,1.0,1.0,1.0,3275.3,3274.8387
2025-07-30,3269.0,10.88895706401702,G042950E43105N,Kvitlodi,1.0,0.1,0.37,3278.5455,3278.5513
2025-07-31,3283.0,10.88895706401702,G042950E43105N,Kvitlodi,1.0,1.0,1.0,3278.5455,3278.5513
2025-08-01,3285.0,10.88895706401702,G042950E43105N,Kvitlodi,1.0,1.0,1.0,3281.2,3281.5892
2025-08-01,3333.0,10.88895706401702,G042950E43105N,Kvitlodi,1.0,1.0,1.0,3283.7778,3284.637
2025-08-03,3288.0,10.88895706401702,G042950E43105N,Kvitlodi,1.0,0.1,0.37,3290.2857,3292.8728
2025-08-06,3311.0,10.88895706401702,G042950E43105N,Kvitlodi,1.0,1.0,1.0,3303.2857,3308.0574
2025-08-13,3354.0,10.88895706401702,G042950E43105N,Kvitlodi,1.0,0.8806000000000003,0.9164,3342.6,3336.0517
2025-08-16,3441.0,10.88895706401702,G042950E43105N,Kvitlodi,1.0,0.1,0.37,3423.8333,3428.4837
2025-08-17,3319.0,10.88895706401702,G042950E43105N,Kvitlodi,0.1,1.0,0.73,3446.4,3457.7347
2025-08-23,3541.0,10.88895706401702,G042950E43105N,Kvitlodi,1.0,1.0,1.0,3470.0,3480.9037
2025-08-24,3577.0,10.88895706401702,G042950E43105N,Kvitlodi,1.0,1.0,1.0,3486.7143,3501.95
2025-08-31,3543.0,10.88895706401702,G042950E43105N,Kvitlodi,1.0,1.0,1.0,3537.1429,3541.2444
2025-09-01,3515.0,10.88895706401702,G042950E43105N,Kvitlodi,1.0,0.8686000000000001,0.908,3537.1429,3541.2444
2025-09-02,3471.0,10.88895706401702,G042950E43105N,Kvitlodi,0.94,0.1,0.352,3537.1429,3541.2444
2025-09-02,3551.0,10.88895706401702,G042950E43105N,Kvitlodi,1.0,0.1,0.37,3536.5,3541.3055
2025-09-05,3562.0,10.88895706401702,G042950E43105N,Kvitlodi,1.0,0.1,0.37,3507.1667,3515.3092
2025-09-12,3401.0,10.88895706401702,G042950E43105N,Kvitlodi,1.0,0.1,0.37,3459.0,3396.1744
2025-09-15,3281.0,10.88895706401702,G042950E43105N,Kvitlodi,1.0,1.0,1.0,3321.0,3209.5408
2025-09-17,3315.0,10.88895706401702,G042950E43105N,Kvitlodi,1.0,0.1,0.37,3234.7143,3152.007
2025-09-18,3644.0,10.88895706401702,G042950E43105N,Kvitlodi,0.1,0.1,0.1,3234.7143,3152.007
2025-09-22,2723.0,10.88895706401702,G042950E43105N,Kvitlodi,0.1,1.0,0.73,3234.7143,3152.007
2025-09-25,3124.0,10.88895706401702,G042950E43105N,Kvitlodi,0.1,1.0,0.73,3162.1429,3080.783
2025-09-25,3155.0,10.88895706401702,G042950E43105N,Kvitlodi,1.0,1.0,1.0,3134.4286,3038.7918
2025-10-03,2893.0,10.88895706401702,G042950E43105N,Kvitlodi,1.0,1.0,1.0,3079.2,3075.3941
2025-10-04,3087.0,10.88895706401702,G042950E43105N,Kvitlodi,0.1,1.0,0.73,3079.2,3075.3941
2025-10-05,3137.0,10.88895706401702,G042950E43105N,Kvitlodi,0.85,1.0,0.955,3068.0,3065.7653
2025-10-22,2591.0,10.88895706401702,G042950E43105N,Kvitlodi,1.0,1.0,1.0,3099.0,2961.9206
2025-10-30,3607.0,10.88895706401702,G042950E43105N,Kvitlodi,0.1,0.7786000000000001,0.575,3099.0,2961.9206
