glims_ID,sensor,date,meanNIR,meanSensorZenith,clearPixelPercentage,totalPixelCount,clearPixelCount,SCAF
G042432E43372N,Terra,2000-05-21,0.5531201032118923,23.486583962944692,74.8792270531401,207,155,81.3347829404135
G042432E43372N,Terra,2000-05-24,0.4878143915396705,56.35976612627663,75.36231884057972,207,156,77.22378752886836
G042432E43372N,Terra,2000-06-13,0.4887503227863235,32.6275887992407,71.63461538461539,208,149,75.47237546315355
G042432E43372N,Terra,2000-06-15,0.6297216792731304,14.050168761152669,82.6086956521739,207,171,79.95537190082645
G042432E43372N,Terra,2000-07-04,0.44446338175215633,51.97904779984077,83.57487922705315,207,173,79.35072804558199
G042432E43372N,Terra,2000-07-15,0.37604493853774906,32.890374539656015,83.09178743961353,207,172,80.27733140742076
G042432E43372N,Terra,2000-07-16,0.4048543643774515,49.33426269030719,73.42995169082126,207,152,72.20637952440073
G042432E43372N,Terra,2000-07-17,0.38286633226245165,14.335364668362516,96.61835748792271,207,200,82.42296875000001
G042432E43372N,Terra,2000-07-26,0.3819919374065325,3.073300808686738,87.43961352657004,207,181,77.5870908674754
G042432E43372N,Terra,2000-07-29,0.29519567042344985,46.187829074756046,81.15942028985508,207,168,79.13210715713716
G042432E43372N,Terra,2000-07-30,0.3740244278526216,36.70727210600245,92.7536231884058,207,192,75.68715338448682
G042432E43372N,Terra,2000-07-31,0.33604034636087077,32.06940962071448,88.88888888888889,207,184,77.85113268608414
G042432E43372N,Terra,2000-08-20,0.39679128324349183,7.0279727780098105,73.42995169082126,207,152,72.07891156462587
G042432E43372N,Terra,2000-08-23,0.3532871096974701,40.6705918979461,77.29468599033817,207,160,70.75626519151787
G042432E43372N,Terra,2000-09-04,0.5290599197159183,58.85375412885836,85.5072463768116,207,177,72.6480506599527
G042432E43372N,Terra,2000-09-12,0.4006744959775129,4.505380234633066,78.26086956521739,207,162,81.30053939071641
G042432E43372N,Terra,2000-10-07,0.3793983567431144,7.572812938987815,70.04830917874396,207,145,84.29882943143814
G042432E43372N,Terra,2000-10-30,0.29453583845087167,3.030465279623364,77.29468599033817,207,160,78.29738882452544
G042432E43372N,Terra,2001-01-02,0.17220800806623615,3.359733940601575,97.60765550239235,209,204,70.62998102466788
G042432E43372N,Terra,2001-04-10,0.5726812187296066,18.37327461179241,71.01449275362319,207,147,72.81494174091841
G042432E43372N,Terra,2001-05-12,0.6915392422662494,17.990135160788164,82.1256038647343,207,170,74.66869417924238
G042432E43372N,Terra,2001-05-20,0.6613613774184237,52.09140343217296,79.22705314009661,207,164,74.39035296356198
G042432E43372N,Terra,2001-05-22,0.627424331058109,40.42588272143966,72.94685990338165,207,151,81.13674694218642
G042432E43372N,Terra,2001-06-07,0.6158554374131097,40.3782579065265,74.39613526570048,207,154,72.45931778469954
G042432E43372N,Terra,2001-06-13,0.5749687226923835,18.019433539618028,96.1352657004831,207,199,83.95844412368002
G042432E43372N,Terra,2001-06-14,0.5051273832773483,46.57267322221803,72.94685990338165,207,151,83.97918407657829
G042432E43372N,Terra,2001-07-04,0.5148334063782172,13.796163483807291,81.64251207729468,207,169,82.64614320304395
G042432E43372N,Terra,2001-07-22,0.4154890986484538,6.977568244808092,78.74396135265701,207,163,80.93671655397706
G042432E43372N,Terra,2001-07-25,0.4066445379349688,40.62732184213529,80.19323671497585,207,166,81.67963230266658
G042432E43372N,Terra,2001-07-27,0.37235125180766465,24.610317020387992,83.57487922705315,207,173,78.29415786674771
G042432E43372N,Terra,2001-07-29,0.35160022504189614,4.195316450890318,79.22705314009661,207,164,73.32429862101758
G042432E43372N,Terra,2001-07-30,0.3492544874359415,56.81213523672136,99.51690821256038,207,206,75.40249183316874
G042432E43372N,Terra,2001-08-04,0.4183905069786536,49.07459034131907,73.42995169082126,207,152,66.71446668355713
G042432E43372N,Terra,2001-08-05,0.3680709019967869,15.003278788108894,82.1256038647343,207,170,78.46220466459012
G042432E43372N,Terra,2001-08-06,0.4273151663425123,58.844984243896924,92.27053140096618,207,191,69.18400060776419
G042432E43372N,Terra,2001-08-12,0.3472511519664884,24.850756292949633,98.06763285024155,207,203,78.90085846691484
G042432E43372N,Terra,2001-08-13,0.378711298247458,54.311558145715495,71.49758454106279,207,148,68.56180202081595
G042432E43372N,Terra,2001-08-14,0.33337056772908374,4.461740574813015,83.09178743961353,207,172,68.38754764930114
G042432E43372N,Terra,2001-08-17,0.38055381998618837,47.07854626219673,73.42995169082126,207,152,61.99316265289065
G042432E43372N,Terra,2001-08-18,0.385661281739052,35.46385341129129,84.05797101449275,207,174,72.00402794903411
G042432E43372N,Terra,2001-09-10,0.5325726876906428,27.597578685599277,76.81159420289855,207,159,74.51146666666666
G042432E43372N,Terra,2001-09-15,0.3975481033709054,3.4200383461786763,72.46376811594203,207,150,79.86051811896985
G042432E43372N,Terra,2001-09-17,0.4896686689803003,18.066293329283592,75.84541062801932,207,157,74.03537923358245
G042432E43372N,Terra,2001-09-25,0.36674543976515783,52.01545806598594,85.5072463768116,207,177,72.97796854820331
G042432E43372N,Terra,2001-12-04,0.34670211174777393,3.949458772179523,70.33492822966507,209,147,62.04436926051229
G042432E43372N,Terra,2001-12-18,0.26739239813279814,23.478465509061557,86.60287081339713,209,181,47.37239333391499
G042432E43372N,Terra,2002-02-20,0.3232181100424505,23.799584266676817,92.27053140096618,207,191,79.0543189242574
G042432E43372N,Terra,2002-02-25,0.3798917774406708,46.527093093891246,72.94685990338165,207,151,60.30104596993936
G042432E43372N,Terra,2002-04-02,0.5246534895460857,13.724049508333668,90.33816425120773,207,187,73.96369819677317
G042432E43372N,Terra,2002-04-08,0.6593007956302689,43.855666881810215,75.24271844660194,206,155,69.49264839353783
G042432E43372N,Terra,2002-04-29,0.6537903130521928,18.385405102699412,71.49758454106279,207,148,74.71991392153618
G042432E43372N,Terra,2002-05-01,0.6768800254651282,36.41095998329471,72.94685990338165,207,151,74.76807205528382
G042432E43372N,Terra,2002-05-04,0.6552925596038969,13.729639507954003,70.53140096618358,207,146,75.89267100977199
G042432E43372N,Terra,2002-05-09,0.6725244340784721,39.80807054178211,93.23671497584542,207,193,72.42892957532479
G042432E43372N,Terra,2002-05-13,0.6836870137777078,3.149733095409854,84.54106280193237,207,175,78.44190127412833
G042432E43372N,Terra,2002-05-14,0.635054018755458,56.3824951592696,100.0,207,207,75.389500873661
G042432E43372N,Terra,2002-05-18,0.6211160686316392,32.6530619993167,80.19323671497585,207,166,83.2609230264776
G042432E43372N,Terra,2002-05-20,0.6656368493332743,14.122630889555413,85.5072463768116,207,177,77.94269429253643
G042432E43372N,Terra,2002-05-25,0.689141712828279,40.26025342647787,94.68599033816425,207,196,71.32826863177087
G042432E43372N,Terra,2002-05-27,0.6122640329912369,24.120044800485925,81.15942028985508,207,168,85.36101192737218
G042432E43372N,Terra,2002-06-07,0.7004493320039878,7.504350772618559,85.5072463768116,207,177,78.71267519804998
G042432E43372N,Terra,2002-06-16,0.6258668449923963,18.35282300011392,71.01449275362319,207,147,85.15712799167535
G042432E43372N,Terra,2002-06-17,0.5622256331494484,46.37375716617942,91.78743961352657,207,190,85.91734407050063
G042432E43372N,Terra,2002-06-22,0.7181796917119107,59.32926553779574,100.0,207,207,80.53247739876927
G042432E43372N,Terra,2002-06-23,0.640796296376938,7.841175063593921,87.43961352657004,207,181,88.47956989247312
G042432E43372N,Terra,2002-06-24,0.5956015179646731,51.79229564524083,76.32850241545893,207,158,86.09910854745674
G042432E43372N,Terra,2002-06-25,0.6260832640468538,27.913945290254016,72.46376811594203,207,150,90.44186436415457
G042432E43372N,Terra,2002-06-26,0.5900401254491201,40.055633281445786,93.71980676328504,207,194,88.34604573425513
G042432E43372N,Terra,2002-07-09,0.6048951986209349,7.456551311743033,75.84541062801932,207,157,85.0697474392056
G042432E43372N,Terra,2002-07-19,0.45851532939080125,46.62848893276135,72.46376811594203,207,150,82.10172453088201
G042432E43372N,Terra,2002-07-20,0.4899349215357286,36.07788184820985,75.84541062801932,207,157,82.96740864544557
G042432E43372N,Terra,2002-08-13,0.3867294662903992,40.105339990128655,92.27053140096618,207,191,80.60943553901086
G042432E43372N,Terra,2002-08-14,0.41059865395271533,43.433882265841525,81.64251207729468,207,169,73.57450771687067
G042432E43372N,Terra,2002-08-31,0.5485613050570963,23.85029424047989,81.64251207729468,207,169,77.05781356833552
G042432E43372N,Terra,2002-09-04,0.5478810363319483,18.405124909829553,85.5072463768116,207,177,72.92585551330797
G042432E43372N,Terra,2002-09-06,0.506950251210995,36.34618550438515,83.57487922705315,207,173,68.41788321167881
G042432E43372N,Terra,2002-09-14,0.5137364524050833,40.20537321082816,97.58454106280193,207,202,75.33487806730989
G042432E43372N,Terra,2002-10-11,0.32451082992807145,13.414402786742102,80.19323671497585,207,166,80.69196182062004
G042432E43372N,Terra,2002-10-13,0.3475796215321526,8.144559398610436,78.26086956521739,207,162,79.99703714958598
G042432E43372N,Terra,2002-11-04,0.2748803105093911,54.935036619611346,92.85714285714286,210,195,47.44454909347774
G042432E43372N,Terra,2003-01-30,0.09272326575285351,49.65042824074083,72.38095238095238,210,152,62.24468267581474
G042432E43372N,Terra,2003-03-13,0.4798293143307168,2.7560869812825137,75.36231884057972,207,156,74.32480554774622
G042432E43372N,Terra,2003-03-29,0.5589386381270905,3.1597243631117355,71.49758454106279,207,148,75.7802109330972
G042432E43372N,Terra,2003-04-28,0.6478092286699222,23.301801131402097,78.74396135265701,207,163,77.96672491073464
G042432E43372N,Terra,2003-04-30,0.6458768056357549,2.572420365237861,82.6086956521739,207,171,82.26604877307604
G042432E43372N,Terra,2003-05-01,0.5783661856905774,56.142648733816785,82.6086956521739,207,171,75.00159538099217
G042432E43372N,Terra,2003-05-13,0.6114938486876503,43.610120923345576,71.49758454106279,207,148,78.51528641021333
G042432E43372N,Terra,2003-05-14,0.5969203114745826,23.721302631079375,75.36231884057972,207,156,72.9459089873129
G042432E43372N,Terra,2003-05-21,0.6090238978928098,32.63790102129924,70.04830917874396,207,145,78.4299931626529
G042432E43372N,Terra,2003-05-24,0.6167225742523296,59.20385606894716,73.42995169082126,207,152,80.51135759325383
G042432E43372N,Terra,2003-05-25,0.5502511292361851,7.540405482364562,75.84541062801932,207,157,85.61065106738586
G042432E43372N,Terra,2003-06-08,0.5640490216321337,14.257264702532337,79.22705314009661,207,164,84.36822912709869
G042432E43372N,Terra,2003-06-10,0.5483416511293105,7.42633452295076,80.19323671497585,207,166,84.54627095449882
G042432E43372N,Terra,2003-06-11,0.5079932053091274,51.983876001366845,99.51690821256038,207,206,82.06168806503076
G042432E43372N,Terra,2003-06-26,0.5468421800212157,7.652491362618164,73.91304347826086,207,153,78.6727856815053
G042432E43372N,Terra,2003-07-03,0.5391696442399674,3.150883480769965,84.05797101449275,207,174,80.52609587480057
G042432E43372N,Terra,2003-07-04,0.4468698963514181,56.37063461027377,100.0,207,207,77.64635721340122
G042432E43372N,Terra,2003-07-09,0.9244837712487318,49.8200461293139,91.78743961352657,207,190,72.92532154340836
G042432E43372N,Terra,2003-07-10,0.5428436462661693,13.56947796043888,80.67632850241546,207,167,77.33221645166692
G042432E43372N,Terra,2003-07-11,0.5888821214868541,59.44197406887109,83.09178743961353,207,172,74.78067309883765
G042432E43372N,Terra,2003-07-12,0.47007064548834077,8.207359239151074,83.57487922705315,207,173,80.58839170401883
G042432E43372N,Terra,2003-07-14,0.44620635203479997,28.358789247883323,71.98067632850241,207,149,77.66861364026798
G042432E43372N,Terra,2003-08-16,0.36414618090018586,39.42735904931844,87.43961352657004,207,181,77.83772696193876
G042432E43372N,Terra,2003-08-25,0.47691866577613656,31.76351816697671,96.1352657004831,207,199,79.97477778621895
G042432E43372N,Terra,2003-08-27,0.3976715208707543,12.932555905691178,71.01449275362319,207,147,83.18065790473297
G042432E43372N,Terra,2003-08-28,0.4576963626603956,59.74987129351923,73.42995169082126,207,152,75.73096406522083
G042432E43372N,Terra,2003-09-03,0.33312072429644596,22.82415638406924,84.05797101449275,207,174,78.31082580440642
G042432E43372N,Terra,2003-09-14,0.5327879307227102,8.904185428452125,94.68599033816425,207,196,81.26007439553625
G042432E43372N,Terra,2003-09-18,0.6007962144020534,44.11826834731773,76.32850241545893,207,158,70.88022028453418
G042432E43372N,Terra,2003-10-14,0.32317685601945273,13.480876646797542,73.42995169082126,207,152,75.63912350597612
G042432E43372N,Terra,2003-10-30,0.3537177535669113,13.314099309350324,85.71428571428571,210,180,70.12139554434634
G042432E43372N,Terra,2004-05-02,0.6280677645102433,2.931472341394888,81.64251207729468,207,169,81.18964174454828
G042432E43372N,Terra,2004-05-05,0.6411854875930818,46.319012301150494,79.22705314009661,207,164,69.98997189090632
G042432E43372N,Terra,2004-05-07,0.5935266830782404,32.404836174494065,70.53140096618358,207,146,78.87878200155156
G042432E43372N,Terra,2004-05-14,0.6139061746911387,39.989353430274626,74.8792270531401,207,155,74.21157790777178
G042432E43372N,Terra,2004-05-18,0.690574669396973,3.1302207752762086,100.0,205,205,78.42634657752792
G042432E43372N,Terra,2004-05-23,0.6034382952471533,32.51106458103956,73.91304347826086,207,153,82.1525488110613
G042432E43372N,Terra,2004-05-31,0.6675174618970303,43.564021033448505,71.98067632850241,207,149,78.83360455655003
G042432E43372N,Terra,2004-06-16,0.5751550449955843,43.662845020691776,78.74396135265701,207,163,82.26163566788289
G042432E43372N,Terra,2004-06-17,0.5467787481990001,23.62785033600361,89.85507246376811,207,186,86.17777102484237
G042432E43372N,Terra,2004-06-19,0.5458036111658138,2.998457610387637,78.74396135265701,207,163,86.94076496083949
G042432E43372N,Terra,2004-07-03,0.5442718862065514,23.659397661262773,94.68599033816425,207,196,82.230570538631
G042432E43372N,Terra,2004-07-21,0.4890459135112769,3.2827521925661576,73.42995169082126,207,152,80.60466529898945
G042432E43372N,Terra,2004-07-31,0.38394889416692224,51.835824253008774,74.39613526570048,207,154,74.14054546835828
G042432E43372N,Terra,2004-08-02,0.37800713923408585,40.08851323132991,89.3719806763285,207,185,82.67287092608068
G042432E43372N,Terra,2004-08-14,0.509304468404956,59.26187839325718,72.46376811594203,207,150,69.52153764339437
G042432E43372N,Terra,2004-08-17,0.4234589486326219,27.943427047344205,74.8792270531401,207,155,71.16916429162454
G042432E43372N,Terra,2004-08-18,0.3591574147996032,40.01222009187914,81.64251207729468,207,169,77.89652814707893
G042432E43372N,Terra,2004-08-27,0.3064121870735642,32.445284938684146,75.84541062801932,207,157,77.64665733286662
G042432E43372N,Terra,2004-08-29,0.36518001654392135,13.83493678575497,70.53140096618358,207,146,75.013018397256
G042432E43372N,Terra,2004-09-08,0.49327239360348085,56.456377045446025,81.15942028985508,207,168,73.26346577527916
G042432E43372N,Terra,2004-10-11,0.37738692824579245,17.958970537985508,87.92270531400966,207,182,76.10544708653043
G042432E43372N,Terra,2005-01-31,0.24201273578712418,18.77006868548879,86.66666666666667,210,182,51.33016850568813
G042432E43372N,Terra,2005-02-03,0.272282016271379,32.11968047965995,93.80952380952381,210,197,71.28535999999998
G042432E43372N,Terra,2005-04-28,0.6489933543439961,7.79970443069213,75.84541062801932,207,157,81.19752336093599
G042432E43372N,Terra,2005-05-06,0.6665070978397057,56.37684441322759,100.0,207,207,67.06328344602295
G042432E43372N,Terra,2005-05-10,0.623014736702229,32.44364060898302,100.0,207,207,79.4487578819418
G042432E43372N,Terra,2005-05-12,0.6115180257326966,13.77328733057446,88.88888888888889,207,184,85.16584365266277
G042432E43372N,Terra,2005-05-17,0.6531109645785784,39.90933786400399,89.3719806763285,207,185,75.5829977968548
G042432E43372N,Terra,2005-05-18,0.7198945793180134,43.684574395383315,81.15942028985508,207,168,69.89766770493046
G042432E43372N,Terra,2005-05-19,0.6706286030830358,23.580671627624458,99.51690821256038,207,206,73.95927979943782
G042432E43372N,Terra,2005-05-21,0.6091771131783571,2.9049310907779375,94.68599033816425,207,196,86.07961710856189
G042432E43372N,Terra,2005-05-22,0.5775096340028101,56.26829834086331,100.0,207,207,80.11091696421788
G042432E43372N,Terra,2005-06-08,0.6432537191736284,19.061947871976905,75.36231884057972,207,156,80.25754007445111
G042432E43372N,Terra,2005-07-04,0.5099035156991537,39.80816280041001,100.0,207,207,79.08668236724151
G042432E43372N,Terra,2005-07-07,0.5937719755610732,54.99216428110413,77.29468599033817,207,160,75.40423915520778
G042432E43372N,Terra,2005-07-15,0.4340242999503993,13.667532935950483,83.09178743961353,207,172,80.44595536959552
G042432E43372N,Terra,2005-07-16,0.4871229708173036,59.366837389422614,79.71014492753623,207,165,77.56947504368304
G042432E43372N,Terra,2005-07-20,0.5529615816010139,39.89633395345309,71.01449275362319,207,147,73.46677806954725
G042432E43372N,Terra,2005-07-23,0.5838208690479411,54.941633699077364,70.53140096618358,207,146,75.39389943741212
G042432E43372N,Terra,2005-07-27,0.4325927089990126,46.32547249326101,98.06763285024155,207,203,72.79115703107193
G042432E43372N,Terra,2005-07-29,0.48757155492299137,32.381883328904,74.8792270531401,207,155,74.81275937830581
G042432E43372N,Terra,2005-07-30,0.45854502821645776,49.765883480769844,86.47342995169082,207,179,73.45050038491149
G042432E43372N,Terra,2005-07-31,0.4151752366202033,13.718743308402,88.40579710144928,207,183,78.12485558037436
G042432E43372N,Terra,2005-08-07,0.37219144035751134,23.597766430008708,77.29468599033817,207,160,80.91863556939907
G042432E43372N,Terra,2005-08-09,0.4344905680669376,2.9595749648809746,87.43961352657004,207,181,74.27752032211502
G042432E43372N,Terra,2005-08-14,0.43407967047359614,32.35600649227385,72.46376811594203,207,150,62.58083056747351
G042432E43372N,Terra,2005-08-16,0.3511784810126584,13.652464786058696,85.02415458937197,207,176,78.77960951150953
G042432E43372N,Terra,2005-08-23,0.43015905109800934,23.519208208360233,88.88888888888889,207,184,74.42262402187953
G042432E43372N,Terra,2005-09-06,0.5664068594079888,39.7342456053762,87.43961352657004,207,181,74.97006761376588
G042432E43372N,Terra,2005-09-08,0.5038161904032282,23.355931508409554,74.8792270531401,207,155,82.40233989212187
G042432E43372N,Terra,2005-09-15,0.4458697163437975,32.04127320703144,89.85507246376811,207,186,76.75324773987693
G042432E43372N,Terra,2005-10-01,0.4620218740521249,32.31841527772515,81.64251207729468,207,169,77.61391106043331
G042432E43372N,Terra,2005-10-06,0.4417371127848593,51.72301131402115,98.06763285024155,207,203,71.93436146775052
G042432E43372N,Terra,2005-10-07,0.4566867840081631,28.040647708720883,81.15942028985508,207,168,82.00078602620084
G042432E43372N,Terra,2005-10-09,0.5214082967976821,43.59781274915519,73.42995169082126,207,152,70.0869102788118
G042432E43372N,Terra,2005-10-10,0.44617262829758547,23.713129389878144,80.19323671497585,207,166,77.32029172681003
G042432E43372N,Terra,2005-10-13,0.407438613842591,56.37646550742252,100.0,207,207,70.5873281166907
G042432E43372N,Terra,2005-10-21,0.3830949750113586,7.704872242681947,83.09178743961353,207,172,77.99582862605371
G042432E43372N,Terra,2005-10-28,0.3328437562045481,3.436744269884644,82.38095238095238,210,173,75.2999819884726
G042432E43372N,Terra,2005-10-31,0.24973153283192784,46.57104754857312,75.71428571428571,210,159,67.79513321150328
G042432E43372N,Terra,2005-11-02,0.3495147980190882,32.7936008652095,100.0,210,210,71.21162172426888
G042432E43372N,Terra,2005-11-08,0.5745123705243884,27.488826085306574,99.52380952380952,210,209,60.2996576645112
G042432E43372N,Terra,2005-11-23,0.2186256424670736,52.14110010625394,70.95238095238095,210,149,72.4635652531906
G042432E43372N,Terra,2005-12-01,0.19932648983356024,17.557809464177293,86.66666666666667,210,182,73.75053692383942
G042432E43372N,Terra,2005-12-05,0.15371527412385982,49.21428218996095,99.04306220095694,209,207,66.9642260367613
G042432E43372N,Terra,2005-12-06,0.15431045001431504,14.713702818104197,73.20574162679426,209,153,76.07537001897528
G042432E43372N,Terra,2006-02-26,0.31383687804630395,8.458538289228903,74.39613526570048,207,154,72.52534775888718
G042432E43372N,Terra,2006-03-17,0.5297976496416351,39.74830156801715,87.43961352657004,207,181,72.89417306085238
G042432E43372N,Terra,2006-03-28,0.5612831123064083,13.522824518774428,81.64251207729468,207,169,74.80285649168124
G042432E43372N,Terra,2006-04-27,0.6313890801590626,32.22113349026162,71.49758454106279,207,148,74.26131850675137
G042432E43372N,Terra,2006-04-29,0.6220312900714418,13.49890504574965,82.6086956521739,207,171,78.11939188630917
G042432E43372N,Terra,2006-05-16,0.7086350351713185,59.5199014768974,84.54106280193237,207,175,74.5361999544177
G042432E43372N,Terra,2006-05-22,0.6299101661254398,23.138611754432635,71.98067632850241,207,149,79.16883002207504
G042432E43372N,Terra,2006-05-31,0.5620891080696276,13.249178784312209,82.6086956521739,207,171,84.32538175188026
G042432E43372N,Terra,2006-06-01,0.6243329805767184,59.529607616082615,72.46376811594203,207,150,80.83088961482946
G042432E43372N,Terra,2006-06-05,0.5317140993500465,39.6527284634953,82.1256038647343,207,170,82.75879358808781
G042432E43372N,Terra,2006-06-18,0.6093897169316791,8.170422757128222,86.95652173913044,207,180,70.87662386993844
G042432E43372N,Terra,2006-07-30,0.38033154532360725,46.30805288735341,81.15942028985508,207,168,71.79981767074376
G042432E43372N,Terra,2006-07-31,0.41213126094132957,36.483825885568976,75.36231884057972,207,156,73.10316797082731
G042432E43372N,Terra,2006-08-02,0.42459107474437396,49.779378108508226,75.36231884057972,207,156,66.2066331116304
G042432E43372N,Terra,2006-08-03,0.3725251613865396,13.702514142526319,89.85507246376811,207,186,79.81939062381278
G042432E43372N,Terra,2006-08-05,0.43378965307117334,7.996303010744542,93.71980676328504,207,194,77.16249518675396
G042432E43372N,Terra,2006-08-07,0.36792378275434806,28.102935001328863,82.6086956521739,207,171,77.94981751824817
G042432E43372N,Terra,2006-08-08,0.3328868021879972,39.897683663009225,98.06763285024155,207,203,77.76730228671276
G042432E43372N,Terra,2006-08-11,0.41057780120790277,54.96897015832042,92.27053140096618,207,191,71.08926536503834
G042432E43372N,Terra,2006-08-12,0.36364322599855387,2.9546630471923754,89.3719806763285,207,185,76.08508698624932
G042432E43372N,Terra,2006-08-13,0.3349164882226981,56.30182448080792,73.91304347826086,207,153,73.16257692015498
G042432E43372N,Terra,2006-08-17,0.3148939297614872,32.32504328182551,86.47342995169082,207,179,75.78925776798603
G042432E43372N,Terra,2006-08-18,0.34034272519772824,49.79239701583191,70.53140096618358,207,146,63.456737145978
G042432E43372N,Terra,2006-08-24,0.27811631777625273,39.83389498462351,76.32850241545893,207,158,70.12648597242035
G042432E43372N,Terra,2006-08-28,0.34462534927364985,2.8841053191085524,82.1256038647343,207,170,72.46205813040065
G042432E43372N,Terra,2006-08-30,0.330430125839503,18.637834579900563,82.6086956521739,207,171,74.76813796247058
G042432E43372N,Terra,2006-08-31,0.29264042483660146,46.225677132768894,86.47342995169082,207,179,77.72118817898655
G042432E43372N,Terra,2006-09-02,0.3100141928741094,32.22785527165038,100.0,207,207,75.70576616272886
G042432E43372N,Terra,2006-09-09,0.3873426707861312,39.739694749231305,93.23671497584542,207,193,76.81501177543113
G042432E43372N,Terra,2006-09-17,0.5472019868901543,36.70588310110477,83.09178743961353,207,172,73.36896551724136
G042432E43372N,Terra,2006-10-01,0.4685365250061869,19.023882265841497,83.57487922705315,207,173,70.84314965609929
G042432E43372N,Terra,2006-10-06,0.3471675734862511,13.076123808800647,84.54106280193237,207,175,81.16083594886317
G042432E43372N,Terra,2006-10-08,0.3553943502523163,8.667676639204211,71.98067632850241,207,149,81.44753583199198
G042432E43372N,Terra,2007-01-10,0.30053287364247533,13.641232944302097,99.04306220095694,209,207,60.78734487513402
G042432E43372N,Terra,2007-02-11,0.23453338485735986,13.913637295081974,70.0,210,147,73.43462410887881
G042432E43372N,Terra,2007-03-08,0.5140129397016424,3.3002190667830975,74.39613526570048,207,154,69.97599345275985
G042432E43372N,Terra,2007-03-29,0.5482072289475776,32.508201716086454,71.49758454106279,207,148,69.70241455001567
G042432E43372N,Terra,2007-04-05,0.5487705907235995,40.00622233190342,75.84541062801932,207,157,72.16888247360023
G042432E43372N,Terra,2007-05-11,0.548658980569164,2.607350696685523,70.04830917874396,207,145,82.56332732826819
G042432E43372N,Terra,2007-05-19,0.5456669264284828,59.59614108356433,75.36231884057972,207,156,78.69300311479147
G042432E43372N,Terra,2007-05-21,0.4571394225320885,51.42821006871931,76.81159420289855,207,159,79.35098381827851
G042432E43372N,Terra,2007-05-23,0.44554649774131583,39.47853145525649,73.42995169082126,207,152,83.58884752715947
G042432E43372N,Terra,2007-05-26,0.5129945599402468,55.20700615057504,75.36231884057972,207,156,67.03896309175688
G042432E43372N,Terra,2007-06-16,0.5556976725110222,36.63830593416601,73.91304347826086,207,153,77.41083465091118
G042432E43372N,Terra,2007-06-22,0.538321365197835,51.668928774820664,75.84541062801932,207,157,73.78356491347711
G042432E43372N,Terra,2007-06-23,0.5764748048421767,28.1853304985003,83.09178743961353,207,172,79.81867499589018
G042432E43372N,Terra,2007-06-27,0.5342094536618707,54.97829625270514,100.0,207,207,70.96862417382056
G042432E43372N,Terra,2007-06-28,0.4486845353660849,2.9565843426098173,90.33816425120773,207,187,82.9973410316797
G042432E43372N,Terra,2007-07-04,0.5475437228800472,49.724768404267344,76.32850241545893,207,158,71.83970286384516
G042432E43372N,Terra,2007-07-05,0.48677340927117313,13.785317589885727,86.47342995169082,207,179,79.47699702449073
G042432E43372N,Terra,2007-07-06,0.5214490377809241,59.33128782413921,85.5072463768116,207,177,78.41890146623112
G042432E43372N,Terra,2007-07-08,0.4964431493422142,51.778314476631664,79.71014492753623,207,165,75.44161665273873
G042432E43372N,Terra,2007-07-10,0.42245223153711997,40.01280667451315,77.77777777777779,207,161,79.0473296361012
G042432E43372N,Terra,2007-07-19,0.4625184563845538,32.57459432780287,72.46376811594203,207,150,79.85747929803239
G042432E43372N,Terra,2007-07-21,0.40011001633916676,14.002008998063719,88.40579710144928,207,183,80.18620375294385
G042432E43372N,Terra,2007-07-22,0.48509552042852655,59.248341622688784,71.98067632850241,207,149,22.486325678496865
G042432E43372N,Terra,2007-07-25,0.4128295562525948,27.796917119101032,81.64251207729468,207,169,70.84775507103244
G042432E43372N,Terra,2007-07-28,0.3760209474573745,23.944805991115846,75.84541062801932,207,157,75.6169184753432
G042432E43372N,Terra,2007-07-29,0.49350641670748574,54.76846862067669,84.54106280193237,207,175,30.688300040766414
G042432E43372N,Terra,2007-07-30,0.44275760497729433,3.390754014958805,95.65217391304348,207,198,72.24037073615438
G042432E43372N,Terra,2007-07-31,0.37375495652834206,56.47187459660589,100.0,207,207,69.03205956089036
G042432E43372N,Terra,2007-08-01,0.5223486003234408,18.098650290443842,83.57487922705315,207,173,72.8050934321533
G042432E43372N,Terra,2007-08-06,0.328228310942757,14.150849690572915,80.67632850241546,207,167,77.12459165843651
G042432E43372N,Terra,2007-08-07,0.398169733315643,59.15264360833725,71.01449275362319,207,147,14.555148440435927
G042432E43372N,Terra,2007-08-15,0.38582337614594575,3.532923801207338,81.64251207729468,207,169,72.09790943578983
G042432E43372N,Terra,2007-08-20,0.5455259112271542,32.7903314476632,73.91304347826086,207,153,60.252856814172866
G042432E43372N,Terra,2007-08-31,0.4120871306101868,3.6359523899920263,94.20289855072464,207,195,76.98799665729697
G042432E43372N,Terra,2007-09-04,0.35514966439460954,36.00937791867567,71.98067632850241,207,149,62.01424551530075
G042432E43372N,Terra,2007-09-07,0.28076996204153676,14.314907741372112,78.26086956521739,207,162,76.32181113727873
G042432E43372N,Terra,2007-09-08,0.32129210346658577,59.1217897414479,73.91304347826086,207,153,52.693337389717065
G042432E43372N,Terra,2007-09-12,0.34075684535387324,40.331901362997954,72.94685990338165,207,151,78.72199859992998
G042432E43372N,Terra,2007-09-14,0.4511168896748627,24.19182163331952,89.3719806763285,207,185,75.42634657752791
G042432E43372N,Terra,2007-09-16,0.40409957686516806,3.702726944834655,72.94685990338165,207,151,77.38875305623472
G042432E43372N,Terra,2007-09-23,0.27095997504910563,14.353886442158057,70.53140096618358,207,146,79.7981998654105
G042432E43372N,Terra,2007-09-25,0.42900931923996477,7.3145905311515325,74.8792270531401,207,155,71.68167431555626
G042432E43372N,Terra,2007-10-09,0.32906442516776174,14.339257944492966,81.64251207729468,207,169,73.94050028333199
G042432E43372N,Terra,2007-10-20,0.3654787281996244,18.325912145487703,71.01449275362319,207,147,81.39422272900039
G042432E43372N,Terra,2007-10-29,0.3863094978999616,28.24179834547652,80.0,210,168,78.4106038559476
G042432E43372N,Terra,2007-10-30,0.3362263859037663,39.75806750910753,98.09523809523809,210,206,76.87641473604252
G042432E43372N,Terra,2007-11-01,0.3441347060445975,23.353301646933776,89.52380952380953,210,188,77.19065704519556
G042432E43372N,Terra,2007-11-12,0.36480052900188764,8.566714291135387,80.95238095238095,210,170,65.77203161789438
G042432E43372N,Terra,2007-12-01,0.14936759233605418,39.7067970173043,89.04761904761904,210,187,72.07622670216811
G042432E43372N,Terra,2007-12-30,0.17670889495914058,8.05542214631369,82.77511961722487,209,173,69.41141358415481
G042432E43372N,Terra,2008-01-19,0.12486014689030105,43.72395871281124,73.80952380952381,210,155,76.1353569901667
G042432E43372N,Terra,2008-01-22,0.23656736355530517,2.9389446721311456,80.95238095238095,210,170,65.50798032956605
G042432E43372N,Terra,2008-01-23,0.25875292655548426,56.292008576199144,70.95238095238095,210,149,72.75315164998145
G042432E43372N,Terra,2008-04-03,0.5718431708673096,59.874473214624885,81.15942028985508,207,168,69.86917875864162
G042432E43372N,Terra,2008-04-18,0.5927609592141598,13.180666122479964,84.05797101449275,207,174,71.57304565828458
G042432E43372N,Terra,2008-05-04,0.6614596947298568,13.424177075819165,84.31372549019608,204,172,74.55727452271233
G042432E43372N,Terra,2008-05-08,0.7151804101078987,28.284852689927444,81.06796116504854,206,167,77.92527001270649
G042432E43372N,Terra,2008-05-13,0.6600051681035493,2.816576939139683,80.67632850241546,207,167,82.45791297651137
G042432E43372N,Terra,2008-05-15,0.6671778510452011,18.662460989407357,70.04830917874396,207,145,82.39055169066496
G042432E43372N,Terra,2008-05-18,0.6578398780232938,32.283270245643386,100.0,207,207,77.41016485603588
G042432E43372N,Terra,2008-05-22,0.6584512464484249,8.09614032423403,76.81159420289855,207,159,77.91187419281319
G042432E43372N,Terra,2008-05-23,0.5898752681581367,51.67950548616126,74.8792270531401,207,155,79.80665501785306
G042432E43372N,Terra,2008-06-05,0.6016960694583755,13.682800220205772,91.78743961352657,207,190,83.7130593329788
G042432E43372N,Terra,2008-06-14,0.6552863645864785,2.9309193591252525,83.00970873786407,206,171,78.71852823202717
G042432E43372N,Terra,2008-06-15,0.6080273675971828,56.30693439386461,80.19323671497585,207,166,76.93540261639718
G042432E43372N,Terra,2008-06-26,0.5570167320939192,39.86615380234633,76.32850241545893,207,158,79.16880650307681
G042432E43372N,Terra,2008-06-30,0.5745901621123403,2.8967986635787244,70.53140096618358,207,146,76.66334202854074
G042432E43372N,Terra,2008-07-01,0.6198221861719144,56.26965108774056,83.98058252427184,206,173,71.25565814200507
G042432E43372N,Terra,2008-07-05,0.535031248212568,32.28791070276025,72.94685990338165,207,151,78.50659408066245
G042432E43372N,Terra,2008-07-06,0.5389077602806576,49.8136854094688,71.01449275362319,207,147,76.18277066356225
G042432E43372N,Terra,2008-07-11,0.5258723621494155,28.1997279699305,75.36231884057972,207,156,81.593633670136
G042432E43372N,Terra,2008-07-17,0.508683987833988,56.23055222293931,98.55072463768117,207,204,77.02696953582009
G042432E43372N,Terra,2008-07-20,0.5305683142012132,36.61173298151029,76.32850241545893,207,158,76.75825921219821
G042432E43372N,Terra,2008-07-21,0.47444804584121003,32.19526139944573,80.19323671497585,207,166,79.83207446402685
G042432E43372N,Terra,2008-07-22,0.5634227944584642,49.86509624511179,72.94685990338165,207,151,74.28967617826228
G042432E43372N,Terra,2008-07-24,0.524807775172536,59.450550324613516,85.5072463768116,207,177,77.2437134391856
G042432E43372N,Terra,2008-07-25,0.4521240105067015,8.233901628763446,84.05797101449275,207,174,82.70128390184608
G042432E43372N,Terra,2008-08-09,0.4862450901448957,59.45009149929749,85.5072463768116,207,177,71.53103395882397
G042432E43372N,Terra,2008-08-23,0.38967347486513343,49.809630585823264,70.04830917874396,207,145,68.77025048169557
G042432E43372N,Terra,2008-08-24,0.3184022836357376,13.590230646569724,87.43961352657004,207,181,76.30547747473979
G042432E43372N,Terra,2008-08-26,0.43203949720973095,8.085901325031328,70.53140096618358,207,146,70.85312888520515
G042432E43372N,Terra,2008-08-27,0.317486856283674,51.67552412771941,74.8792270531401,207,155,72.1813416394439
G042432E43372N,Terra,2008-08-30,0.33307686810741316,43.717703595428915,75.84541062801932,207,157,55.46776007497658
G042432E43372N,Terra,2008-09-16,0.34980932215881577,23.63089638938458,90.33816425120773,207,187,81.3736230342627
G042432E43372N,Terra,2008-09-25,0.4504379656274985,13.73116310414216,95.65217391304348,207,198,79.34536199954418
G042432E43372N,Terra,2008-10-02,0.4552148439342717,23.641715706746663,71.49758454106279,207,148,78.3153667953668
G042432E43372N,Terra,2008-10-13,0.3544893329340767,7.955754584456534,83.57487922705315,207,173,82.99802476639061
G042432E43372N,Terra,2008-10-27,0.3102190558805729,13.341439928658172,94.28571428571428,210,198,78.8409907798093
G042432E43372N,Terra,2008-10-29,0.2737085100712874,8.413708067698837,85.23809523809524,210,179,84.64874328846004
G042432E43372N,Terra,2009-01-17,0.2443707101029533,7.944621660595026,90.0,210,189,65.02299633762028
G042432E43372N,Terra,2009-01-20,0.14820725819417965,39.944626593806916,82.85714285714286,210,174,71.25175866920466
G042432E43372N,Terra,2009-04-12,0.5423768294236011,23.886362428338188,74.8792270531401,207,155,74.86608391608394
G042432E43372N,Terra,2009-04-19,0.6154141981824267,32.628001442727516,72.46376811594203,207,150,72.29874278647978
G042432E43372N,Terra,2009-05-30,0.6878462224786083,23.707138274042308,100.0,204,204,76.81516371647801
G042432E43372N,Terra,2009-06-02,0.673669813661794,56.33848969209162,87.12871287128714,202,176,75.86072335025383
G042432E43372N,Terra,2009-06-19,0.7121270381306974,18.694100003796677,76.23762376237624,202,154,75.24502510693694
G042432E43372N,Terra,2009-06-20,0.5839192032251604,46.17509282812559,75.84541062801932,207,157,77.72855731975994
G042432E43372N,Terra,2009-07-08,0.5518898472844186,31.91687478643846,83.09178743961353,207,172,73.24967627063778
G042432E43372N,Terra,2009-07-11,0.5731332959725023,59.62299916473676,75.36231884057972,207,156,56.548842054651814
G042432E43372N,Terra,2009-07-13,0.4270800916205388,51.450944986521755,88.88888888888889,207,184,76.91425007795448
G042432E43372N,Terra,2009-08-04,0.581279713276762,2.6296097042408624,73.30097087378641,206,151,76.78880042937651
G042432E43372N,Terra,2009-08-07,0.4212059641638228,46.13249326094385,89.85507246376811,207,186,75.12952974245992
G042432E43372N,Terra,2009-08-11,0.4947950964609685,13.431572383158091,74.8792270531401,207,155,77.79545627231973
G042432E43372N,Terra,2009-08-13,0.5681841580142769,8.238520824632682,70.53140096618358,207,146,76.27149544222715
G042432E43372N,Terra,2009-08-15,0.5228606196237502,28.281966665401058,81.15942028985508,207,168,75.48161993769472
G042432E43372N,Terra,2009-08-28,0.5144265525072441,59.433836326360016,72.94685990338165,207,151,72.33875256400518
G042432E43372N,Terra,2009-09-12,0.36604999754901946,13.61549660199701,77.77777777777779,207,161,74.2800460475825
G042432E43372N,Terra,2009-09-18,0.6147515518925823,43.73965241656862,75.36231884057972,207,156,73.9423868312757
G042432E43372N,Terra,2009-09-19,0.49317065677751454,23.524740878545153,94.20289855072464,207,195,80.17032591354554
G042432E43372N,Terra,2009-09-24,0.5008871235877834,46.263272143968976,88.40579710144928,207,183,73.45065714502772
G042432E43372N,Terra,2009-09-26,0.457554955153654,32.31616576179818,78.26086956521739,207,162,80.758645475601
G042432E43372N,Terra,2009-09-30,0.4984510641299532,8.085693648202286,94.20289855072464,207,195,80.79358808782192
G042432E43372N,Terra,2009-10-02,0.49787496085216637,28.181122290140063,98.06763285024155,207,203,83.9164324242194
G042432E43372N,Terra,2009-10-04,0.42223476595555176,43.74501898325688,84.54106280193237,207,175,80.87535153019024
G042432E43372N,Terra,2009-10-11,0.39871558831271414,36.61119955199516,72.46376811594203,207,150,78.12603240152475
G042432E43372N,Terra,2009-10-21,0.2700756594563125,23.43519799536808,85.5072463768116,207,177,85.68912861809622
G042432E43372N,Terra,2009-11-17,0.15344493824467653,8.007833940497887,70.0,210,147,67.4524445262867
G042432E43372N,Terra,2009-11-18,0.4074583390255008,51.681314890710425,100.0,210,210,54.68894796809721
G042432E43372N,Terra,2009-11-27,0.21032269622752242,46.27267512902248,71.42857142857143,210,150,78.23584057536708
G042432E43372N,Terra,2009-11-30,0.17153865866692572,49.77443571645405,78.0952380952381,210,164,79.38146600835549
G042432E43372N,Terra,2009-12-29,0.3320283631482724,46.178269095739545,81.3397129186603,209,170,53.564390200125615
G042432E43372N,Terra,2010-02-13,0.37799816382765505,56.22039522616867,75.23809523809524,210,158,64.42415495632356
G042432E43372N,Terra,2010-04-01,0.5778564617444136,2.806130642773073,92.27053140096618,207,191,75.47960191445719
G042432E43372N,Terra,2010-04-06,0.5646250021935599,32.19846653251832,86.47342995169082,207,179,74.89759173440703
G042432E43372N,Terra,2010-04-11,0.5888948775541356,51.57234765936449,86.47342995169082,207,179,71.15216895844411
G042432E43372N,Terra,2010-05-01,0.5808651919475658,23.145887846919052,73.91304347826086,207,153,78.51890419737263
G042432E43372N,Terra,2010-05-07,0.6946495787443536,36.79625327461179,74.8792270531401,207,155,70.99065562561726
G042432E43372N,Terra,2010-05-14,0.6139734440142943,28.37061961350092,76.81159420289855,207,159,83.54493656461293
G042432E43372N,Terra,2010-05-17,0.5692561857836729,23.3625543870306,80.19323671497585,207,166,79.60135011859151
G042432E43372N,Terra,2010-05-19,0.6847667622157261,2.7669288887201504,100.0,207,207,71.11395578515537
G042432E43372N,Terra,2010-05-31,0.6118637601437832,39.80065473252596,70.53140096618358,207,146,77.4086454455671
G042432E43372N,Terra,2010-06-01,0.6028676285249175,43.75982060822359,71.01449275362319,207,147,79.33158316276585
G042432E43372N,Terra,2010-06-05,0.5171269993688578,56.271826758798596,84.05797101449275,207,174,82.73370380171124
G042432E43372N,Terra,2010-06-13,0.5464235843387422,8.089531493222974,83.57487922705315,207,173,80.41290532833632
G042432E43372N,Terra,2010-07-06,0.4178605615426769,2.824438665097392,72.94685990338165,207,151,79.14168502620984
G042432E43372N,Terra,2010-07-08,0.44253128819620524,18.650567599377357,71.49758454106279,207,148,78.00391284333281
G042432E43372N,Terra,2010-07-11,0.39617093878634974,32.20681479934699,71.98067632850241,207,149,80.44579503152778
G042432E43372N,Terra,2010-07-12,0.4467598234567412,49.85373989141574,94.68599033816425,207,196,66.62895996353414
G042432E43372N,Terra,2010-07-27,0.3909221990794313,32.10336592125743,74.39613526570048,207,154,77.78148814110799
G042432E43372N,Terra,2010-07-28,0.38287290504732596,49.95460932457575,81.15942028985508,207,168,69.97804451872673
G042432E43372N,Terra,2010-07-29,0.39829122669239586,13.350410797676478,85.02415458937197,207,176,77.86138308534424
G042432E43372N,Terra,2010-07-31,0.3650985722672303,8.367827935760651,79.71014492753623,207,165,71.73490404119207
G042432E43372N,Terra,2010-08-01,0.3338136584480779,51.544450624549135,93.23671497584542,207,193,76.03950467218718
G042432E43372N,Terra,2010-08-09,0.3800272126816382,19.00897414480428,81.64251207729468,207,169,69.97245665183367
G042432E43372N,Terra,2010-08-14,0.46257753434139093,13.216776453168311,70.53140096618358,207,146,69.39312947700843
G042432E43372N,Terra,2010-08-19,0.377997017204763,39.63628136983187,78.26086956521739,207,162,74.52843161045054
G042432E43372N,Terra,2010-08-20,0.4556692553887932,43.92970329169666,77.29468599033817,207,160,69.61192214111921
G042432E43372N,Terra,2010-08-21,0.35544993315219736,23.28505562094231,87.43961352657004,207,181,77.39003266732509
G042432E43372N,Terra,2010-08-23,0.3625684287673178,2.614781312882038,80.19323671497585,207,166,77.50660273541897
G042432E43372N,Terra,2010-08-28,0.33756472971958884,32.15789570598726,75.84541062801932,207,157,73.2529731432622
G042432E43372N,Terra,2010-08-29,0.3485500860540315,49.912290709594195,71.49758454106279,207,148,62.44261549654419
G042432E43372N,Terra,2010-08-30,0.29325395867997783,13.453196400774534,82.1256038647343,207,170,75.01115394078569
G042432E43372N,Terra,2010-08-31,0.4231791006881808,59.46705987319171,85.99033816425121,207,178,68.7945757046266
G042432E43372N,Terra,2010-09-01,0.3217025297691374,8.223031626105788,77.29468599033817,207,160,63.389509358391734
G042432E43372N,Terra,2010-09-04,0.29347188672503144,39.77774346026813,84.54106280193237,207,175,72.8013370812125
G042432E43372N,Terra,2010-09-05,0.3159523698128561,43.79757052279894,73.42995169082126,207,152,65.98039960495329
G042432E43372N,Terra,2010-09-06,0.24727556318967323,23.43871616234477,90.33816425120773,207,187,68.8492781991681
G042432E43372N,Terra,2010-09-20,0.3619839783623153,39.88081362238507,81.64251207729468,207,169,73.50239307148827
G042432E43372N,Terra,2010-11-05,0.19707565425727977,51.624466074681294,72.38095238095238,210,152,79.30463506711405
G042432E43372N,Terra,2011-02-01,0.22521832627672353,19.049589974195534,72.85714285714285,210,153,73.96975190839692
G042432E43372N,Terra,2011-05-02,0.6032880697342654,39.799344508143896,78.74396135265701,207,163,75.3647344830206
G042432E43372N,Terra,2011-05-09,0.656626959851886,46.22316393940543,73.91304347826086,207,153,71.94499734103167
G042432E43372N,Terra,2011-05-16,0.6692120505713961,51.6212969361024,100.0,207,207,71.90959507711008
G042432E43372N,Terra,2011-05-17,0.7041044252147282,28.27432001974256,88.40579710144928,207,183,81.11066978193146
G042432E43372N,Terra,2011-05-18,0.6171530429506895,39.76800485971375,90.82125603864735,207,188,80.42520701967638
G042432E43372N,Terra,2011-05-31,0.6021910111833798,8.408512092334558,81.15942028985508,207,168,84.14099699514601
G042432E43372N,Terra,2011-06-01,0.5521056747636588,51.51493147044305,72.94685990338165,207,151,84.03016029780446
G042432E43372N,Terra,2011-06-07,0.6783316972094402,2.414278066745129,74.37185929648241,199,148,80.57582978723406
G042432E43372N,Terra,2011-06-08,0.6516420710086784,56.08082007669257,81.64251207729468,207,169,69.0026721156869
G042432E43372N,Terra,2011-06-09,0.6630396229858685,19.08265328979839,72.94685990338165,207,151,77.74929727265821
G042432E43372N,Terra,2011-06-16,0.6034245243829687,8.755211093815246,85.99033816425121,207,178,82.4585455124125
G042432E43372N,Terra,2011-06-26,0.5269627293758286,45.98106799802588,84.54106280193237,207,175,82.52799513788648
G042432E43372N,Terra,2011-06-30,0.4874573475733404,13.20774137210979,70.04830917874396,207,145,77.16344799005385
G042432E43372N,Terra,2011-07-07,0.4581484248064383,23.27250199324196,99.51690821256038,207,206,81.98131125123453
G042432E43372N,Terra,2011-07-25,0.41366730104636673,2.795745472493263,78.26086956521739,207,162,74.00148148148148
G042432E43372N,Terra,2011-07-28,0.3500900301079481,46.193609476441736,76.81159420289855,207,159,73.45089732727412
G042432E43372N,Terra,2011-07-30,0.34532238456023423,32.220991685333544,98.06763285024155,207,203,71.17024994302213
G042432E43372N,Terra,2011-07-31,0.42625696116025685,49.86608925927334,100.0,207,207,65.7619843500722
G042432E43372N,Terra,2011-08-01,0.33343758461668654,13.531157219332533,89.3719806763285,207,185,78.0882777482337
G042432E43372N,Terra,2011-08-06,0.37446755690143624,39.80065283420028,97.10144927536231,207,201,75.99977208842968
G042432E43372N,Terra,2011-08-11,0.3504974315653597,56.26001670526595,100.0,207,207,70.65896832029172
G042432E43372N,Terra,2011-08-18,0.462138327628362,59.46078002202039,76.81159420289855,207,159,38.138511627906986
G042432E43372N,Terra,2011-08-22,0.2813839667429811,39.76680189073241,78.74396135265701,207,163,76.25579275241206
G042432E43372N,Terra,2011-08-27,0.5524768616833436,56.21011997418274,80.19323671497585,207,166,68.3135140293949
G042432E43372N,Terra,2011-08-31,0.3371717640991984,32.129193211587335,80.67632850241546,207,167,77.6144495935577
G042432E43372N,Terra,2011-11-02,0.39381266729040404,36.63015008348511,93.80952380952381,210,197,72.96931713318978
G042432E43372N,Terra,2012-01-08,0.4305161520580431,13.746532498339514,80.86124401913875,209,169,59.922730547550415
G042432E43372N,Terra,2012-02-20,0.41285208621029795,18.44475549565283,75.84541062801932,207,157,75.90395948434623
G042432E43372N,Terra,2012-04-18,0.5918406732906615,39.695565511219215,71.01449275362319,207,147,72.65752488034643
G042432E43372N,Terra,2012-04-23,0.6217861503160449,56.23350449903179,86.47342995169082,207,179,70.2213021347717
G042432E43372N,Terra,2012-04-24,0.6691779976630291,18.687628611564616,75.36231884057972,207,156,79.51462432576159
G042432E43372N,Terra,2012-04-25,0.5725369824576434,46.20863130718707,88.40579710144928,207,183,77.2092987920687
G042432E43372N,Terra,2012-04-26,0.6697033238060115,36.602438968829546,82.1256038647343,207,170,70.51794790343072
G042432E43372N,Terra,2012-04-29,0.5900005464342636,13.563814495614851,74.8792270531401,207,155,75.52969121140143
G042432E43372N,Terra,2012-05-10,0.6766118143278316,18.656931166710972,88.40579710144928,207,183,76.79252450049381
G042432E43372N,Terra,2012-05-19,0.6128124936009701,28.319228330612365,71.49758454106279,207,148,75.52669235002752
G042432E43372N,Terra,2012-06-02,0.6925093725197256,8.651925851399064,81.15942028985508,207,168,72.463572134012
G042432E43372N,Terra,2012-06-11,0.5200840725039405,19.11499411519042,70.04830917874396,207,145,84.04016248946115
G042432E43372N,Terra,2012-06-14,0.4836964028258365,31.92511124188477,78.26086956521739,207,162,85.2705310339588
G042432E43372N,Terra,2012-06-16,0.5306603041117738,13.179482326587973,100.0,207,207,78.58535288308137
G042432E43372N,Terra,2012-07-08,0.6549740994681256,43.7959818140401,74.8792270531401,207,155,77.8787929589271
G042432E43372N,Terra,2012-07-16,0.43131842003522497,32.204644823265895,88.40579710144928,207,183,82.2387753551622
G042432E43372N,Terra,2012-07-18,0.4125160611309668,13.49279718288469,86.47342995169082,207,179,83.6234900858467
G042432E43372N,Terra,2012-07-21,0.4008048378522062,51.6191047496109,73.91304347826086,207,153,76.25374154827925
G042432E43372N,Terra,2012-07-25,0.39358187297552194,23.38852424161889,92.27053140096618,207,191,82.11767834080378
G042432E43372N,Terra,2012-07-26,0.4584147208458682,55.087425111052134,85.5072463768116,207,177,72.78158474511889
G042432E43372N,Terra,2012-08-09,0.4976515477248851,44.00027468772553,70.04830917874396,207,145,57.234042553191486
G042432E43372N,Terra,2012-08-12,0.39210857962427415,2.5337746307756572,79.71014492753623,207,165,71.16560218978105
G042432E43372N,Terra,2012-08-21,0.5956502784200842,8.234846425452758,80.19323671497585,207,166,74.06328344602295
G042432E43372N,Terra,2012-08-26,0.38134525835578886,23.474334636850276,79.71014492753623,207,165,82.28033123148218
G042432E43372N,Terra,2012-08-27,0.45293665408537553,55.007562929496274,70.04830917874396,207,145,71.63631656166393
G042432E43372N,Terra,2012-09-15,0.4837991515244448,18.58337769087668,74.39613526570048,207,154,70.01057353412367
G042432E43372N,Terra,2012-09-24,0.5356390879625462,28.205755723451883,83.57487922705315,207,173,77.99946820633596
G042432E43372N,Terra,2012-09-25,0.44756605414024864,39.79081665970615,100.0,207,207,78.57456506875332
G042432E43372N,Terra,2012-09-27,0.397994314662313,23.411441588518926,79.71014492753623,207,165,82.23535668160754
G042432E43372N,Terra,2012-09-29,0.3921588604370561,2.718508485515781,71.49758454106279,207,148,81.03601002810908
G042432E43372N,Terra,2012-10-06,0.41112993477232046,13.186529291165217,92.7536231884058,207,192,73.89265365038366
G042432E43372N,Terra,2012-10-13,0.3668630379630058,23.038672690686823,81.64251207729468,207,169,79.08729013142903
G042432E43372N,Terra,2012-10-15,0.3260228915956746,2.362781047116442,77.77777777777779,207,161,83.25389348932613
G042432E43372N,Terra,2012-10-20,0.3125716661577132,31.946181138236167,81.64251207729468,207,169,74.47717085770722
G042432E43372N,Terra,2012-11-23,0.18504864520958086,13.248460458409197,76.19047619047619,210,160,81.61666539952857
G042432E43372N,Terra,2012-12-01,0.1632465338078292,55.12594148451731,79.52380952380952,210,167,70.13119843874743
G042432E43372N,Terra,2013-02-13,0.34020863234649384,8.51253415300547,82.38095238095238,210,173,81.48568173186479
G042432E43372N,Terra,2013-03-19,0.652629400674737,28.0080851588899,76.32850241545893,207,158,73.26205180991592
G042432E43372N,Terra,2013-04-27,0.6664852459679053,18.456897946011605,93.23671497584542,207,193,72.20390488490465
G042432E43372N,Terra,2013-04-28,0.5868690608748856,46.3276276624018,92.7536231884058,207,192,74.92592873964902
G042432E43372N,Terra,2013-04-29,0.6422364663778488,36.480185276586106,70.04830917874396,207,145,80.42150732269214
G042432E43372N,Terra,2013-05-02,0.5530221869282377,13.644351911613976,76.32850241545893,207,158,79.11927372179595
G042432E43372N,Terra,2013-05-09,0.6198193671305501,23.32050647329054,80.19323671497585,207,166,76.20268935652967
G042432E43372N,Terra,2013-05-23,0.6104222225062635,39.622502942404886,74.8792270531401,207,155,70.88125807186809
G042432E43372N,Terra,2013-06-01,0.6121844833197726,32.19772618550439,71.01449275362319,207,147,79.90044093757255
G042432E43372N,Terra,2013-06-15,0.5716724706136097,46.2374970575952,88.40579710144928,207,183,82.8030084327281
G042432E43372N,Terra,2013-06-24,0.5618543557278005,39.79288260754015,78.26086956521739,207,162,78.69011623490084
G042432E43372N,Terra,2013-06-28,0.5552543856911587,2.7973806902312166,97.58454106280193,207,202,83.68322600429316
G042432E43372N,Terra,2013-06-30,0.5655140071045484,18.749534910209167,81.15942028985508,207,168,78.10388541323674
G042432E43372N,Terra,2013-07-01,0.4879583761864849,46.15922852044497,83.57487922705315,207,173,79.02173913043475
G042432E43372N,Terra,2013-07-02,0.5771623288221894,36.69378602072961,70.04830917874396,207,145,73.89855314878314
G042432E43372N,Terra,2013-07-31,0.6139517032098134,56.163291506890936,88.88888888888889,207,184,71.29864012763048
G042432E43372N,Terra,2013-08-01,0.6190281465920882,18.818590113519875,74.39613526570048,207,154,82.95723608445296
G042432E43372N,Terra,2013-08-04,0.5137487608935191,32.14216902691819,94.68599033816425,207,196,76.57395730456582
G042432E43372N,Terra,2013-08-06,0.5458736048047554,13.453201905918997,91.78743961352657,207,190,76.89060244625087
G042432E43372N,Terra,2013-08-15,0.4354182293032608,2.8552760165534035,87.43961352657004,207,181,80.93177055033766
G042432E43372N,Terra,2013-08-26,0.51519371667837,28.06428490071759,72.46376811594203,207,150,74.18744899624612
G042432E43372N,Terra,2013-09-04,0.49103132686084144,36.43337161623451,78.26086956521739,207,162,70.82887501165065
G042432E43372N,Terra,2013-09-07,0.46539677530563006,13.773689965450494,71.49758454106279,207,148,79.9972692956389
G042432E43372N,Terra,2013-10-09,0.40677354608440075,13.375858043205923,82.1256038647343,207,170,82.14935804907694
G042432E43372N,Terra,2013-11-26,0.08291903892817887,13.414967934122672,91.9047619047619,210,193,72.0413760677063
G042432E43372N,Terra,2014-03-05,0.43563458534252597,51.68368711796204,94.68599033816425,207,196,66.08052875484313
G042432E43372N,Terra,2014-04-10,0.5802424875268694,23.588815444777705,96.1352657004831,207,199,75.1093215832257
G042432E43372N,Terra,2014-04-12,0.5726672290413953,2.912372907095944,77.29468599033817,207,160,81.41077262022336
G042432E43372N,Terra,2014-04-14,0.6080855739909237,18.611785944796697,78.26086956521739,207,162,73.72070468902925
G042432E43372N,Terra,2014-04-24,0.642255472753673,39.59045464899963,88.40579710144928,207,183,68.75263686589652
G042432E43372N,Terra,2014-04-30,0.6501571140865334,18.811463419264232,85.5072463768116,207,177,72.88991871153992
G042432E43372N,Terra,2014-05-15,0.6159034118888504,56.395512358100234,76.32850241545893,207,158,74.225687320476
G042432E43372N,Terra,2014-05-30,0.6586585916865402,3.362620448764188,74.8792270531401,207,155,82.14363621782022
G042432E43372N,Terra,2014-06-05,0.6473827015572169,49.5900552412773,78.74396135265701,207,163,73.86277930060636
G042432E43372N,Terra,2014-06-11,0.5898719467121563,40.10547553058197,92.7536231884058,207,192,77.7877383575173
G042432E43372N,Terra,2014-06-15,0.5723740792189239,3.2754859713732474,96.1352657004831,207,199,84.64985185747928
G042432E43372N,Terra,2014-06-16,0.5242993100049288,56.41466342685763,84.05797101449275,207,174,79.3260111576011
G042432E43372N,Terra,2014-06-17,0.6232659234693879,18.29254261741141,73.91304347826086,207,153,84.76744186046515
G042432E43372N,Terra,2014-06-18,0.5207069882465565,46.4338353771973,71.98067632850241,207,149,77.65966491622908
G042432E43372N,Terra,2014-06-27,0.45233209948367403,39.900381563461,77.77777777777779,207,161,80.65380232469799
G042432E43372N,Terra,2014-07-01,0.6106551429810348,2.87555582975816,83.09178743961353,207,172,80.69814502529512
G042432E43372N,Terra,2014-07-10,0.441340413550976,8.415119784350203,82.6086956521739,207,171,78.89634801288936
G042432E43372N,Terra,2014-07-11,0.4212443061413435,51.489733285242316,73.42995169082126,207,152,76.65630935197144
G042432E43372N,Terra,2014-07-12,0.41548964321634657,28.514384752648215,71.49758454106279,207,148,75.43313253012046
G042432E43372N,Terra,2014-07-16,0.42637473113975394,55.24682865712434,70.53140096618358,207,146,49.63245460761226
G042432E43372N,Terra,2014-07-17,0.41961027180383514,2.2520207676829034,74.39613526570048,207,154,80.36285097192227
G042432E43372N,Terra,2014-07-23,0.5086035785765752,50.281851247199896,70.04830917874396,207,145,71.40948205877578
G042432E43372N,Terra,2014-08-02,0.4172168902842848,2.3436565549185584,77.29468599033817,207,160,77.33404239155209
G042432E43372N,Terra,2014-08-14,0.34923713696041386,39.69869660959047,76.32850241545893,207,158,68.9837423079845
G042432E43372N,Terra,2014-08-17,0.4615307187061014,55.055080489008844,100.0,207,207,67.00174732203905
G042432E43372N,Terra,2014-08-18,0.3258608264288354,2.7589711074832017,71.01449275362319,207,147,71.08722109533468
G042432E43372N,Terra,2014-08-28,0.2784434981867454,51.67311875925439,94.68599033816425,207,196,70.33062371799741
G042432E43372N,Terra,2014-09-02,0.3570178764422376,54.98064467139987,77.29468599033817,207,160,65.01849729906695
G042432E43372N,Terra,2014-09-06,0.3944274305467299,46.27083678195828,74.8792270531401,207,155,69.52092987920686
G042432E43372N,Terra,2014-09-12,0.48839189944134115,8.086352746877251,86.47342995169082,207,179,73.5177084209641
G042432E43372N,Terra,2014-09-23,0.46037341447952324,36.71602053988375,73.91304347826086,207,153,76.84204141755478
G042432E43372N,Terra,2014-09-26,0.39548970253576066,13.436940468506785,71.49758454106279,207,148,80.02628580110917
G042432E43372N,Terra,2014-10-19,0.33759429008145064,23.65580621891497,90.33816425120773,207,187,70.1315208825847
G042432E43372N,Terra,2014-10-21,0.29624207068298636,3.0016230684536196,72.46376811594203,207,150,82.26324591410112
G042432E43372N,Terra,2014-11-27,0.23924592143112094,31.97359156800251,90.47619047619048,210,190,73.4138271604938
G042432E43372N,Terra,2014-12-30,0.1436552253202036,50.01751646266258,84.21052631578947,209,176,60.35537417461479
G042432E43372N,Terra,2015-02-15,0.3237992420886855,32.35210011769629,75.84541062801932,207,157,76.26247815847454
G042432E43372N,Terra,2015-05-01,0.6262297929086922,2.5915336573142507,74.39613526570048,207,154,77.67018393030011
G042432E43372N,Terra,2015-05-03,0.6692871713658763,18.811266562891536,91.30434782608695,207,189,75.7531717693535
G042432E43372N,Terra,2015-05-10,0.6371873658751098,8.071874406773235,86.47342995169082,207,179,81.61406974094052
G042432E43372N,Terra,2015-05-15,0.6599416766536518,23.63031037624815,98.06763285024155,207,203,76.62744055306541
G042432E43372N,Terra,2015-05-22,0.53689920557612,32.41540643152749,88.40579710144928,207,183,85.89348932614146
G042432E43372N,Terra,2015-05-27,0.6294377209452903,51.75084798207991,87.92270531400966,207,182,70.44326530612244
G042432E43372N,Terra,2015-06-02,0.560237987695662,3.1697646076160826,72.94685990338165,207,151,82.77921758385956
G042432E43372N,Terra,2015-06-05,0.5659937975922067,46.44367914499412,90.33816425120773,207,187,73.80452784319685
G042432E43372N,Terra,2015-06-18,0.5381156060422965,3.3803200577091026,78.74396135265701,207,163,79.95593040042554
G042432E43372N,Terra,2015-07-02,0.4550746659228647,24.23051938190518,74.8792270531401,207,155,81.87563625313379
G042432E43372N,Terra,2015-07-04,0.4194303470457021,3.7730122631838685,72.46376811594203,207,150,79.60768461410234
G042432E43372N,Terra,2015-07-14,0.3656680168112667,52.08916094005107,76.32850241545893,207,158,70.98419813112513
G042432E43372N,Terra,2015-07-20,0.37671578643269843,3.816319905843043,88.40579710144928,207,183,80.60989136215149
G042432E43372N,Terra,2015-07-21,0.3703144291734692,56.64079672728652,100.0,207,207,73.35736534224722
G042432E43372N,Terra,2015-07-23,0.3783718326436086,46.7430428262272,100.0,207,207,73.40165615741091
G042432E43372N,Terra,2015-07-25,0.34661274571104783,32.98199438095604,96.61835748792271,207,200,79.11152472840539
G042432E43372N,Terra,2015-07-29,0.34952474047092486,7.193376741713806,72.94685990338165,207,151,74.03582930756842
G042432E43372N,Terra,2015-07-30,0.33722928449849304,52.07279319640095,92.27053140096618,207,191,74.90625237407886
G042432E43372N,Terra,2015-08-05,0.3219372837654119,3.7276012756748567,80.67632850241546,207,167,74.74306768973639
G042432E43372N,Terra,2015-08-07,0.4446802403141113,17.825359542883188,80.19323671497585,207,166,68.3197426556081
G042432E43372N,Terra,2015-08-09,0.3873429130995663,35.971963248414866,80.19323671497585,207,166,67.41529328371433
G042432E43372N,Terra,2015-08-10,0.29699951952844456,32.868418315046064,76.32850241545893,207,158,75.08356757578059
G042432E43372N,Terra,2015-08-13,0.44287399774028907,59.13484035081051,97.58454106280193,207,202,67.46722637294926
G042432E43372N,Terra,2015-08-19,0.2891927080679161,24.06001252894946,81.15942028985508,207,168,77.39003266732509
G042432E43372N,Terra,2015-08-30,0.4435069226708894,7.730603477732634,71.49758454106279,207,148,80.02881300279098
G042432E43372N,Terra,2015-09-02,0.4141364238410597,40.015396750066614,71.98067632850241,207,149,75.83116435404638
G042432E43372N,Terra,2015-09-20,0.2653768490802568,23.213889479479157,73.42995169082126,207,152,77.98652694610777
G042432E43372N,Terra,2015-09-27,0.5477853965102035,31.78914992976197,90.33816425120773,207,187,74.58131297229221
G042432E43372N,Terra,2015-09-29,0.3728176014150943,12.895379665135371,80.67632850241546,207,167,74.9787282534377
G042432E43372N,Terra,2015-10-08,0.42940242396899314,2.3244610653403743,92.27053140096618,207,191,78.11380384410849
G042432E43372N,Terra,2015-10-18,0.4185103148368918,51.56186833213109,71.98067632850241,207,149,66.76612456107928
G042432E43372N,Terra,2016-03-07,0.4153854687107314,12.951852386195371,75.84541062801932,207,157,72.73098075160401
G042432E43372N,Terra,2016-04-01,0.5709294359748677,2.1101848969209205,77.77777777777779,207,161,79.94762447738502
G042432E43372N,Terra,2016-04-13,0.5706556484036267,39.311039143475554,72.94685990338165,207,151,71.981122783979
G042432E43372N,Terra,2016-04-26,0.5757074466427794,8.472289001101023,73.91304347826086,207,153,73.11602610587383
G042432E43372N,Terra,2016-05-17,0.6137628510627119,23.679586165002533,71.98067632850241,207,149,78.51273910013168
G042432E43372N,Terra,2016-06-11,0.6882810120177106,14.114170241846695,90.33816425120773,207,187,78.75068471711403
G042432E43372N,Terra,2016-06-13,0.6713076837324529,7.559000151866063,92.7536231884058,207,192,76.4475423535668
G042432E43372N,Terra,2016-06-26,0.5382314569856139,49.53008808231144,78.74396135265701,207,163,77.54144192053485
G042432E43372N,Terra,2016-06-27,0.47458319365363694,14.134907741372118,89.85507246376811,207,186,87.16120945073311
G042432E43372N,Terra,2016-06-30,0.4651082104070728,51.9268079653745,75.84541062801932,207,157,72.08432728101496
G042432E43372N,Terra,2016-07-13,0.5190561730605672,14.08545844565094,85.02415458937197,207,176,81.70113196079923
G042432E43372N,Terra,2016-07-14,0.5607360290214124,59.21433786400395,85.5072463768116,207,177,75.98792068677353
G042432E43372N,Terra,2016-08-02,0.5052853854975068,27.9467010896389,70.53140096618358,207,146,71.07847553833679
G042432E43372N,Terra,2016-08-05,0.40393114744536923,23.71487148335165,97.58454106280193,207,202,76.88256308908481
G042432E43372N,Terra,2016-08-19,0.33218341371204235,39.81507878051554,77.77777777777779,207,161,72.62766846463572
G042432E43372N,Terra,2016-08-21,0.3005374713442169,23.463132047534064,81.64251207729468,207,169,77.8020208159234
G042432E43372N,Terra,2016-08-23,0.36438968075889205,2.7821365655491923,85.02415458937197,207,176,67.88156195396186
G042432E43372N,Terra,2016-08-24,0.36639897995164233,56.23407399673481,73.91304347826086,207,153,66.38635326335005
G042432E43372N,Terra,2016-08-25,0.40089295147065623,18.735542541478402,81.64251207729468,207,169,72.56929326996782
G042432E43372N,Terra,2016-08-29,0.33920452622987307,49.92959565663091,75.36231884057972,207,156,39.620755147002974
G042432E43372N,Terra,2016-09-08,0.43727981253174514,2.4143549489350407,81.64251207729468,207,169,76.45513940591051
G042432E43372N,Terra,2016-09-20,0.3145430209550147,39.442572421124645,79.22705314009661,207,164,78.22168198738888
G042432E43372N,Terra,2016-10-01,0.38700271812780196,13.054695508561462,73.42995169082126,207,152,75.86955861125882
G042432E43372N,Terra,2016-10-30,0.14308255000469522,37.020278916211204,80.95238095238095,210,170,59.94904606793857
G042432E43372N,Terra,2017-03-05,0.4907096766422187,19.260000569497723,71.01449275362319,207,147,75.58615446989661
G042432E43372N,Terra,2017-03-13,0.4797266031360341,51.330014047610206,100.0,207,207,66.40537871305936
G042432E43372N,Terra,2017-03-17,0.5241100529743393,22.88908918334027,77.77777777777779,207,161,72.73174808174429
G042432E43372N,Terra,2017-03-23,0.6134174589885735,37.07677151752156,83.09178743961353,207,172,65.05846585594014
G042432E43372N,Terra,2017-03-24,0.5176108435448322,31.731051862257466,79.22705314009661,207,164,74.90572058041478
G042432E43372N,Terra,2017-04-16,0.5323711723191533,39.282421883898444,77.29468599033817,207,160,77.3969424598602
G042432E43372N,Terra,2017-05-08,0.6638977796408485,19.305711682296252,71.01449275362319,207,147,69.15454707879219
G042432E43372N,Terra,2017-05-29,0.6496469417895648,12.842568054975516,89.3719806763285,207,185,82.37314720414084
G042432E43372N,Terra,2017-05-30,0.6299507743472653,59.87112722578699,75.84541062801932,207,157,67.48552761528526
G042432E43372N,Terra,2017-06-03,0.6050405303215107,39.33035631572957,79.22705314009661,207,164,81.73920538499426
G042432E43372N,Terra,2017-06-09,0.5754776933734653,19.31625080678845,80.19323671497585,207,166,85.99103547823445
G042432E43372N,Terra,2017-06-24,0.5509620035538736,55.96533695280761,83.57487922705315,207,173,79.19159766010787
G042432E43372N,Terra,2017-06-26,0.5386780615457265,45.81493792475049,96.61835748792271,207,200,77.8924257388133
G042432E43372N,Terra,2017-06-27,0.5445948642018963,37.130842287102844,85.02415458937197,207,176,80.61785533636824
G042432E43372N,Terra,2017-06-28,0.5159750841750842,31.670339800296183,80.67632850241546,207,167,80.1422702373707
G042432E43372N,Terra,2017-07-02,0.4755866823412945,8.892762253692263,75.84541062801932,207,157,85.8393983134544
G042432E43372N,Terra,2017-07-03,0.4224037250984196,51.29530354227583,96.1352657004831,207,199,83.75886955861127
G042432E43372N,Terra,2017-07-04,0.4665175293791994,28.83865674475114,74.8792270531401,207,155,82.97062032418953
G042432E43372N,Terra,2017-07-11,0.46020875440349146,19.21574262500475,71.98067632850241,207,149,79.19961051606622
G042432E43372N,Terra,2017-07-28,0.35414801156905296,46.049561296936176,83.57487922705315,207,173,75.15163716478007
G042432E43372N,Terra,2017-07-31,0.43004176916221076,49.980048597137426,84.54106280193237,207,175,69.81273265972803
G042432E43372N,Terra,2017-08-01,0.36509342954307644,13.307498576255744,86.95652173913044,207,180,79.00919243333585
G042432E43372N,Terra,2017-08-02,0.39477439282346666,59.515321576369544,73.42995169082126,207,152,70.71009648256475
G042432E43372N,Terra,2017-08-03,0.31791043480417697,8.373456281559656,75.84541062801932,207,157,75.44669102720258
G042432E43372N,Terra,2017-08-08,0.4319504520658653,23.315879114620902,74.8792270531401,207,155,62.00841327252712
G042432E43372N,Terra,2017-08-10,0.4386123593367766,2.7098395914803137,70.04830917874396,207,145,68.2764567347869
G042432E43372N,Terra,2017-08-13,0.4130203023452953,46.15574376400015,80.67632850241546,207,167,65.09541897743675
G042432E43372N,Terra,2017-08-16,0.5044836198404097,49.873217472189566,76.81159420289855,207,159,60.7289946576008
G042432E43372N,Terra,2017-08-23,0.448714372351695,43.76424560537614,71.01449275362319,207,147,63.41287802924095
G042432E43372N,Terra,2017-08-26,0.5025599250371585,2.8403118949087,88.88888888888889,207,184,72.3271672675968
G042432E43372N,Terra,2017-09-02,0.42881716492717753,13.628875242036516,96.61835748792271,207,200,80.55709184836282
G042432E43372N,Terra,2017-09-09,0.3987806594034179,23.565085804320606,86.47342995169082,207,179,77.84471625009495
G042432E43372N,Terra,2017-09-11,0.35456159612930677,2.934052355822164,71.49758454106279,207,148,77.67484615969002
G042432E43372N,Terra,2017-09-21,0.27051622325398594,51.690332586658656,76.81159420289855,207,159,72.58269391476107
G042432E43372N,Terra,2017-10-13,0.3984024974827745,2.851204297809335,96.1352657004831,207,199,78.93117070576616
G042432E43372N,Terra,2017-10-18,0.4187685678363245,32.216385208246315,100.0,207,207,70.57803116685672
G042432E43372N,Terra,2017-10-20,0.3359579250720463,13.38214586734502,72.94685990338165,207,151,83.16165626772545
G042432E43372N,Terra,2017-10-24,0.22069130246059526,28.382323930293467,70.04830917874396,207,145,80.94066702119578
G042432E43372N,Terra,2017-12-11,0.14051417837825605,28.904976942783957,83.73205741626795,209,175,76.40060193252017
G042432E43372N,Terra,2017-12-12,0.23335676298311386,39.23580225827871,77.99043062200957,209,163,71.30504099605218
G042432E43372N,Terra,2017-12-25,0.28964446792959714,9.011830913748943,96.17224880382776,209,201,52.95448798988621
G042432E43372N,Terra,2017-12-31,0.090903189316575,55.39418977132556,71.77033492822966,209,150,69.35211644936595
G042432E43372N,Terra,2018-02-13,0.2727192817797111,28.973102231329705,80.0,210,168,69.29874533740248
G042432E43372N,Terra,2018-03-17,0.5547089286798182,28.950592087778627,93.23671497584542,207,193,74.855504064423
G042432E43372N,Terra,2018-03-31,0.5894304438619098,8.55211055848741,84.54106280193237,207,175,72.20650095602294
G042432E43372N,Terra,2018-04-01,0.5316716720449388,51.462719351531796,79.22705314009661,207,164,71.52936623957348
G042432E43372N,Terra,2018-04-16,0.6030794659451187,8.048695850260074,70.04830917874396,207,145,79.5446646093877
G042432E43372N,Terra,2018-04-30,0.5950101633595862,13.9998883784502,70.04830917874396,207,145,73.60753627592496
G042432E43372N,Terra,2018-05-02,0.5366593778707769,7.6428062948479445,74.8792270531401,207,155,81.05699269113899
G042432E43372N,Terra,2018-05-18,0.6443626171600606,7.280750977637731,94.68599033816425,207,196,77.31315049760694
G042432E43372N,Terra,2018-05-27,0.6573967789617666,17.727132009567555,85.99033816425121,207,178,73.87601610575096
G042432E43372N,Terra,2018-06-01,0.674540982748595,14.585918030297254,98.06763285024155,207,203,73.39557851553597
G042432E43372N,Terra,2018-06-13,0.5394539411534298,46.86734025589439,81.64251207729468,207,169,77.47785459241815
G042432E43372N,Terra,2018-06-14,0.5580196908649656,35.71314210866014,79.71014492753623,207,165,79.96474967712527
G042432E43372N,Terra,2018-07-01,0.4225430057777875,33.25615399217889,85.5072463768116,207,177,81.7436754539239
G042432E43372N,Terra,2018-07-02,0.44200740468687083,49.138775010440874,79.22705314009661,207,164,72.22497369911791
G042432E43372N,Terra,2018-07-09,0.45358666666666686,42.91746402672847,79.71014492753623,207,165,69.65818834360616
G042432E43372N,Terra,2018-07-11,0.4497465209420956,54.38589695888242,94.68599033816425,207,196,60.3377649472005
G042432E43372N,Terra,2018-07-12,0.555081933882552,4.1917350696685585,71.01449275362319,207,147,52.75714752491424
G042432E43372N,Terra,2018-07-24,0.40444238429233226,40.66985250009506,87.43961352657004,207,181,71.6466635411783
G042432E43372N,Terra,2018-07-25,0.4088701866854527,42.906075970993676,79.71014492753623,207,165,62.339502762430946
G042432E43372N,Terra,2018-08-15,0.3664350878132364,17.42061145070049,70.04830917874396,207,145,70.02665670154464
G042432E43372N,Terra,2018-08-28,0.39656338594167456,54.443800068339655,83.57487922705315,207,173,55.05830880598203
G042432E43372N,Terra,2018-08-29,0.2933982571040784,4.122203006947879,87.43961352657004,207,181,74.93800805287549
G042432E43372N,Terra,2018-09-12,0.46052988905192205,24.528938266449064,74.39613526570048,207,154,74.79479372811691
G042432E43372N,Terra,2018-09-23,0.42355733196058243,6.995225710922981,77.29468599033817,207,160,69.84205728177469
G042432E43372N,Terra,2018-09-25,0.35795247615467735,27.279316602756413,80.67632850241546,207,167,73.45916584365267
G042432E43372N,Terra,2018-12-07,0.15675844013754298,37.12391289496159,72.72727272727273,209,152,77.63547004956729
G042432E43372N,Terra,2019-02-03,0.3070572164175374,22.67712488615665,75.71428571428571,210,159,75.65152902398827
G042432E43372N,Terra,2019-02-12,0.33366313716764945,12.726413744687319,85.23809523809524,210,179,78.74485377895934
G042432E43372N,Terra,2019-02-14,0.46767438423645336,9.00447537188829,77.14285714285715,210,162,82.76911865569272
G042432E43372N,Terra,2019-04-24,0.6453871339479395,23.070953718820004,83.57487922705315,207,173,71.61118286104993
G042432E43372N,Terra,2019-04-26,0.6222585785897298,2.413260754014961,85.02415458937197,207,176,80.072500615107
G042432E43372N,Terra,2019-04-28,0.6302938707762064,19.06653726413301,70.04830917874396,207,145,82.19052061951854
G042432E43372N,Terra,2019-05-01,0.5850300217233887,31.916469304073832,78.26086956521739,207,162,72.69537687570475
G042432E43372N,Terra,2019-05-05,0.6775042910834931,8.571653251831897,82.6086956521739,207,171,76.27379776646661
G042432E43372N,Terra,2019-05-10,0.6217222007762511,23.1197477125176,90.82125603864735,207,188,75.79772399422988
G042432E43372N,Terra,2019-05-13,0.6789408083070735,56.092040889935284,100.0,207,207,66.09230418597583
G042432E43372N,Terra,2019-05-15,0.5663979479202185,45.978680473822095,89.85507246376811,207,186,79.28017929043531
G042432E43372N,Terra,2019-05-19,0.555073519148074,13.163093321690274,83.57487922705315,207,173,78.74494811578371
G042432E43372N,Terra,2019-05-28,0.672941833873177,2.371065909867496,87.43961352657004,207,181,77.76813796247056
G042432E43372N,Terra,2019-05-30,0.5647458920998126,19.090944417024215,76.32850241545893,207,158,83.17591698841699
G042432E43372N,Terra,2019-05-31,0.5137606356968217,45.95808591822017,76.32850241545893,207,158,80.70690572058044
G042432E43372N,Terra,2019-06-01,0.5843109866119572,36.94068681422976,71.98067632850241,207,149,76.84175339968093
G042432E43372N,Terra,2019-06-02,0.5218746419496422,31.88732468962376,98.55072463768117,207,204,82.50049388344353
G042432E43372N,Terra,2019-06-06,0.5582850518593475,8.652295645240896,74.8792270531401,207,155,78.77295552367292
G042432E43372N,Terra,2019-06-10,0.5280462640947271,44.09903432172825,72.94685990338165,207,151,73.09456555112065
G042432E43372N,Terra,2019-07-02,0.5331521623104549,45.812290329929134,76.32850241545893,207,158,73.96664894021121
G042432E43372N,Terra,2019-07-10,0.5044645436922921,28.853000493564707,74.8792270531401,207,155,74.39243027888448
G042432E43372N,Terra,2019-07-12,0.7013300238744062,44.234963741979605,79.22705314009661,207,164,60.49576051219935
G042432E43372N,Terra,2019-07-17,0.49445997298981936,19.36652986066292,72.94685990338165,207,151,74.016303005352
G042432E43372N,Terra,2019-07-27,0.4167909493961169,39.328672880519456,73.91304347826086,207,153,74.60624477702652
G042432E43372N,Terra,2019-08-01,0.385017331717712,55.96078059151827,90.33816425120773,207,187,68.08523892729623
G042432E43372N,Terra,2019-08-09,0.3399169975282945,8.855240707695813,72.94685990338165,207,151,74.1127181260808
G042432E43372N,Terra,2019-08-14,0.32650871751378213,22.837827935760632,93.23671497584542,207,193,77.22061840006077
G042432E43372N,Terra,2019-08-15,0.4067888847420419,55.31859922548308,86.47342995169082,207,179,68.72703790929118
G042432E43372N,Terra,2019-08-16,0.31384371007916345,2.120142943923462,76.81159420289855,207,159,76.15450576863113
G042432E43372N,Terra,2019-08-18,0.28566247121054905,19.307408785451265,73.91304347826086,207,153,52.551056685759406
G042432E43372N,Terra,2019-08-19,0.30278175334511503,45.821599529215355,90.33816425120773,207,187,73.04299931626528
G042432E43372N,Terra,2019-08-23,0.28847595365791373,12.836943315995304,81.15942028985508,207,168,68.7428417071853
G042432E43372N,Terra,2019-08-28,0.3588086131814758,39.32631876684769,90.82125603864735,207,188,72.59993922358125
G042432E43372N,Terra,2019-08-29,0.3662016715921686,44.22489635141813,81.64251207729468,207,169,63.623558630477206
G042432E43372N,Terra,2019-09-04,0.40612830456549365,45.79613045294061,76.32850241545893,207,158,70.10552305705386
G042432E43372N,Terra,2019-09-18,0.3956581343455847,55.97080318159381,74.39613526570048,207,154,68.51218868256622
G042432E43372N,Terra,2019-10-21,0.26427981414141416,19.123678195831303,71.98067632850241,207,149,78.08771782841823
G042432E43372N,Terra,2020-01-09,0.2040262730696358,19.464029035012807,80.38277511961722,209,168,67.2872301500183
G042432E43372N,Terra,2020-03-27,0.4331958690121196,3.164245415543495,70.53140096618358,207,146,74.5459597128965
G042432E43372N,Terra,2020-04-03,0.5321857875656617,13.682565207487025,76.81159420289855,207,159,79.22183392843576
G042432E43372N,Terra,2020-05-09,0.7151625295916353,28.751235240517833,75.84541062801932,207,157,72.81880044310809
G042432E43372N,Terra,2020-05-12,0.5990682079797097,22.907637533695258,97.58454106280193,207,202,83.26483324470108
G042432E43372N,Terra,2020-06-06,0.6084095020359881,12.731288203804258,84.05797101449275,207,174,71.2593633670136
G042432E43372N,Terra,2020-06-07,0.5578610357862908,59.84406070845517,75.36231884057972,207,156,74.70576616272885
G042432E43372N,Terra,2020-06-08,0.5386207015605581,9.001109951023215,82.6086956521739,207,171,81.07719001269574
G042432E43372N,Terra,2020-06-29,0.4214848517882823,22.684202323550625,81.15942028985508,207,168,79.35311099293475
G042432E43372N,Terra,2020-07-15,0.3990019878750034,22.639635901135204,72.46376811594203,207,150,71.58687911696636
G042432E43372N,Terra,2020-07-20,0.38906750172550436,45.694908121037216,73.42995169082126,207,152,54.984364168528074
G042432E43372N,Terra,2020-08-01,0.5001318107370337,55.41742625004759,71.98067632850241,207,149,31.948690583695928
G042432E43372N,Terra,2020-08-05,0.3849545836249127,45.69109248642695,86.47342995169082,207,179,73.76456734786902
G042432E43372N,Terra,2020-08-07,0.3610076524648316,31.52566517331722,94.20289855072464,207,195,73.34817290891137
G042432E43372N,Terra,2020-08-18,0.31315003042917305,1.8483626941038018,77.77777777777779,207,161,72.21485535574668
G042432E43372N,Terra,2020-08-25,0.4584494268025707,12.641731083184622,80.19323671497585,207,166,77.26475727417764
G042432E43372N,Terra,2020-08-26,0.4635167089293189,59.85746782337981,76.32850241545893,207,158,68.32678808575226
G042432E43372N,Terra,2020-08-27,0.4163751844525234,9.06437602035006,71.01449275362319,207,147,77.8703520644818
G042432E43372N,Terra,2020-09-11,0.3777407542361517,59.85742207373098,84.54106280193237,207,175,67.00729317024995
G042432E43372N,Terra,2020-09-19,0.31272034751122724,1.8826772087019255,80.19323671497585,207,166,72.53923853923855
G042432E43372N,Terra,2020-09-27,0.405725852204689,59.877656327119624,71.98067632850241,207,149,61.54873509078479
G042432E43372N,Terra,2020-10-28,0.20101198985246665,12.702018407818558,77.03349282296651,209,161,77.26173201605428
G042432E43372N,Terra,2020-11-04,0.39397571099154466,22.769782332289576,78.94736842105263,209,165,71.45354036257213
G042432E43372N,Terra,2020-11-06,0.4099812809564474,2.0528329063478514,100.0,209,209,68.89123339658441
G042432E43372N,Terra,2020-11-08,0.3015958821385808,19.377137219186412,72.85714285714285,210,153,82.40177916360969
G042432E43372N,Terra,2020-11-17,0.15663617162656032,28.825828210382504,80.47619047619048,210,169,65.05592911953165
G042432E43372N,Terra,2020-12-10,0.19043263545529465,19.391076003415876,73.68421052631578,209,154,71.275276683549
G042432E43372N,Terra,2020-12-20,0.19721214873500828,39.28215675111487,86.60287081339713,209,181,69.92959137171498
G042432E43372N,Terra,2021-05-02,0.599289650133242,56.07015015756117,89.85507246376811,207,186,69.50391248195699
G042432E43372N,Terra,2021-05-15,0.49817845762280477,23.023944530923718,73.91304347826086,207,153,82.94098720866354
G042432E43372N,Terra,2021-05-31,0.5325572814243956,22.934535479706867,71.01449275362319,207,147,79.00774899339058
G042432E43372N,Terra,2021-06-14,0.5557649459810826,39.417959679562735,85.02415458937197,207,176,74.49426422548052
G042432E43372N,Terra,2021-06-16,0.5028446346981327,22.95298967310832,85.02415458937197,207,176,81.70603994154894
G042432E43372N,Terra,2021-06-25,0.3893375449711506,12.964695508561434,83.09178743961353,207,172,77.63302680798004
G042432E43372N,Terra,2021-06-26,0.5028681705033596,59.77248547780871,85.99033816425121,207,178,72.96133100357062
G042432E43372N,Terra,2021-06-30,0.4077212031736016,39.4162527051142,83.57487922705315,207,173,72.79769049608751
G042432E43372N,Terra,2021-07-02,0.39109394158647465,22.943696989255464,78.26086956521739,207,162,77.48484388057433
G042432E43372N,Terra,2021-07-03,0.4771125608068026,55.2907897034815,96.1352657004831,207,199,44.00641662210679
G042432E43372N,Terra,2021-07-15,0.45510859734560644,28.788802346330524,70.04830917874396,207,145,73.2809531348955
G042432E43372N,Terra,2021-07-18,0.3883410970118707,22.863084399559547,92.27053140096618,207,191,73.15178910582695
G042432E43372N,Terra,2021-07-19,0.39804323442328904,55.3347046205247,86.95652173913044,207,180,61.51272506267567
G042432E43372N,Terra,2021-07-20,0.35459849834039164,2.081014844906794,82.6086956521739,207,171,76.28374990503684
G042432E43372N,Terra,2021-07-21,0.33082317149643714,55.97226944834655,100.0,207,207,69.93588087821925
G042432E43372N,Terra,2021-07-29,0.48604795432270437,8.84149132465166,83.09178743961353,207,172,76.00570450656019
G042432E43372N,Terra,2021-08-06,0.3952808427896219,55.99533448498425,94.68599033816425,207,196,73.81668312694674
G042432E43372N,Terra,2021-08-18,0.39428160660488015,44.185084285660004,81.64251207729468,207,169,66.23079845020133
G042432E43372N,Terra,2021-08-29,0.308684083571257,59.78199703861207,70.04830917874396,207,145,68.25579275241206
G042432E43372N,Terra,2021-08-30,0.276423810133716,8.841377614943628,73.91304347826086,207,153,72.67469694644775
G042432E43372N,Terra,2021-09-15,0.3955297334963325,8.734786248528799,78.26086956521739,207,162,75.71480665501788
G042432E43372N,Terra,2021-09-17,0.7201780542986428,28.717305326701823,85.5072463768116,207,177,58.2444549315715
G042432E43372N,Terra,2021-10-04,0.4092946550785045,39.48793405216597,80.19323671497585,207,166,71.47343916959241
G042432E43372N,Terra,2021-10-08,0.3845620703269588,2.2967147575838105,77.77777777777779,207,161,77.83105172555132
G042432E43372N,Terra,2021-10-09,0.3901353704043557,56.06509415695373,93.23671497584542,207,193,73.80255260958747
G042432E43372N,Terra,2021-10-11,0.38216955571150946,45.943378070541804,70.53140096618358,207,146,77.82184912254046
G042432E43372N,Terra,2021-11-27,0.1293451201503557,19.006970438676408,70.95238095238095,210,149,62.8892460549386
G042432E43372N,Terra,2022-01-12,0.1358065245035704,2.2865549104432303,77.61904761904762,210,163,63.53257142857141
G042432E43372N,Terra,2022-03-02,0.34447942019592687,56.138925737499704,75.84541062801932,207,157,65.19675781597932
G042432E43372N,Terra,2022-03-26,0.5217586791923726,8.389046850677696,81.64251207729468,207,169,74.05510426262458
G042432E43372N,Terra,2022-04-16,0.5090958417297535,23.63797068985157,71.49758454106279,207,148,73.93285277756016
G042432E43372N,Terra,2022-05-10,0.7485973806146572,49.63289323816411,79.71014492753623,207,165,74.34023346303503
G042432E43372N,Terra,2022-05-13,0.6363540893190549,7.722874254907169,88.40579710144928,207,183,79.25201487910725
G042432E43372N,Terra,2022-05-14,0.5689642361713197,51.876782527810455,86.95652173913044,207,180,82.4964673706602
G042432E43372N,Terra,2022-05-18,0.5237227569876978,23.804392535783453,73.91304347826086,207,153,83.49213705082428
G042432E43372N,Terra,2022-05-22,0.6167505685551122,18.42072269258514,74.8792270531401,207,155,80.55096146537966
G042432E43372N,Terra,2022-05-27,0.57835050891141,13.65255590569121,86.95652173913044,207,180,78.80361619691561
G042432E43372N,Terra,2022-05-28,0.6334804842440989,59.407000455598066,84.54106280193237,207,175,75.72878523133024
G042432E43372N,Terra,2022-05-29,0.5444596041323825,8.117708151410458,83.09178743961353,207,172,82.73417913849427
G042432E43372N,Terra,2022-06-19,0.5068900316288878,23.605641254413616,72.46376811594203,207,150,78.60600390497885
G042432E43372N,Terra,2022-07-10,0.4065315545190044,46.303737233759875,81.15942028985508,207,168,74.33421709295071
G042432E43372N,Terra,2022-07-15,0.44657899682507207,59.437080185276464,72.94685990338165,207,151,70.7737597812049
G042432E43372N,Terra,2022-07-28,0.3333740985735934,32.081934963362286,78.74396135265701,207,163,76.48355238167589
G042432E43372N,Terra,2022-07-29,0.44353440192469845,49.9860848931244,91.78743961352657,207,190,66.15270075210817
G042432E43372N,Terra,2022-07-30,0.3485065273583767,13.364214472834997,78.74396135265701,207,163,75.92380156499277
G042432E43372N,Terra,2022-08-01,0.3313411463576586,8.290578230001143,88.40579710144928,207,183,73.3520218308112
G042432E43372N,Terra,2022-08-04,0.2745753517545348,39.80584570408908,77.29468599033817,207,160,75.4481501177543
G042432E43372N,Terra,2022-08-10,0.35394665324225133,18.523246706404965,73.91304347826086,207,153,68.34736375719982
G042432E43372N,Terra,2022-08-13,0.3575290263602491,32.448898591442294,82.6086956521739,207,171,70.32340651827091
G042432E43372N,Terra,2022-08-16,0.4155269224928959,59.33737670374742,86.95652173913044,207,180,37.74244578741558
G042432E43372N,Terra,2022-08-18,0.35176126701929683,51.824609514408266,78.26086956521739,207,162,58.69338296740864
G042432E43372N,Terra,2022-08-22,0.3385685147919415,23.867644557500284,82.1256038647343,207,170,68.17128080316398
G042432E43372N,Terra,2022-08-23,0.494059979498083,54.81137021147371,100.0,207,207,25.551621970675384
G042432E43372N,Terra,2022-08-24,0.3880779217849601,3.327328676107676,92.27053140096618,207,191,66.75165235888473
G042432E43372N,Terra,2022-08-25,0.31032936554200585,56.460056380272746,80.67632850241546,207,167,61.207412687099094
G042432E43372N,Terra,2022-09-12,0.28250069974977315,46.590192300391074,85.99033816425121,207,178,67.30431683168318
G042432E43372N,Terra,2022-09-18,0.3650048538818513,7.461798663578733,76.32850241545893,207,158,79.77224037073616
G042432E43372N,Terra,2022-10-06,0.40685807180580946,27.834671969323104,73.91304347826086,207,153,59.78128621089222
G042432E43372N,Terra,2022-12-20,0.12857846881292273,58.93345516652417,83.73205741626795,209,175,79.49730550284625
G042432E43372N,Terra,2022-12-26,0.2276567925715484,1.6884006072682447,99.52153110047847,209,208,67.39893738140411
G042432E43372N,Terra,2023-01-31,0.25828537777777755,17.54437765634487,77.14285714285715,210,162,72.16062538212944
G042432E43372N,Terra,2023-02-09,0.29232417172306985,21.81932851396483,75.23809523809524,210,158,80.60982562038897
G042432E43372N,Terra,2023-02-14,0.26794746419315235,6.0381320203400195,70.0,210,147,73.00559196155525
G042432E43372N,Terra,2023-03-19,0.5721332673055305,36.11452636774373,70.53140096618358,207,146,71.95588929076898
G042432E43372N,Terra,2023-03-21,0.6836497177189622,52.93338053836535,72.46376811594203,207,150,73.61807932353533
G042432E43372N,Terra,2023-03-22,0.5097760755171722,4.443625232544894,94.20289855072464,207,195,80.87282534376664
G042432E43372N,Terra,2023-04-01,0.5479428316664658,32.35749952541857,78.74396135265701,207,163,72.03833762886597
G042432E43372N,Terra,2023-04-15,0.565173206958805,8.561969133224485,70.04830917874396,207,145,81.73353958432492
G042432E43372N,Terra,2023-04-25,0.5884766329642114,34.82559759292313,94.20289855072464,207,195,68.71820448877806
G042432E43372N,Terra,2023-05-04,0.6515193323812923,4.178490451421856,96.1352657004831,207,199,77.67097166299479
G042432E43372N,Terra,2023-05-16,0.6700943136952161,3.4727360567979093,85.5072463768116,207,177,81.6602033577678
G042432E43372N,Terra,2023-05-24,0.600555919452203,45.24883613652752,85.02415458937197,207,176,72.32310263617717
G042432E43372N,Terra,2023-06-25,0.5680525513665441,49.52907494589772,77.77777777777779,207,161,71.68274651141297
G042432E43372N,Terra,2023-06-26,0.4909154158790171,11.119854208588029,80.67632850241546,207,167,83.35719714242283
G042432E43372N,Terra,2023-07-03,0.49192541564907005,3.8982719541364554,80.19323671497585,207,166,78.93132264681304
G042432E43372N,Terra,2023-07-06,0.45695873724789643,35.430119025019906,80.19323671497585,207,166,78.84091772392314
G042432E43372N,Terra,2023-07-13,0.512821481711839,23.573361365275815,78.74396135265701,207,163,80.73395122692395
G042432E43372N,Terra,2023-07-14,0.5683699424560257,56.80927654808471,92.7536231884058,207,192,74.81698700904049
G042432E43372N,Terra,2023-07-19,0.5134178549222799,50.34259690952576,72.46376811594203,207,150,66.8844357249626
G042432E43372N,Terra,2023-07-27,0.39905167896506644,5.933203424579516,81.15942028985508,207,168,76.66134708241265
G042432E43372N,Terra,2023-07-28,0.36163113679822984,51.199563195261774,87.43961352657004,207,181,64.19463648104534
G042432E43372N,Terra,2023-07-31,0.459706883883665,50.763329093739436,85.99033816425121,207,178,65.9994288977727
G042432E43372N,Terra,2023-08-01,0.38299435568044987,8.696690269182591,94.68599033816425,207,196,77.57964567834956
G042432E43372N,Terra,2023-08-05,0.4078977182171981,42.67071737727325,81.15942028985508,207,168,67.92743554114561
G042432E43372N,Terra,2023-08-06,0.34633568397567716,22.282858498804043,86.47342995169082,207,179,77.57426118665958
G042432E43372N,Terra,2023-08-07,0.4862514377209957,57.40268366300912,85.02415458937197,207,176,69.5615741092456
G042432E43372N,Terra,2023-08-08,0.32445788784753127,6.153827783894606,71.98067632850241,207,149,75.57870407268668
G042432E43372N,Terra,2023-08-13,0.3201045343137257,8.355819127529523,96.1352657004831,207,199,75.65972802552609
G042432E43372N,Terra,2023-08-14,0.3100525116530715,57.18089752838,90.82125603864735,207,188,70.9402871685786
G042432E43372N,Terra,2023-08-16,0.30599344575314846,43.32735828998834,87.92270531400966,207,182,76.06480285649168
G042432E43372N,Terra,2023-08-18,0.32382998658318435,21.876396598200387,75.84541062801932,207,157,68.32340651827093
G042432E43372N,Terra,2023-08-24,0.3564920285983258,51.28532689168161,73.42995169082126,207,152,58.12445481286137
G042432E43372N,Terra,2023-08-28,0.32079737168588907,42.95038080413078,82.1256038647343,207,170,69.42285193344982
G042432E43372N,Terra,2023-08-30,0.28154272222956017,21.2093982307605,85.99033816425121,207,178,74.1784693553509
G042432E43372N,Terra,2023-08-31,0.3875585727636532,57.96881981092686,78.74396135265701,207,163,70.49889842741017
G042432E43372N,Terra,2023-09-16,0.410386227818843,31.96511048255449,79.22705314009661,207,164,81.70333510597888
G042432E43372N,Terra,2023-09-30,0.4276571481449223,3.920405482364558,87.43961352657004,207,181,76.7062219858695
G042432E43372N,Terra,2023-10-05,0.4074989608933733,17.31664717718972,88.40579710144928,207,183,76.97728481349236
G042432E43372N,Terra,2023-11-25,0.2313446500744523,40.75645966150565,80.47619047619048,210,169,49.79441323098836
G042432E43372N,Terra,2024-02-19,0.4387515751815464,21.61866224989557,71.01449275362319,207,147,79.79750164365547
G042432E43372N,Terra,2024-02-20,0.37674378116507157,42.299417403849795,80.19323671497585,207,166,74.38463876016102
G042432E43372N,Terra,2024-02-21,0.4296792957496787,44.35478586886374,85.02415458937197,207,176,79.69380103316112
G042432E43372N,Terra,2024-03-17,0.49979806352346456,6.322519268005608,86.47342995169082,207,179,77.44304108914949
G042432E43372N,Terra,2024-04-15,0.5711968217134575,2.0810689471885824,91.78743961352657,207,190,69.7545804464973
G042432E43372N,Terra,2024-04-25,0.4559755357530974,23.134936595922376,87.92270531400966,207,182,76.54144192053481
G042432E43372N,Terra,2024-04-27,0.4474712161277018,6.773199627928171,77.29468599033817,207,160,81.4562149157979
G042432E43372N,Terra,2024-04-30,0.3978249022532147,31.92650897908055,94.20289855072464,207,195,80.39664210286408
G042432E43372N,Terra,2024-05-19,0.6899402338064049,4.826841565739025,83.09178743961353,207,172,76.54785235995429
G042432E43372N,Terra,2024-05-24,0.6018183421432008,14.841705835453125,79.71014492753623,207,165,77.03274329560132
G042432E43372N,Terra,2024-05-31,0.5913331365283607,6.062879190553933,92.7536231884058,207,192,77.54546836982969
G042432E43372N,Terra,2024-06-05,0.5328941325990257,4.062089676904976,81.15942028985508,207,168,82.51222524080022
G042432E43372N,Terra,2024-06-06,0.5019201943095074,55.2200725160409,96.1352657004831,207,199,81.00569778925778
G042432E43372N,Terra,2024-06-08,0.48515175504437286,39.07270910057337,86.47342995169082,207,179,82.38380308440323
G042432E43372N,Terra,2024-06-17,0.5134213486730181,7.4397515091689055,89.3719806763285,207,185,77.54609713460516
G042432E43372N,Terra,2024-06-18,0.4813369406175773,50.12460837541301,100.0,207,207,66.93808402339893
G042432E43372N,Terra,2024-06-22,0.47872718870656383,2.408010934355898,78.26086956521739,207,162,76.66496999164323
G042432E43372N,Terra,2024-06-23,0.4273000740347016,54.495181100269754,100.0,207,207,73.30844032515384
G042432E43372N,Terra,2024-07-04,0.5111567292015888,9.622986256122102,82.6086956521739,207,171,75.79541138038442
G042432E43372N,Terra,2024-07-06,0.47952839946908343,36.6895734462204,82.1256038647343,207,170,70.03335612795384
G042432E43372N,Terra,2024-07-26,0.43995454430443826,3.5377303618208744,75.84541062801932,207,157,74.76965815263524
G042432E43372N,Terra,2024-07-30,0.4847395069080518,51.820117316526826,95.16908212560386,207,197,64.27493732431817
G042432E43372N,Terra,2024-07-31,0.44204687459422964,5.6993023653138,73.91304347826086,207,153,68.47997752989329
G042432E43372N,Terra,2024-08-03,0.38890499617382907,39.81188769505303,94.20289855072464,207,195,68.89804755754768
G042432E43372N,Terra,2024-08-05,0.3441817949131365,14.58431166710962,94.20289855072464,207,195,76.1152472840538
G042432E43372N,Terra,2024-08-06,0.3006648652798036,59.197971828846946,72.94685990338165,207,151,55.666513656185465
G042432E43372N,Terra,2024-08-12,0.42747435275266127,8.015586013136426,82.6086956521739,207,171,66.17703821898033
G042432E43372N,Terra,2024-08-13,0.2844766585646669,49.83988325297101,72.94685990338165,207,151,74.73524272582237
G042432E43372N,Terra,2024-08-15,0.3150480420431969,30.005509130946606,88.88888888888889,207,184,74.4754995061916
G042432E43372N,Terra,2024-08-21,0.37999400589845106,50.0624930711114,70.53140096618358,207,146,59.062846003898635
G042432E43372N,Terra,2024-08-30,0.29397124287289716,46.607261665211276,80.67632850241546,207,167,68.18415254881107
G042432E43372N,Terra,2024-09-01,0.36817168571722825,24.665641254413575,92.27053140096618,207,191,68.43493124667631
G042432E43372N,Terra,2024-09-02,0.42730448182113295,57.00752306465708,92.7536231884058,207,192,62.0942794195852
G042432E43372N,Terra,2024-09-03,0.30890682422373456,6.091840996241322,71.49758454106279,207,148,70.23110233229507
G042432E43372N,Terra,2024-09-11,0.3054410915135684,36.98615475150905,87.43961352657004,207,181,75.17784699536578
G042432E43372N,Terra,2024-09-28,0.32457819794584514,31.371892820532228,73.42995169082126,207,152,79.52373303349131
G042432E43372N,Terra,2024-10-05,0.33808365571563903,10.149517445612979,75.84541062801932,207,157,79.70257540074451
G042432E43372N,Terra,2024-10-07,0.3255333611490417,21.360055431109767,75.36231884057972,207,156,80.45935950900935
G042432E43372N,Terra,2024-10-19,0.4569315825978811,35.54571206196124,78.26086956521739,207,162,72.28795599773517
G042432E43372N,Terra,2024-10-23,0.32260532290519756,53.34627225786864,100.0,207,207,76.25396945984957
G042432E43372N,Terra,2024-10-27,0.32120666207687903,7.302586658567148,82.6086956521739,207,171,80.85713109354411
G042432E43372N,Terra,2024-10-30,0.24897438979963557,39.97597279143891,72.85714285714285,210,153,83.44676744934058
G042432E43372N,Terra,2024-11-07,0.093561207740381,59.037985352155474,75.71428571428571,210,159,75.31635675497776
G042432E43372N,Terra,2024-11-22,0.47804027235783303,50.931993397085705,70.47619047619048,210,148,51.533594259621644
G042432E43372N,Terra,2025-02-07,0.19344312356141458,19.792460534304816,72.85714285714285,210,153,81.05495400146542
G042432E43372N,Terra,2025-02-15,0.2989616683461549,21.09098826834733,76.32850241545893,207,158,74.92120814182536
G042432E43372N,Terra,2025-03-24,0.5442895030836117,14.689619006036699,74.8792270531401,207,155,74.57251386462053
G042432E43372N,Terra,2025-03-25,0.5071059780398538,58.90560936254227,73.42995169082126,207,152,67.57108165536782
G042432E43372N,Terra,2025-04-27,0.6988395731458843,32.77152112836482,74.8792270531401,207,155,70.59376803231393
G042432E43372N,Terra,2025-04-30,0.5471586126869523,1.443555563992557,74.8792270531401,207,155,82.64987531172069
G042432E43372N,Terra,2025-05-07,0.7319074786217937,28.69618702304563,75.36231884057972,207,156,71.7002415458937
G042432E43372N,Terra,2025-05-15,0.6566870319981439,8.830814191882771,90.33816425120773,207,187,78.05103926096999
G042432E43372N,Terra,2025-05-16,0.6508956392630003,56.60684593188818,80.19323671497585,207,166,65.23471346312037
G042432E43372N,Terra,2025-05-25,0.6708083040690134,13.431128174949716,99.51690821256038,207,206,74.99240294765632
G042432E43372N,Terra,2025-06-04,0.5717767259030327,17.693344660009895,98.06763285024155,207,203,77.26627668464634
G042432E43372N,Terra,2025-06-07,0.4948755828136148,44.807736246630526,82.6086956521739,207,171,73.294385778318
G042432E43372N,Terra,2025-06-19,0.5486620032497681,23.46637097080377,82.6086956521739,207,171,77.6191597660108
G042432E43372N,Terra,2025-06-26,0.496425074535251,7.832793765898484,86.47342995169082,207,179,83.29537339512267
G042432E43372N,Terra,2025-07-01,0.4993017528174483,5.788306123998633,80.67632850241546,207,167,78.7046266048773
G042432E43372N,Terra,2025-07-11,0.5064936291014723,1.791534416644522,86.47342995169082,207,179,77.37430676897364
G042432E43372N,Terra,2025-07-12,0.42710935731520067,52.173931052811426,85.99033816425121,207,178,73.63458178226848
G042432E43372N,Terra,2025-07-14,0.44289428335496067,31.728994077223994,80.19323671497585,207,166,71.3751916590003
G042432E43372N,Terra,2025-07-23,0.4807520346476589,30.360454648999603,83.57487922705315,207,173,69.90364176305096
G042432E43372N,Terra,2025-07-24,0.3732437635339976,34.58048236455441,78.26086956521739,207,162,74.35067993618478
G042432E43372N,Terra,2025-07-26,0.4103029978953552,4.0412754850222115,77.66990291262135,206,160,74.55785155359722
G042432E43372N,Terra,2025-07-29,0.34286539225631935,35.91081798853426,89.3719806763285,207,185,76.60161057509684
G042432E43372N,Terra,2025-07-30,0.4861067785048922,51.205097194274515,88.88888888888889,207,184,64.32796474967714
G042432E43372N,Terra,2025-07-31,0.3692320361045132,5.882031588139267,100.0,207,207,74.02636177163261
G042432E43372N,Terra,2025-08-06,0.4108238682607489,56.148248225065494,75.36231884057972,207,156,53.632365400908874
G042432E43372N,Terra,2025-08-10,0.406266896534978,9.380951440829195,78.74396135265701,207,163,74.60662462964372
G042432E43372N,Terra,2025-08-20,0.27623309758281117,12.690812483389662,83.57487922705315,207,173,70.78141030548964
G042432E43372N,Terra,2025-08-23,0.3201187411411413,41.55729716390145,78.26086956521739,207,162,73.71093215832255
G042432E43372N,Terra,2025-08-24,0.42270227428683477,46.67488154447775,76.81159420289855,207,159,60.03933390755095
G042432E43372N,Terra,2025-08-28,0.2949821911083603,42.539375450852354,88.88888888888889,207,184,72.44146471169186
G042432E43372N,Terra,2025-09-01,0.31288379046762604,18.39416587569766,84.54106280193237,207,175,71.22631618931855
G042432E43372N,Terra,2025-09-06,0.3484728677570818,16.988196590607075,72.94685990338165,207,151,70.04216022443892
G042432E43372N,Terra,2025-09-11,0.5591864812126695,15.597402331143925,79.71014492753623,207,165,77.76862268166616
G042432E43372N,Terra,2025-09-12,0.4634127058933323,45.08917384866541,82.1256038647343,207,170,74.24938451718793
G042432E43372N,Terra,2025-09-14,0.4283043504962171,19.82451194046848,77.77777777777779,207,161,77.05093586989874
G042432E43372N,Terra,2025-09-22,0.41231325676050073,46.57712555526033,89.85507246376811,207,186,75.26732292547875
G042432E43372N,Terra,2025-10-01,0.4245591168343939,10.424618056873856,74.8792270531401,207,155,79.15366248170685
G042432E43372N,Terra,2025-10-04,0.32375745716908033,24.2976513914727,74.39613526570048,207,154,79.3254577224037
G042432E43372N,Terra,2025-10-06,0.3341056847314801,9.33111355784198,85.99033816425121,207,178,83.22107422320138
G042432E43372N,Terra,2025-11-25,0.18846612609630972,2.165332574248027,92.27053140096618,207,191,69.96197480635311
G042432E43372N,Terra,2025-12-18,0.1422940606707724,31.903184932156666,99.52153110047847,209,208,67.96531309297909
G042432E43372N,Terra,2025-12-27,0.3568152722860309,32.251698453363744,90.43062200956938,209,189,47.49091220850476
