date,meanNIR,MODIS_weight_final,meanNIR_unweighted_7day,meanNIR_weighted_7day,meanNIR_unweighted_14day,meanNIR_weighted_14day,predicted_SLA_raw_WLS,predicted_SLA_smoothed_WLS
2000-05-04,0.8392,0.2764,0.8392,0.8392,0.8392,0.8392,2783.07,2783.07
2000-05-15,0.8073,0.0625,0.8073,0.8073,0.755,0.7181,2822.18,2822.18
2000-05-21,0.7027,0.3608,0.6616,0.6863,0.7102,0.7011,2950.42,2970.53
2000-05-22,0.6205,0.0896,0.6616,0.6863,0.7102,0.7011,3051.2,2970.53
2000-06-16,0.53,0.0969,0.53,0.53,0.53,0.53,3162.15,3162.15
2000-06-25,0.5878,0.0802,0.5878,0.5878,0.5878,0.5878,3091.29,3091.29
2000-07-04,0.3814,0.0656,0.3814,0.3814,0.4399,0.4344,3344.33,3344.33
2000-07-09,0.5119,0.1,0.4691,0.4399,0.4262,0.4224,3184.34,3272.61
2000-07-10,0.4263,0.5313,0.4691,0.4399,0.4247,0.4219,3289.28,3272.61
2000-07-14,0.4354,0.3526,0.3961,0.3893,0.4029,0.4029,3278.13,3334.65
2000-07-15,0.376,0.2772,0.3961,0.3893,0.3974,0.3966,3350.95,3334.65
2000-07-16,0.417,0.1439,0.3961,0.3893,0.3892,0.3921,3300.69,3334.65
2000-07-17,0.356,0.4953,0.3764,0.3853,0.3738,0.3869,3375.47,3339.55
2000-07-20,0.2975,0.0583,0.3339,0.3489,0.3703,0.376,3447.19,3384.18
2000-07-21,0.3589,0.3276,0.3266,0.3423,0.3703,0.376,3371.92,3392.27
2000-07-22,0.3234,0.1506,0.3445,0.3471,0.361,0.362,3415.44,3386.38
2000-07-25,0.398,0.051,0.3607,0.3423,0.3276,0.3356,3323.98,3392.27
2000-07-29,0.2559,0.0732,0.2938,0.3146,0.3273,0.3252,3498.19,3426.23
2000-07-30,0.3318,0.2504,0.2938,0.3146,0.3286,0.326,3405.14,3426.23
2000-08-20,0.3108,0.6766,0.3108,0.3108,0.3108,0.3108,3430.89,3430.89
2000-09-02,0.6102,0.1469,0.4816,0.3944,0.4816,0.3944,3063.82,3328.39
2000-09-05,0.353,0.7652,0.4816,0.3944,0.4266,0.3928,3379.15,3328.39
2000-09-09,0.4088,0.2076,0.3715,0.3877,0.4266,0.3928,3310.74,3336.61
2000-09-11,0.3343,0.0823,0.3715,0.3877,0.3654,0.3625,3402.08,3336.61
2000-09-19,0.3683,0.3464,0.3683,0.3683,0.3683,0.3683,3360.39,3360.39
2000-10-14,0.8686,0.4765,0.7798,0.8394,0.7798,0.8394,2747.03,2782.83
2000-10-15,0.691,0.0938,0.7798,0.8394,0.7798,0.8394,2964.76,2782.83
2001-05-01,0.7661,0.5841,0.7661,0.7661,0.7592,0.7624,2872.69,2872.69
2001-05-07,0.7522,0.2131,0.7522,0.7522,0.7592,0.7624,2889.73,2889.73
2001-05-25,0.8283,0.0969,0.7892,0.759,0.7892,0.759,2796.44,2881.4
2001-05-26,0.7501,0.7501,0.7892,0.759,0.7892,0.759,2892.31,2881.4
2001-06-13,0.5863,0.4942,0.5612,0.5795,0.5612,0.5795,3093.13,3101.46
2001-06-14,0.5361,0.0771,0.5612,0.5795,0.5612,0.5795,3154.67,3101.46
2001-07-06,0.4752,0.5377,0.4752,0.4752,0.4752,0.4752,3229.33,3229.33
2001-07-15,0.4829,0.4085,0.4475,0.4604,0.4475,0.4604,3219.89,3247.48
2001-07-16,0.4122,0.0946,0.4475,0.4604,0.4398,0.4431,3306.57,3247.48
2001-07-17,0.4473,0.3567,0.4475,0.4604,0.4398,0.4431,3263.54,3247.48
2001-07-22,0.4168,0.5654,0.378,0.4021,0.4127,0.42,3300.93,3318.95
2001-07-25,0.3392,0.1323,0.3866,0.3937,0.3608,0.3734,3396.07,3329.25
2001-07-26,0.4159,0.1455,0.3672,0.3594,0.3608,0.3734,3302.04,3371.3
2001-07-27,0.3745,0.4756,0.3496,0.3563,0.3606,0.3713,3352.79,3375.1
2001-07-29,0.3393,0.63,0.3522,0.358,0.3664,0.3733,3395.95,3373.02
2001-07-30,0.2791,0.0562,0.3382,0.3529,0.3592,0.3607,3469.75,3379.27
2001-08-02,0.3597,0.3626,0.3485,0.3638,0.3571,0.3603,3370.94,3365.91
2001-08-04,0.4068,0.1449,0.3636,0.3651,0.3418,0.3488,3313.19,3364.32
2001-08-06,0.3243,0.1,0.3656,0.3731,0.3331,0.3387,3414.34,3354.51
2001-08-11,0.3512,0.2104,0.3074,0.2958,0.3268,0.3099,3381.36,3449.28
2001-08-12,0.2774,0.2506,0.3074,0.2958,0.3107,0.2982,3471.84,3449.28
2001-08-13,0.3235,0.1,0.3074,0.2958,0.3107,0.2982,3415.32,3449.28
2001-08-14,0.2773,0.5321,0.3074,0.2958,0.3074,0.2958,3471.96,3449.28
2001-08-29,0.316,0.0698,0.4865,0.6164,0.4548,0.5539,3424.51,3056.22
2001-09-01,0.657,0.5169,0.4548,0.5539,0.4546,0.5237,3006.45,3132.85
2001-09-03,0.3915,0.2259,0.5129,0.5425,0.4546,0.5237,3331.95,3146.82
2001-09-06,0.4901,0.4791,0.4333,0.4544,0.4997,0.5506,3211.07,3254.83
2001-09-07,0.4183,0.0802,0.5124,0.55,0.4997,0.5506,3299.09,3137.63
2001-09-10,0.6287,0.4983,0.4865,0.5645,0.4807,0.5207,3041.14,3119.85
2001-09-11,0.4126,0.1335,0.5207,0.583,0.4985,0.5372,3306.08,3097.17
2001-09-15,0.5428,0.5704,0.5428,0.5428,0.528,0.5639,3146.46,3146.46
2001-09-24,0.4894,0.5219,0.4894,0.4894,0.4894,0.4894,3211.92,3211.92
2001-10-01,0.8202,0.628,0.722,0.7379,0.6444,0.657,2806.37,2907.27
2001-10-03,0.6237,0.4527,0.722,0.7379,0.6642,0.7154,3047.27,2907.27
2001-10-08,0.7032,0.514,0.5659,0.5856,0.6283,0.6599,2949.81,3093.98
2001-10-09,0.5097,0.0875,0.5659,0.5856,0.5804,0.5965,3187.04,3093.98
2001-10-10,0.4849,0.5343,0.5659,0.5856,0.5804,0.5965,3217.44,3093.98
2001-10-26,0.8384,0.5005,0.788,0.8281,0.7881,0.8281,2784.05,2796.68
2001-10-27,0.7377,0.057,0.788,0.8281,0.7881,0.8281,2907.51,2796.68
2002-05-01,0.871,0.4128,0.871,0.871,0.871,0.871,2744.09,2744.09
2002-05-14,0.6697,0.1,0.6942,0.7265,0.7125,0.7447,2990.88,2921.24
2002-05-15,0.7462,0.4818,0.6942,0.7265,0.7125,0.7447,2897.09,2921.24
2002-05-16,0.6667,0.0636,0.6942,0.7265,0.7069,0.7248,2994.56,2921.24
2002-05-20,0.7674,0.5146,0.7258,0.7237,0.7069,0.7248,2871.1,2924.67
2002-05-22,0.6843,0.5705,0.7258,0.7237,0.7037,0.7146,2972.98,2924.67
2002-05-27,0.654,0.3633,0.654,0.654,0.7019,0.7062,3010.13,3010.13
2002-06-04,0.7581,0.0885,0.7581,0.7581,0.7229,0.7102,2882.5,2882.5
2002-06-10,0.6877,0.1886,0.6733,0.6726,0.6789,0.6627,2968.81,2987.32
2002-06-11,0.6589,0.2069,0.6733,0.6726,0.6789,0.6627,3004.12,2987.32
2002-06-15,0.6486,0.0594,0.6449,0.6419,0.6591,0.6542,3016.75,3024.96
2002-06-16,0.6412,0.5379,0.6449,0.6419,0.6668,0.6582,3025.82,3024.96
2002-06-22,0.6978,0.1,0.6293,0.635,0.6205,0.6275,2956.43,3033.42
2002-06-23,0.6468,0.8847,0.6107,0.6223,0.6158,0.6269,3018.95,3048.99
2002-06-24,0.5636,0.0896,0.6107,0.6223,0.6107,0.6223,3120.96,3048.99
2002-06-25,0.609,0.397,0.6107,0.6223,0.6107,0.6223,3065.3,3048.99
2002-06-26,0.5364,0.217,0.589,0.6176,0.6107,0.6223,3154.3,3054.75
2002-07-11,0.5382,0.4369,0.5382,0.5382,0.5382,0.5382,3152.1,3152.1
2002-07-19,0.414,0.0688,0.3929,0.3904,0.3929,0.3904,3304.36,3333.3
2002-07-20,0.4735,0.2491,0.3929,0.3904,0.3929,0.3904,3231.42,3333.3
2002-07-21,0.2913,0.2255,0.3929,0.3904,0.4336,0.4616,3454.79,3333.3
2002-07-27,0.5558,0.4109,0.5558,0.5558,0.469,0.4702,3130.52,3130.52
2002-07-31,0.5555,0.051,0.5555,0.5555,0.5557,0.5558,3130.89,3130.89
2002-08-13,0.3787,0.2164,0.4088,0.41,0.4088,0.41,3347.64,3309.27
2002-08-14,0.4388,0.2354,0.4088,0.41,0.4088,0.41,3273.96,3309.27
2002-08-25,0.4251,0.0604,0.4251,0.4251,0.3961,0.3743,3290.76,3290.76
2002-08-31,0.367,0.4224,0.367,0.367,0.3941,0.4054,3361.99,3361.99
2002-09-05,0.3181,0.0622,0.3921,0.443,0.3837,0.4039,3421.94,3268.81
2002-09-06,0.4661,0.3364,0.3921,0.443,0.3837,0.4039,3240.49,3268.81
2002-09-14,0.5461,0.1477,0.5461,0.5461,0.6695,0.7486,3142.41,3142.41
2002-09-20,0.7928,0.6763,0.6755,0.7272,0.5839,0.6251,2839.96,2920.38
2002-09-23,0.5582,0.2624,0.5965,0.6335,0.5965,0.6335,3127.58,3035.26
2002-09-25,0.4385,0.4512,0.4984,0.4825,0.5965,0.6335,3274.33,3220.38
2002-10-06,0.7383,0.6987,0.6883,0.7271,0.6883,0.7271,2906.77,2920.51
2002-10-07,0.6383,0.0877,0.6883,0.7271,0.6383,0.6438,3029.37,2920.51
2002-10-13,0.5382,0.6206,0.5382,0.5382,0.6358,0.6422,3152.1,3152.1
2002-10-18,0.6416,0.4921,0.6321,0.6384,0.6869,0.7248,3025.33,3029.25
2002-10-19,0.6226,0.1,0.7364,0.8106,0.6869,0.7248,3048.62,2818.14
2002-10-22,0.945,0.7584,0.7838,0.9074,0.7364,0.8106,2653.36,2699.46
2003-05-01,0.6859,0.0927,0.7039,0.7165,0.7039,0.7165,2971.02,2933.5
2003-05-02,0.7219,0.531,0.7039,0.7165,0.7039,0.7165,2926.88,2933.5
2003-05-10,0.6964,0.0927,0.6964,0.6964,0.6964,0.6964,2958.14,2958.14
2003-05-21,0.5808,0.3231,0.5632,0.5725,0.5581,0.557,3099.87,3110.04
2003-05-24,0.5456,0.1,0.5581,0.557,0.5581,0.557,3143.02,3129.05
2003-05-25,0.5479,0.7201,0.5468,0.5476,0.5581,0.557,3140.2,3140.57
2003-06-07,0.6609,0.1119,0.6609,0.6609,0.5789,0.6047,3001.67,3001.67
2003-06-11,0.4968,0.0583,0.4968,0.4968,0.5789,0.6047,3202.85,3202.85
2003-06-18,0.5775,0.0802,0.5469,0.5883,0.5344,0.5825,3103.91,3090.67
2003-06-19,0.6047,0.701,0.5469,0.5883,0.5632,0.5908,3070.57,3090.67
2003-06-20,0.4585,0.0819,0.5469,0.5883,0.5632,0.5908,3249.81,3090.67
2003-06-25,0.6119,0.1,0.6119,0.6119,0.5632,0.5908,3061.74,3061.74
2003-07-03,0.5183,0.6179,0.46,0.5021,0.4601,0.5021,3176.49,3196.35
2003-07-04,0.4018,0.1,0.46,0.5021,0.4601,0.5021,3319.32,3196.35
2003-07-11,0.4509,0.0812,0.4423,0.4372,0.4288,0.4301,3259.13,3275.92
2003-07-14,0.4337,0.3198,0.4423,0.4372,0.4423,0.4372,3280.21,3275.92
2003-08-16,0.3406,0.147,0.3463,0.3453,0.3309,0.3398,3394.35,3388.59
2003-08-17,0.3707,0.2276,0.3463,0.3453,0.3309,0.3398,3357.45,3388.59
2003-08-18,0.3276,0.2884,0.3308,0.3398,0.3309,0.3398,3410.29,3395.33
2003-08-21,0.2845,0.0656,0.306,0.3196,0.3363,0.3433,3463.13,3420.1
2003-08-25,0.3504,0.2923,0.3473,0.3462,0.3267,0.3387,3382.34,3387.49
2003-08-27,0.3442,0.6121,0.3473,0.3462,0.3292,0.3403,3389.94,3387.49
2003-09-01,0.3121,0.1789,0.3335,0.336,0.3238,0.3214,3429.29,3399.99
2003-09-02,0.355,0.2258,0.3081,0.2949,0.3171,0.3156,3376.7,3450.38
2003-09-05,0.2572,0.4425,0.3061,0.2902,0.3858,0.3674,3496.6,3456.14
2003-09-09,0.619,0.2441,0.619,0.619,0.4104,0.3782,3053.04,3053.04
2003-09-23,0.6207,0.4272,0.6207,0.6207,0.6207,0.6207,3050.95,3050.95
2003-10-05,0.6847,0.337,0.5967,0.5734,0.5967,0.5734,2972.49,3108.94
2003-10-07,0.5087,0.5791,0.5967,0.5734,0.5967,0.5734,3188.26,3108.94
2003-10-15,0.3904,0.0688,0.3904,0.3904,0.3904,0.3904,3333.3,3333.3
2004-05-02,0.7771,0.8509,0.7523,0.7715,0.7523,0.7715,2859.21,2866.07
2004-05-05,0.7274,0.1075,0.7523,0.7715,0.7523,0.7715,2920.14,2866.07
2004-05-22,0.7787,0.414,0.734,0.7382,0.734,0.7382,2857.24,2906.9
2004-05-23,0.6893,0.3428,0.734,0.7382,0.734,0.7382,2966.85,2906.9
2004-06-05,0.7888,0.5875,0.7888,0.7888,0.7888,0.7888,2844.86,2844.86
2004-06-12,0.8009,0.7606,0.6736,0.7235,0.6848,0.7376,2830.03,2924.92
2004-06-13,0.6381,0.1,0.6736,0.7235,0.664,0.719,3029.62,2924.92
2004-06-14,0.666,0.5326,0.6736,0.7235,0.664,0.719,2995.41,2924.92
2004-06-15,0.5892,0.1462,0.664,0.719,0.664,0.719,3089.57,2930.44
2004-06-18,0.6258,0.075,0.6075,0.6016,0.664,0.719,3044.7,3074.37
2004-06-30,0.7165,0.5739,0.7091,0.704,0.6768,0.6952,2933.5,2948.83
2004-07-02,0.7822,0.2432,0.6768,0.6952,0.6489,0.641,2852.95,2959.62
2004-07-03,0.6287,0.3484,0.6768,0.6952,0.6489,0.641,3041.14,2959.62
2004-07-04,0.5796,0.0885,0.632,0.6086,0.6489,0.641,3101.34,3065.79
2004-07-07,0.5374,0.6556,0.5585,0.5424,0.6418,0.6386,3153.08,3146.95
2004-07-11,0.6067,0.1462,0.5518,0.5204,0.5552,0.5319,3068.12,3173.92
2004-07-14,0.4969,0.5377,0.5518,0.5204,0.547,0.5287,3202.73,3173.92
2004-07-28,0.4317,0.3285,0.4346,0.4425,0.4267,0.4366,3282.66,3269.42
2004-07-29,0.4692,0.1,0.4349,0.4412,0.4267,0.4366,3236.69,3271.02
2004-07-30,0.449,0.957,0.4267,0.4366,0.4267,0.4366,3261.45,3276.66
2004-07-31,0.3886,0.1,0.4267,0.4366,0.4267,0.4366,3335.5,3276.66
2004-08-01,0.436,0.3555,0.4257,0.4375,0.4267,0.4366,3277.39,3275.55
2004-08-02,0.3858,0.1693,0.4148,0.4355,0.4267,0.4366,3338.94,3278.01
2004-08-14,0.5243,0.0885,0.4563,0.4688,0.4348,0.4516,3169.14,3237.18
2004-08-15,0.4701,0.8757,0.4348,0.4516,0.4348,0.4516,3235.59,3258.27
2004-08-16,0.3744,0.0646,0.4348,0.4516,0.4348,0.4516,3352.91,3258.27
2004-08-18,0.3706,0.2179,0.405,0.446,0.4348,0.4516,3357.57,3265.13
2004-08-28,0.4093,0.1535,0.4093,0.4093,0.4093,0.4093,3310.13,3310.13
2004-09-08,0.5954,0.1,0.5954,0.5954,0.5589,0.5349,3081.97,3081.97
2004-09-14,0.5224,0.4843,0.506,0.5181,0.5358,0.5299,3171.47,3176.74
2004-09-15,0.4895,0.0719,0.506,0.5181,0.5023,0.4797,3211.8,3176.74
2004-09-21,0.402,0.4247,0.402,0.402,0.4336,0.4405,3319.08,3319.08
2004-09-25,0.4011,0.4386,0.3689,0.3787,0.3725,0.3777,3320.18,3347.64
2004-09-26,0.3531,0.1087,0.3689,0.3787,0.3725,0.3777,3379.03,3347.64
2004-09-28,0.3524,0.2679,0.3652,0.3697,0.3725,0.3777,3379.89,3358.68
2004-09-30,0.3541,0.4693,0.3533,0.3535,0.3652,0.3697,3377.8,3378.54
2004-10-07,0.6103,0.2925,0.5505,0.5864,0.5762,0.6311,3063.7,3093.0
2004-10-08,0.4907,0.0729,0.6503,0.7567,0.6947,0.7733,3210.33,2884.22
2004-10-11,0.8498,0.6687,0.7228,0.8185,0.6947,0.7733,2770.08,2808.45
2004-10-14,0.8279,0.3135,0.8388,0.8428,0.6947,0.7733,2796.93,2778.66
2004-10-23,0.8879,0.4851,0.7851,0.8528,0.773,0.8001,2723.37,2766.4
2004-10-26,0.6823,0.1,0.773,0.8001,0.773,0.8001,2975.43,2831.01
2004-10-27,0.7489,0.6027,0.7156,0.7394,0.773,0.8001,2893.78,2905.43
2005-05-06,0.7939,0.1,0.7939,0.7939,0.7771,0.7808,2838.61,2838.61
2005-05-10,0.7913,0.3438,0.7687,0.7781,0.7771,0.7808,2841.8,2857.98
2005-05-11,0.7461,0.1418,0.7687,0.7781,0.7661,0.7706,2897.21,2857.98
2005-05-17,0.7331,0.1602,0.735,0.735,0.704,0.6971,2913.15,2910.82
2005-05-18,0.7368,0.1722,0.7019,0.6689,0.6866,0.6709,2908.61,2991.86
2005-05-21,0.6359,0.6654,0.6512,0.6488,0.6717,0.6611,3032.32,3016.5
2005-05-22,0.5809,0.0969,0.6084,0.6289,0.6765,0.6708,3099.75,3040.9
2005-05-28,0.696,0.4203,0.6514,0.6806,0.6299,0.6496,2958.63,2977.51
2005-05-29,0.6068,0.0875,0.6514,0.6806,0.6279,0.6646,3067.99,2977.51
2005-06-08,0.6751,0.6138,0.6063,0.6322,0.6063,0.6322,2984.26,3036.85
2005-06-09,0.57,0.1192,0.6063,0.6322,0.6063,0.6322,3113.11,3036.85
2005-06-10,0.6181,0.3357,0.6063,0.6322,0.6063,0.6322,3054.14,3036.85
2005-06-11,0.562,0.2022,0.6063,0.6322,0.6063,0.6322,3122.92,3036.85
2005-06-24,0.6815,0.6321,0.6815,0.6815,0.6815,0.6815,2976.41,2976.41
2005-07-04,0.4981,0.1985,0.4981,0.4981,0.5088,0.5135,3201.26,3201.26
2005-07-10,0.5196,0.5033,0.5196,0.5196,0.4955,0.5079,3174.9,3174.9
2005-07-16,0.4687,0.1,0.4611,0.4611,0.463,0.4657,3237.3,3246.62
2005-07-18,0.4535,0.1,0.4617,0.4622,0.4365,0.4181,3255.94,3245.27
2005-07-21,0.463,0.2515,0.4284,0.4143,0.4365,0.4181,3244.29,3304.0
2005-07-22,0.4103,0.4619,0.4201,0.4111,0.4344,0.4191,3308.9,3307.92
2005-07-24,0.3869,0.5224,0.4201,0.4111,0.4083,0.4037,3337.59,3307.92
2005-07-28,0.4243,0.2744,0.3597,0.3598,0.3899,0.3892,3291.74,3370.81
2005-07-29,0.3118,0.2156,0.3597,0.3598,0.3752,0.3794,3429.66,3370.81
2005-07-31,0.3429,0.4344,0.3597,0.3598,0.3665,0.3696,3391.53,3370.81
2005-08-07,0.3594,0.2876,0.3842,0.3782,0.3759,0.367,3371.3,3348.25
2005-08-08,0.6269,0.1,0.3842,0.3782,0.3842,0.3782,3043.35,3348.25
2005-08-09,0.3618,0.4872,0.3842,0.3782,0.3851,0.3793,3368.36,3348.25
2005-08-10,0.1887,0.0604,0.3842,0.3782,0.3724,0.3552,3580.58,3348.25
2005-08-15,0.3888,0.1012,0.3581,0.3277,0.361,0.3501,3335.26,3410.17
2005-08-16,0.309,0.5388,0.3374,0.3212,0.3167,0.3298,3433.09,3418.14
2005-08-17,0.3766,0.0792,0.3374,0.3212,0.3245,0.3348,3350.22,3418.14
2005-08-19,0.275,0.1,0.3202,0.3117,0.3535,0.3429,3474.78,3429.78
2005-08-23,0.4091,0.2676,0.3751,0.3632,0.3518,0.3472,3310.37,3366.64
2005-08-24,0.3807,0.1,0.3756,0.3674,0.359,0.3615,3345.19,3361.5
2005-08-25,0.3355,0.5057,0.3756,0.3674,0.3555,0.3606,3400.6,3361.5
2005-08-27,0.377,0.3848,0.3644,0.3562,0.3756,0.3674,3349.73,3375.23
2005-09-15,0.4699,0.252,0.4704,0.4702,0.4704,0.4702,3235.83,3235.46
2005-09-16,0.4709,0.1081,0.4704,0.4702,0.4704,0.4702,3234.61,3235.46
2005-10-21,0.9445,0.9567,0.8795,0.9167,0.8618,0.8946,2653.98,2688.06
2005-10-22,0.8605,0.1,0.8795,0.9167,0.8618,0.8946,2756.96,2688.06
2005-10-23,0.9255,0.5488,0.8618,0.8946,0.8618,0.8946,2677.27,2715.15
2005-10-24,0.7875,0.2002,0.8618,0.8946,0.8618,0.8946,2846.46,2715.15
2005-10-26,0.7911,0.3847,0.8347,0.8555,0.8618,0.8946,2842.04,2763.09
2006-05-05,0.8241,0.2592,0.8096,0.8048,0.7888,0.7973,2801.58,2825.25
2006-05-08,0.7952,0.5192,0.7888,0.7973,0.7888,0.7973,2837.02,2834.44
2006-05-11,0.747,0.1169,0.7711,0.7863,0.789,0.8013,2896.11,2847.93
2006-05-15,0.8104,0.6208,0.7894,0.8065,0.7698,0.788,2818.38,2823.16
2006-05-16,0.7684,0.0635,0.7894,0.8065,0.7608,0.7758,2869.87,2823.16
2006-05-21,0.728,0.1934,0.7391,0.742,0.7117,0.7299,2919.4,2902.24
2006-05-22,0.7502,0.3296,0.6881,0.7176,0.7117,0.7299,2892.19,2932.15
2006-05-25,0.5861,0.0969,0.6544,0.6695,0.6728,0.6802,3093.37,2991.12
2006-05-26,0.627,0.4354,0.6066,0.6196,0.6529,0.6735,3043.23,3052.3
2006-06-01,0.5731,0.0708,0.5715,0.5823,0.5782,0.5891,3109.31,3098.03
2006-06-02,0.5856,0.8753,0.5669,0.5784,0.5769,0.5893,3093.98,3102.81
2006-06-03,0.5428,0.0729,0.5669,0.5784,0.5669,0.5784,3146.46,3102.81
2006-06-04,0.5845,0.3134,0.5669,0.5784,0.5669,0.5784,3095.33,3102.81
2006-06-05,0.5485,0.1749,0.5654,0.5787,0.5669,0.5784,3139.47,3102.44
2006-06-18,0.5525,0.5237,0.5392,0.5398,0.5392,0.5398,3134.56,3150.13
2006-06-20,0.5259,0.475,0.5392,0.5398,0.5392,0.5398,3167.18,3150.13
2006-07-09,0.4329,0.3544,0.4455,0.4368,0.4369,0.4277,3281.19,3276.41
2006-07-10,0.4581,0.0646,0.4369,0.4277,0.4369,0.4277,3250.3,3287.57
2006-07-13,0.4196,0.4646,0.4388,0.4243,0.4435,0.4319,3297.5,3291.74
2006-07-17,0.4633,0.1156,0.4633,0.4633,0.4218,0.415,3243.92,3243.92
2006-07-23,0.3462,0.1532,0.38,0.3729,0.38,0.3872,3387.49,3354.75
2006-07-26,0.4139,0.1,0.3522,0.3588,0.3594,0.3708,3304.49,3372.04
2006-07-28,0.2964,0.0573,0.3639,0.3781,0.3594,0.3708,3448.54,3348.38
2006-07-31,0.3813,0.3516,0.3388,0.3694,0.3395,0.3453,3344.45,3359.04
2006-08-04,0.3624,0.1,0.3229,0.3315,0.3203,0.3334,3367.63,3405.51
2006-08-05,0.3257,0.6048,0.3129,0.3228,0.3264,0.3349,3412.62,3416.17
2006-08-06,0.2572,0.074,0.3129,0.3228,0.3264,0.3349,3496.6,3416.17
2006-08-07,0.3462,0.4001,0.3129,0.3228,0.316,0.3311,3387.49,3416.17
2006-08-08,0.2729,0.206,0.3083,0.3211,0.304,0.3103,3477.35,3418.26
2006-08-11,0.3394,0.1,0.2852,0.2848,0.295,0.3022,3395.82,3462.76
2006-08-13,0.2433,0.0781,0.286,0.2935,0.2887,0.2954,3513.64,3452.1
2006-08-14,0.2852,0.5982,0.2802,0.2843,0.2922,0.2966,3462.27,3463.38
2006-08-15,0.2448,0.0984,0.2785,0.2849,0.2854,0.2864,3511.8,3462.64
2006-08-16,0.3174,0.3811,0.2785,0.2849,0.2872,0.288,3422.8,3462.64
2006-08-17,0.251,0.3458,0.2856,0.2869,0.2872,0.288,3504.2,3460.19
2006-08-18,0.3295,0.1407,0.2857,0.288,0.2872,0.288,3407.96,3458.84
2006-08-28,0.2674,0.4882,0.2826,0.284,0.2763,0.2792,3484.09,3463.74
2006-08-30,0.2979,0.5811,0.2763,0.2792,0.2763,0.2792,3446.7,3469.63
2006-09-02,0.2636,0.3293,0.2807,0.2855,0.3733,0.3571,3488.75,3461.9
2006-09-08,0.6641,0.3549,0.5348,0.5721,0.467,0.4712,2997.74,3110.53
2006-09-09,0.4662,0.1298,0.5348,0.5721,0.467,0.4712,3240.37,3110.53
2006-09-10,0.4741,0.1929,0.5348,0.5721,0.5348,0.5721,3230.68,3110.53
2006-09-17,0.8178,0.2938,0.695,0.6869,0.6214,0.637,2809.31,2969.79
2006-09-18,0.5722,0.3354,0.695,0.6869,0.695,0.6869,3110.41,2969.79
2006-10-04,0.6001,0.3533,0.5194,0.5328,0.5194,0.5328,3076.21,3158.72
2006-10-05,0.5747,0.1066,0.5194,0.5328,0.5194,0.5328,3107.35,3158.72
2006-10-06,0.4781,0.3997,0.5194,0.5328,0.5194,0.5328,3225.78,3158.72
2006-10-07,0.4249,0.0594,0.5194,0.5328,0.5194,0.5328,3291.0,3158.72
2006-10-19,0.9496,0.3409,0.9496,0.9496,0.8513,0.8337,2647.72,2647.72
2006-10-24,0.753,0.4893,0.7333,0.7428,0.8054,0.8132,2888.75,2901.26
2006-10-27,0.7136,0.1716,0.7333,0.7428,0.7333,0.7428,2937.06,2901.26
2007-05-01,0.8748,0.1506,0.8748,0.8748,0.8748,0.8748,2739.43,2739.43
2007-05-08,0.7485,0.2148,0.7778,0.7653,0.8101,0.8018,2894.27,2873.67
2007-05-10,0.807,0.0868,0.7778,0.7653,0.7409,0.7224,2822.55,2873.67
2007-05-15,0.7596,0.3285,0.6737,0.6698,0.6697,0.6605,2880.66,2990.76
2007-05-16,0.6485,0.3405,0.661,0.6668,0.6598,0.6515,3016.87,2994.43
2007-05-17,0.6657,0.0859,0.6535,0.6492,0.6469,0.6437,2995.78,3016.01
2007-05-18,0.6209,0.4475,0.6388,0.6449,0.6269,0.6372,3050.71,3021.28
2007-05-19,0.6101,0.0635,0.6186,0.6228,0.6269,0.6372,3063.95,3048.38
2007-05-20,0.6161,0.6764,0.6012,0.6084,0.6205,0.6355,3056.59,3066.03
2007-05-21,0.5505,0.0875,0.5883,0.605,0.6205,0.6355,3137.02,3070.2
2007-05-23,0.5441,0.1677,0.57,0.5954,0.6097,0.6222,3144.86,3081.97
2007-05-26,0.5694,0.0562,0.592,0.6207,0.5921,0.6138,3113.85,3050.95
2007-05-29,0.6624,0.3777,0.6159,0.6504,0.592,0.6207,2999.83,3014.54
2007-06-14,0.5694,0.5326,0.5733,0.5728,0.5733,0.5728,3113.85,3109.68
2007-06-16,0.5772,0.4086,0.5733,0.5728,0.5733,0.5728,3104.28,3109.68
2007-06-23,0.5826,0.5124,0.5218,0.546,0.5145,0.5137,3097.66,3142.53
2007-06-24,0.4611,0.2207,0.5134,0.5401,0.4988,0.498,3246.62,3149.77
2007-06-27,0.4965,0.1,0.4708,0.4598,0.4988,0.498,3203.22,3248.21
2007-06-28,0.4549,0.8151,0.4757,0.4594,0.5078,0.5019,3254.22,3248.7
2007-07-04,0.5441,0.153,0.475,0.4571,0.4583,0.4505,3144.86,3251.52
2007-07-05,0.4363,0.5781,0.4666,0.4561,0.4472,0.4455,3277.02,3252.75
2007-07-06,0.4446,0.1,0.4666,0.4561,0.446,0.4396,3266.85,3252.75
2007-07-08,0.4413,0.0615,0.4263,0.4257,0.4418,0.4384,3270.89,3290.02
2007-07-10,0.3906,0.2179,0.417,0.4098,0.4418,0.4384,3333.05,3309.51
2007-07-11,0.4188,0.1909,0.417,0.4098,0.4418,0.4384,3298.48,3309.51
2007-07-13,0.4172,0.075,0.4089,0.4059,0.4178,0.4098,3300.44,3314.29
2007-07-19,0.3945,0.2278,0.4085,0.4054,0.4,0.3901,3328.27,3314.91
2007-07-20,0.4226,0.144,0.4085,0.4054,0.4,0.3901,3293.82,3314.91
2007-07-25,0.3659,0.32,0.3364,0.3355,0.369,0.3638,3363.33,3400.6
2007-07-28,0.3069,0.3398,0.3532,0.3529,0.3435,0.3402,3435.67,3379.27
2007-07-29,0.454,0.0583,0.339,0.3346,0.3435,0.3402,3255.32,3401.71
2007-07-30,0.3776,0.5968,0.339,0.3346,0.3435,0.3402,3348.99,3401.71
2007-07-31,0.2617,0.1,0.339,0.3346,0.3349,0.3269,3491.08,3401.71
2007-08-01,0.2947,0.3978,0.347,0.3428,0.337,0.3276,3450.63,3391.66
2007-08-06,0.2836,0.5521,0.3177,0.2904,0.3233,0.3288,3464.23,3455.9
2007-08-07,0.3519,0.0615,0.3299,0.3185,0.3074,0.3037,3380.5,3421.45
2007-08-10,0.3541,0.4849,0.328,0.319,0.3191,0.3081,3377.8,3420.83
2007-08-12,0.3393,0.2373,0.32,0.3173,0.3191,0.3081,3395.95,3422.92
2007-08-13,0.2665,0.4548,0.32,0.3173,0.3191,0.3081,3485.2,3422.92
2007-08-31,0.4042,0.5942,0.4042,0.4042,0.3469,0.3701,3316.38,3316.38
2007-09-05,0.2777,0.2001,0.3008,0.285,0.3631,0.3784,3471.47,3462.52
2007-09-06,0.3589,0.1589,0.3008,0.285,0.3531,0.3743,3371.92,3462.52
2007-09-07,0.2658,0.5361,0.3008,0.285,0.3531,0.3743,3486.06,3462.52
2007-09-11,0.5089,0.5235,0.46,0.5084,0.3804,0.4045,3188.02,3188.63
2007-09-12,0.3029,0.1151,0.46,0.5084,0.4088,0.4431,3440.57,3188.63
2007-09-14,0.5681,0.3917,0.46,0.5084,0.4342,0.463,3115.44,3188.63
2007-09-18,0.5794,0.5443,0.4345,0.5071,0.4472,0.5078,3101.59,3190.22
2007-09-19,0.3799,0.0537,0.4345,0.5071,0.4349,0.5074,3346.17,3190.22
2007-09-21,0.3443,0.2,0.4345,0.5071,0.4679,0.5272,3389.82,3190.22
2007-09-29,0.4883,0.2798,0.4433,0.4682,0.4189,0.4063,3213.27,3237.92
2007-10-01,0.3983,0.0802,0.4189,0.4063,0.4189,0.4063,3323.61,3313.8
2007-10-04,0.3701,0.6164,0.3842,0.3733,0.4189,0.4063,3358.19,3354.26
2007-10-18,0.863,0.6777,0.695,0.7658,0.695,0.7658,2753.89,2873.06
2007-10-19,0.6522,0.0969,0.695,0.7658,0.695,0.7658,3012.33,2873.06
2007-10-20,0.6778,0.4352,0.695,0.7658,0.695,0.7658,2980.95,2873.06
2007-10-21,0.5872,0.0924,0.695,0.7658,0.695,0.7658,3092.02,2873.06
2008-05-02,0.7386,0.2432,0.7386,0.7386,0.7972,0.8176,2906.41,2906.41
2008-05-08,0.8558,0.5021,0.8558,0.8558,0.7972,0.8176,2762.72,2762.72
2008-05-23,0.6043,0.1,0.6043,0.6043,0.6043,0.6043,3071.06,3071.06
2008-05-31,0.791,0.7551,0.791,0.791,0.7616,0.7487,2842.16,2842.16
2008-06-04,0.8119,0.1076,0.7468,0.7022,0.7527,0.747,2816.54,2951.03
2008-06-05,0.6818,0.5792,0.7468,0.7022,0.7527,0.747,2976.04,2951.03
2008-06-10,0.7262,0.1169,0.7262,0.7262,0.7206,0.6863,2921.61,2921.61
2008-06-14,0.6623,0.647,0.6623,0.6623,0.6942,0.6721,2999.95,2999.95
2008-06-27,0.5469,0.1719,0.5469,0.5469,0.5469,0.5469,3141.43,3141.43
2008-07-05,0.5427,0.2637,0.5427,0.5427,0.5406,0.5396,3146.58,3146.58
2008-07-09,0.5385,0.7219,0.501,0.5225,0.5093,0.5224,3151.73,3171.34
2008-07-12,0.4635,0.1959,0.4982,0.5175,0.5093,0.5224,3243.68,3177.47
2008-07-13,0.4926,0.1826,0.478,0.4775,0.4732,0.5099,3208.0,3226.51
2008-07-19,0.3982,0.0747,0.4002,0.4012,0.4263,0.4168,3323.74,3320.06
2008-07-21,0.4022,0.2322,0.4051,0.4046,0.3913,0.3916,3318.83,3315.89
2008-07-24,0.4148,0.1,0.3896,0.3911,0.3913,0.3916,3303.38,3332.44
2008-07-25,0.3863,0.592,0.3854,0.3877,0.3913,0.3916,3338.32,3336.61
2008-07-26,0.3552,0.0583,0.3854,0.3877,0.3913,0.3916,3376.45,3336.61
2008-08-04,0.35,0.0726,0.35,0.35,0.3431,0.3301,3382.83,3382.83
2008-08-09,0.3575,0.1,0.3396,0.3277,0.3431,0.3301,3373.63,3410.17
2008-08-10,0.3218,0.5035,0.3396,0.3277,0.3431,0.3301,3417.4,3410.17
2008-08-24,0.2862,0.4151,0.2862,0.2862,0.3238,0.3141,3461.05,3461.05
2008-08-28,0.3057,0.4056,0.3426,0.3323,0.3439,0.3216,3437.14,3404.53
2008-08-30,0.3796,0.2281,0.3584,0.3315,0.3439,0.3216,3346.54,3405.51
2008-09-01,0.4287,0.0906,0.3759,0.3411,0.3584,0.3315,3286.34,3393.74
2008-09-02,0.3194,0.7713,0.3759,0.3411,0.3584,0.3315,3420.34,3393.74
2008-09-16,0.3719,0.2718,0.3655,0.3698,0.3655,0.3698,3355.98,3358.55
2008-09-17,0.3591,0.0531,0.3655,0.3698,0.3655,0.3698,3371.67,3358.55
2008-10-02,0.8027,0.4766,0.7319,0.7305,0.7319,0.7305,2827.82,2916.34
2008-10-04,0.6611,0.4954,0.7319,0.7305,0.7319,0.7305,3001.42,2916.34
2008-10-14,0.5704,0.1,0.5704,0.5704,0.6912,0.7301,3112.62,3112.62
2008-10-18,0.7835,0.396,0.7516,0.7479,0.6912,0.7301,2851.36,2895.01
2008-10-20,0.7196,0.4971,0.7516,0.7479,0.6912,0.7301,2929.7,2895.01
2008-10-29,0.6978,0.5481,0.6711,0.693,0.6711,0.693,2956.43,2962.31
2008-10-30,0.6445,0.0539,0.6711,0.693,0.6711,0.693,3021.77,2962.31
2009-05-02,0.8203,0.5967,0.8234,0.8228,0.8234,0.8228,2806.24,2803.18
2009-05-04,0.8265,0.3998,0.8234,0.8228,0.8234,0.8228,2798.64,2803.18
2009-05-16,0.7486,0.7287,0.6915,0.7351,0.6882,0.7217,2894.15,2910.7
2009-05-19,0.6344,0.0975,0.6882,0.7217,0.6882,0.7217,3034.16,2927.13
2009-05-20,0.6815,0.2762,0.6579,0.6692,0.6882,0.7217,2976.41,2991.49
2009-05-30,0.7727,0.4908,0.7492,0.7666,0.7187,0.7062,2864.6,2872.08
2009-05-31,0.7257,0.0729,0.7187,0.7062,0.7187,0.7062,2922.22,2946.13
2009-06-03,0.6576,0.702,0.6917,0.664,0.7187,0.7062,3005.71,2997.87
2009-06-25,0.5113,0.1,0.5232,0.5319,0.5232,0.5319,3185.08,3159.82
2009-06-26,0.535,0.6598,0.5232,0.5319,0.5232,0.5319,3156.02,3159.82
2009-07-08,0.4215,0.2977,0.4215,0.4215,0.4215,0.4215,3295.17,3295.17
2009-07-31,0.4513,0.1469,0.4513,0.4513,0.433,0.4223,3258.63,3258.63
2009-08-06,0.4146,0.5553,0.4146,0.4146,0.433,0.4223,3303.63,3303.63
2009-08-13,0.6278,0.8745,0.5324,0.5745,0.4671,0.5105,3042.25,3107.59
2009-08-15,0.4369,0.3384,0.4846,0.5482,0.4846,0.5482,3276.29,3139.84
2009-08-17,0.3892,0.2013,0.413,0.4191,0.4608,0.5061,3334.77,3298.11
2009-08-22,0.3895,0.5097,0.3736,0.3787,0.3894,0.3932,3334.4,3347.64
2009-08-24,0.4208,0.2341,0.3736,0.3787,0.3644,0.3751,3296.03,3347.64
2009-08-25,0.3104,0.2245,0.3736,0.3787,0.3582,0.3725,3431.38,3347.64
2009-08-30,0.3122,0.1,0.3122,0.3122,0.3478,0.357,3429.17,3429.17
2009-09-07,0.4239,0.5968,0.4239,0.4239,0.4239,0.4239,3292.23,3292.23
2009-09-24,0.7501,0.0596,0.7501,0.7501,0.7501,0.7501,2892.31,2892.31
2009-10-03,0.7269,0.2209,0.7466,0.7438,0.7465,0.7438,2920.75,2900.03
2009-10-04,0.7662,0.1659,0.7466,0.7438,0.7465,0.7438,2872.57,2900.03
2009-10-12,0.6464,0.2641,0.6464,0.6464,0.5769,0.569,3019.44,3019.44
2009-10-16,0.5648,0.74,0.5421,0.5502,0.5769,0.569,3119.48,3137.38
2009-10-18,0.5195,0.3505,0.5421,0.5502,0.5578,0.5664,3175.02,3137.38
2009-10-24,0.5006,0.0542,0.507,0.5114,0.5112,0.5155,3198.19,3184.95
2009-10-27,0.5135,0.2811,0.507,0.5114,0.507,0.5114,3182.38,3184.95
2010-05-06,0.7814,0.0646,0.7607,0.7474,0.7607,0.7474,2853.93,2895.62
2010-05-07,0.7399,0.2915,0.7607,0.7474,0.7607,0.7474,2904.81,2895.62
2010-05-19,0.6873,0.4882,0.6873,0.6873,0.6873,0.6873,2969.3,2969.3
2010-05-26,0.7346,0.4817,0.707,0.7273,0.6813,0.6965,2911.31,2920.26
2010-05-27,0.6795,0.074,0.707,0.7273,0.6793,0.7027,2978.86,2920.26
2010-05-31,0.6238,0.173,0.6238,0.6238,0.6562,0.6444,3047.15,3047.15
2010-06-04,0.5868,0.7369,0.5868,0.5868,0.6053,0.5938,3092.51,3092.51
2010-06-13,0.6115,0.87,0.5559,0.6044,0.556,0.6044,3062.23,3070.94
2010-06-14,0.5004,0.0594,0.5559,0.6044,0.556,0.6044,3198.44,3070.94
2010-07-01,0.4474,0.3725,0.4678,0.4606,0.4678,0.4606,3263.42,3247.23
2010-07-03,0.4883,0.1772,0.4678,0.4606,0.4371,0.4506,3213.27,3247.23
2010-07-09,0.3755,0.0732,0.4037,0.4011,0.4206,0.4183,3351.57,3320.18
2010-07-10,0.4304,0.2045,0.4037,0.4011,0.4206,0.4183,3284.26,3320.18
2010-07-11,0.3653,0.2937,0.4037,0.4011,0.4037,0.4011,3364.07,3320.18
2010-07-12,0.4435,0.1503,0.4037,0.4011,0.4037,0.4011,3268.2,3320.18
2010-07-27,0.3398,0.3499,0.3478,0.342,0.3384,0.3458,3395.33,3392.64
2010-07-28,0.3649,0.1037,0.3496,0.3479,0.3265,0.3397,3364.56,3385.4
2010-07-29,0.3386,0.4663,0.3357,0.3441,0.332,0.3428,3396.8,3390.06
2010-07-31,0.3551,0.748,0.3243,0.3397,0.3271,0.3352,3376.58,3395.46
2010-08-01,0.2802,0.1,0.3252,0.3422,0.3232,0.3275,3468.4,3392.39
2010-08-02,0.3521,0.4844,0.3168,0.3323,0.3232,0.3275,3380.25,3404.53
2010-08-03,0.255,0.1612,0.3168,0.3323,0.3228,0.3262,3499.3,3404.53
2010-08-04,0.3702,0.2662,0.3056,0.3109,0.3211,0.325,3358.06,3430.76
2010-08-05,0.288,0.4313,0.3107,0.3125,0.3187,0.3255,3458.84,3428.8
2010-08-07,0.2882,0.6082,0.3163,0.3095,0.312,0.3208,3458.59,3432.48
2010-08-09,0.3188,0.6459,0.3047,0.3075,0.3105,0.3141,3421.08,3434.93
2010-08-11,0.3405,0.3951,0.3102,0.3167,0.3139,0.3126,3394.47,3423.65
2010-08-12,0.2714,0.2385,0.3102,0.3167,0.3045,0.3075,3479.19,3423.65
2010-08-16,0.3202,0.668,0.3202,0.3202,0.3278,0.3207,3419.36,3419.36
2010-08-22,0.3883,0.0812,0.3024,0.3086,0.3059,0.3131,3335.87,3433.58
2010-08-23,0.305,0.5266,0.3024,0.3086,0.3098,0.3143,3438.0,3433.58
2010-08-24,0.201,0.0667,0.3024,0.3086,0.3019,0.2981,3565.5,3433.58
2010-08-25,0.3152,0.3908,0.3024,0.3086,0.3019,0.2981,3425.49,3433.58
2010-08-29,0.3291,0.1493,0.301,0.2837,0.3019,0.2981,3408.45,3464.11
2010-08-30,0.2728,0.6247,0.301,0.2837,0.2864,0.2941,3477.47,3464.11
2010-09-05,0.2955,0.1903,0.3076,0.3037,0.3421,0.3519,3449.64,3439.59
2010-09-07,0.3197,0.0979,0.3695,0.4214,0.3659,0.4019,3419.98,3295.29
2010-09-10,0.4934,0.4711,0.3894,0.4248,0.3659,0.4019,3207.02,3291.12
2010-09-12,0.355,0.3159,0.4242,0.4378,0.3959,0.4502,3376.7,3275.19
2010-09-17,0.5158,0.7921,0.4276,0.4868,0.4259,0.4646,3179.56,3215.11
2010-09-20,0.3395,0.1561,0.4276,0.4868,0.4453,0.4844,3395.7,3215.11
2010-09-24,0.4805,0.5904,0.4805,0.4805,0.4453,0.4844,3222.84,3222.84
2010-10-07,0.9133,0.2629,0.9133,0.9133,0.9133,0.9133,2692.23,2692.23
2010-10-19,0.8068,0.7886,0.8068,0.8068,0.8068,0.8068,2822.79,2822.79
2010-10-26,0.679,0.5682,0.679,0.679,0.7429,0.7533,2979.48,2979.48
2011-05-02,0.7346,0.2214,0.7346,0.7346,0.7346,0.7346,2911.31,2911.31
2011-05-09,0.7929,0.115,0.7929,0.7929,0.7638,0.7545,2839.84,2839.84
2011-05-17,0.7679,0.3237,0.7256,0.7335,0.7256,0.7335,2870.49,2912.66
2011-05-18,0.6833,0.2222,0.7256,0.7335,0.7256,0.7335,2974.2,2912.66
2011-05-31,0.6633,0.7669,0.6633,0.6633,0.6633,0.6633,2998.72,2998.72
2011-06-08,0.6026,0.051,0.6134,0.6224,0.6134,0.6224,3073.14,3048.87
2011-06-09,0.6241,0.6134,0.6134,0.6224,0.6134,0.6224,3046.78,3048.87
2011-06-25,0.5808,0.7464,0.5285,0.5698,0.5068,0.5267,3099.87,3113.35
2011-06-26,0.4762,0.0879,0.5273,0.5653,0.5068,0.5267,3228.11,3118.87
2011-06-29,0.5249,0.0936,0.4822,0.4617,0.5077,0.5223,3168.4,3245.88
2011-06-30,0.4454,0.4401,0.4852,0.4593,0.5077,0.5223,3265.87,3248.83
2011-07-04,0.5111,0.5318,0.5111,0.5111,0.4938,0.4852,3185.32,3185.32
2011-07-27,0.3645,0.5488,0.3453,0.3659,0.37,0.3526,3365.05,3363.33
2011-07-28,0.2856,0.0913,0.3522,0.3668,0.37,0.3526,3461.78,3362.23
2011-07-29,0.3857,0.4085,0.3447,0.3482,0.37,0.3526,3339.06,3385.03
2011-07-31,0.373,0.15,0.3711,0.3479,0.37,0.3526,3354.63,3385.4
2011-08-01,0.3148,0.6651,0.3924,0.3523,0.37,0.3545,3425.98,3380.01
2011-08-02,0.4963,0.0573,0.3947,0.3367,0.37,0.3545,3203.47,3399.13
2011-08-07,0.37,0.2269,0.3425,0.328,0.3481,0.3271,3358.31,3409.8
2011-08-10,0.3149,0.7288,0.3015,0.3191,0.3015,0.3191,3425.86,3420.71
2011-08-11,0.2197,0.0854,0.2673,0.3049,0.3015,0.3191,3542.57,3438.12
2011-08-18,0.3932,0.05,0.3218,0.3019,0.2937,0.2883,3329.87,3441.8
2011-08-20,0.2781,0.0562,0.3218,0.3019,0.3122,0.2959,3470.98,3441.8
2011-08-21,0.2942,0.4214,0.3122,0.2959,0.3122,0.2959,3451.24,3449.15
2011-08-24,0.2832,0.2482,0.2887,0.2901,0.3272,0.3346,3464.72,3456.26
2011-08-28,0.4012,0.4614,0.3241,0.3385,0.3169,0.3235,3320.06,3396.93
2011-08-29,0.2971,0.1163,0.3281,0.339,0.3207,0.3308,3447.68,3396.31
2011-08-30,0.3437,0.4067,0.3281,0.339,0.3207,0.3308,3390.55,3396.31
2011-08-31,0.2546,0.3127,0.3281,0.339,0.3554,0.3813,3499.79,3396.31
2011-09-01,0.3441,0.1396,0.3099,0.3096,0.3674,0.3941,3390.06,3432.36
2011-09-06,0.5637,0.4668,0.4973,0.5181,0.4114,0.4384,3120.83,3176.74
2011-09-08,0.4308,0.244,0.5087,0.5241,0.4403,0.4927,3283.77,3169.38
2011-09-11,0.5316,0.5637,0.4313,0.4794,0.4644,0.5076,3160.19,3224.18
2011-09-14,0.3314,0.1187,0.4315,0.4968,0.3883,0.3975,3405.63,3202.85
2011-09-19,0.3499,0.0812,0.3212,0.3067,0.3238,0.3091,3382.95,3435.91
2011-09-20,0.2979,0.7236,0.3212,0.3067,0.403,0.3311,3446.7,3435.91
2011-09-22,0.3159,0.31,0.3212,0.3067,0.4209,0.331,3424.63,3435.91
2011-09-26,0.7197,0.0698,0.7197,0.7197,0.4209,0.331,2929.58,2929.58
2011-10-06,0.7494,0.6507,0.6872,0.7385,0.6872,0.7385,2893.17,2906.53
2011-10-07,0.6251,0.0625,0.6872,0.7385,0.6872,0.7385,3045.56,2906.53
2011-10-22,0.8313,0.8402,0.6794,0.799,0.7301,0.808,2792.76,2832.36
2011-10-23,0.5274,0.1,0.6794,0.799,0.7611,0.8197,3165.34,2832.36
2011-10-27,0.8316,0.3608,0.8428,0.844,0.7611,0.8197,2792.39,2777.19
2011-10-29,0.8541,0.442,0.8428,0.844,0.7611,0.8197,2764.8,2777.19
2012-06-03,0.6129,0.1,0.622,0.6284,0.622,0.6284,3060.51,3041.51
2012-06-04,0.6311,0.5624,0.622,0.6284,0.5876,0.6166,3038.2,3041.51
2012-06-10,0.5187,0.0792,0.5164,0.5326,0.5387,0.5491,3176.0,3158.96
2012-06-11,0.5435,0.7449,0.5054,0.5174,0.5264,0.5463,3145.6,3177.6
2012-06-12,0.4694,0.1194,0.5054,0.5174,0.5054,0.5174,3236.44,3177.6
2012-06-13,0.534,0.357,0.5054,0.5174,0.5054,0.5174,3157.25,3177.6
2012-06-14,0.4615,0.353,0.5021,0.5173,0.5108,0.5205,3246.13,3177.72
2012-06-20,0.5378,0.301,0.5378,0.5378,0.5111,0.5098,3152.59,3152.59
2012-07-13,0.4678,0.4863,0.4243,0.4324,0.427,0.4198,3238.41,3281.81
2012-07-16,0.3808,0.3334,0.427,0.4198,0.4073,0.41,3345.07,3297.25
2012-07-17,0.4674,0.125,0.4127,0.3962,0.3979,0.4029,3238.9,3326.19
2012-07-18,0.3773,0.4368,0.3973,0.3939,0.3979,0.4029,3349.36,3329.01
2012-07-19,0.4419,0.1,0.3973,0.3939,0.3891,0.3934,3270.16,3329.01
2012-07-20,0.3961,0.7008,0.389,0.3881,0.3876,0.3927,3326.31,3336.12
2012-07-21,0.3201,0.0531,0.3734,0.3815,0.3787,0.3774,3419.49,3344.21
2012-07-23,0.3315,0.2222,0.3481,0.3639,0.3787,0.3774,3405.51,3365.79
2012-07-25,0.3193,0.3156,0.3415,0.3321,0.3782,0.3801,3420.47,3404.77
2012-07-26,0.3736,0.1,0.3415,0.3321,0.3783,0.3809,3353.89,3404.77
2012-07-31,0.4656,0.2075,0.4656,0.4656,0.3693,0.3718,3241.1,3241.1
2012-08-04,0.3186,0.0583,0.3262,0.3316,0.3726,0.3765,3421.32,3405.39
2012-08-07,0.3337,0.3538,0.3262,0.3316,0.3726,0.3765,3402.81,3405.39
2012-08-15,0.3109,0.0866,0.3109,0.3109,0.3109,0.3109,3430.76,3430.76
2012-08-24,0.3477,0.2219,0.3358,0.3304,0.3358,0.3304,3385.65,3406.86
2012-08-25,0.3923,0.2694,0.3358,0.3304,0.3358,0.3304,3330.97,3406.86
2012-08-26,0.274,0.3609,0.3358,0.3304,0.3358,0.3304,3476.0,3406.86
2012-08-27,0.329,0.0938,0.3358,0.3304,0.3358,0.3304,3408.57,3406.86
2012-09-03,0.3499,0.1518,0.2924,0.2589,0.2811,0.2596,3382.95,3494.52
2012-09-04,0.2197,0.4974,0.283,0.258,0.2731,0.2557,3542.57,3495.62
2012-09-05,0.3454,0.1,0.283,0.258,0.2731,0.2557,3388.47,3495.62
2012-09-06,0.2546,0.6837,0.2731,0.2557,0.2848,0.2604,3499.79,3498.44
2012-09-07,0.2452,0.0979,0.2577,0.2461,0.281,0.2593,3511.31,3510.21
2012-09-09,0.2236,0.1125,0.2696,0.2585,0.281,0.2593,3537.79,3495.01
2012-09-12,0.3549,0.0823,0.2778,0.2623,0.2773,0.268,3376.82,3490.35
2012-09-13,0.2549,0.4431,0.2858,0.2681,0.2734,0.2675,3499.42,3483.24
2012-09-16,0.2475,0.0632,0.2772,0.2763,0.2812,0.2767,3508.49,3473.18
2012-09-17,0.2922,0.3549,0.2846,0.293,0.2927,0.2822,3453.69,3452.71
2012-09-19,0.3142,0.1483,0.2846,0.293,0.3855,0.3979,3426.72,3452.71
2012-09-24,0.7372,0.3138,0.6176,0.6445,0.4334,0.4577,2908.12,3021.77
2012-09-25,0.4979,0.1986,0.5582,0.611,0.4439,0.467,3201.5,3062.84
2012-09-28,0.4394,0.1,0.403,0.394,0.4304,0.4483,3273.22,3328.88
2012-09-30,0.3196,0.1,0.3555,0.3537,0.4304,0.4483,3420.1,3378.29
2012-10-01,0.355,0.4537,0.3555,0.3537,0.4304,0.4483,3376.7,3378.29
2012-10-02,0.313,0.1166,0.3345,0.3448,0.3792,0.3764,3428.19,3389.2
2012-10-03,0.3504,0.2922,0.3345,0.3448,0.3555,0.3537,3382.34,3389.2
2012-10-13,0.8172,0.5023,0.7029,0.735,0.6576,0.6818,2810.04,2910.82
2012-10-15,0.6897,0.6818,0.6576,0.6818,0.6544,0.6776,2966.36,2976.04
2012-10-16,0.6018,0.0781,0.6576,0.6818,0.6544,0.6776,3074.12,2976.04
2012-10-17,0.5217,0.4197,0.6205,0.632,0.6544,0.6776,3172.32,3037.1
2012-10-20,0.6688,0.2535,0.6059,0.5834,0.6544,0.6776,2991.98,3096.68
2012-10-21,0.6271,0.0964,0.6479,0.6573,0.6218,0.6317,3043.11,3006.08
2012-10-28,0.8235,0.1481,0.8235,0.8235,0.7253,0.7461,2802.32,2802.32
2013-05-01,0.6914,0.0917,0.6693,0.6542,0.664,0.669,2964.27,3009.88
2013-05-02,0.6472,0.4905,0.6483,0.649,0.664,0.669,3018.46,3016.26
2013-05-05,0.6064,0.0698,0.6548,0.6667,0.6591,0.6754,3068.48,2994.56
2013-05-06,0.7109,0.3107,0.6783,0.7027,0.6591,0.6754,2940.37,2950.42
2013-05-09,0.7176,0.2821,0.6698,0.7018,0.6526,0.6742,2932.15,2951.52
2013-05-10,0.581,0.0604,0.6493,0.6935,0.654,0.6926,3099.62,2961.7
2013-05-21,0.6228,0.0906,0.6253,0.6249,0.6253,0.6249,3048.38,3045.8
2013-05-22,0.6215,0.3067,0.6253,0.6249,0.6253,0.6249,3049.97,3045.8
2013-05-23,0.6316,0.1847,0.6253,0.6249,0.6253,0.6249,3037.59,3045.8
2013-06-05,0.6402,0.8279,0.6402,0.6402,0.6402,0.6402,3027.04,3027.04
2013-06-26,0.5841,0.2529,0.5316,0.5069,0.5181,0.5022,3095.82,3190.47
2013-06-28,0.4791,0.7024,0.5181,0.5022,0.5181,0.5022,3224.55,3196.23
2013-06-30,0.4911,0.4071,0.4851,0.4835,0.5181,0.5022,3209.84,3219.16
2013-07-20,0.5588,0.0957,0.5588,0.5588,0.5588,0.5588,3126.84,3126.84
2013-08-02,0.4109,0.0643,0.4109,0.4109,0.4109,0.4109,3308.16,3308.16
2013-08-11,0.3668,0.2216,0.3813,0.3814,0.3849,0.3878,3362.23,3344.33
2013-08-12,0.3959,0.2246,0.3849,0.3878,0.3849,0.3878,3326.55,3336.49
2013-08-15,0.3921,0.6569,0.394,0.3931,0.3849,0.3878,3331.21,3329.99
2013-08-23,0.3527,0.0792,0.4004,0.4328,0.3654,0.3772,3379.52,3281.32
2013-08-26,0.448,0.4186,0.3654,0.3772,0.3654,0.3772,3262.68,3349.48
2013-08-29,0.2954,0.3383,0.3717,0.3798,0.4106,0.4544,3449.77,3346.29
2013-09-02,0.5463,0.702,0.5463,0.5463,0.46,0.464,3142.17,3142.17
2013-09-08,0.5503,0.0698,0.5503,0.5503,0.5049,0.5093,3137.26,3137.26
2013-09-12,0.4982,0.2191,0.4615,0.4551,0.4911,0.4661,3201.14,3253.98
2013-09-14,0.4248,0.3125,0.4615,0.4551,0.4911,0.4661,3291.12,3253.98
2013-09-26,0.7861,0.0896,0.7861,0.7861,0.7861,0.7861,2848.17,2848.17
2013-10-07,0.8664,0.3305,0.8482,0.8431,0.8014,0.8038,2749.73,2778.29
2013-10-08,0.9121,0.129,0.8292,0.8111,0.8022,0.804,2693.7,2817.52
2013-10-09,0.8195,0.5843,0.8014,0.8038,0.8022,0.804,2807.22,2826.47
2013-10-10,0.795,0.0583,0.8014,0.8038,0.8022,0.804,2837.26,2826.47
2013-10-11,0.7531,0.6096,0.7915,0.7911,0.8022,0.804,2888.63,2842.04
2013-10-12,0.6623,0.0875,0.7674,0.7805,0.8022,0.804,2999.95,2855.04
2013-10-14,0.8069,0.1265,0.7408,0.7517,0.8022,0.804,2822.67,2890.35
2013-10-21,0.8331,0.1202,0.865,0.8591,0.8376,0.8244,2790.55,2758.67
2013-10-24,0.8969,0.0828,0.8479,0.8278,0.7972,0.7963,2712.33,2797.05
2013-10-25,0.8136,0.4496,0.8552,0.8266,0.7972,0.7963,2814.46,2798.52
2013-10-30,0.6452,0.1361,0.6452,0.6452,0.7852,0.7896,3020.91,3020.91
2014-05-16,0.6656,0.7051,0.6253,0.6562,0.6253,0.6562,2995.9,3007.43
2014-05-17,0.585,0.0929,0.6253,0.6562,0.6253,0.6562,3094.72,3007.43
2014-05-30,0.669,0.684,0.669,0.669,0.6535,0.6638,2991.74,2991.74
2014-06-05,0.638,0.1382,0.638,0.638,0.6535,0.6638,3029.74,3029.74
2014-06-15,0.6379,0.8448,0.6212,0.6224,0.6212,0.6224,3029.86,3048.87
2014-06-17,0.6044,0.7287,0.6212,0.6224,0.6212,0.6224,3070.94,3048.87
2014-07-11,0.3826,0.1,0.4122,0.4287,0.4233,0.4318,3342.86,3286.34
2014-07-12,0.4418,0.3534,0.4122,0.4287,0.4233,0.4318,3270.28,3286.34
2014-07-16,0.4455,0.1,0.4455,0.4455,0.4233,0.4318,3265.75,3265.75
2014-07-23,0.4681,0.0962,0.4198,0.4016,0.4262,0.4045,3238.04,3319.57
2014-07-24,0.3781,0.6152,0.4198,0.4016,0.4179,0.4028,3348.38,3319.57
2014-07-26,0.4132,0.6916,0.4198,0.4016,0.4179,0.4028,3305.35,3319.57
2014-07-30,0.4121,0.1888,0.3832,0.3656,0.4052,0.3869,3306.69,3363.7
2014-08-02,0.3543,0.7809,0.3832,0.3656,0.4056,0.3899,3377.56,3363.7
2014-08-08,0.4428,0.1429,0.4428,0.4428,0.3986,0.368,3269.06,3269.06
2014-08-15,0.3651,0.2204,0.3663,0.3658,0.3918,0.3896,3364.32,3363.46
2014-08-17,0.3675,0.1,0.3663,0.3658,0.3663,0.3658,3361.37,3363.46
2014-08-24,0.3755,0.1381,0.3755,0.3755,0.328,0.3354,3351.57,3351.57
2014-08-28,0.2409,0.0927,0.2409,0.2409,0.3527,0.353,3516.58,3516.58
2014-09-02,0.4416,0.0823,0.4416,0.4416,0.3445,0.3395,3270.53,3270.53
2014-09-06,0.3509,0.0654,0.3509,0.3509,0.3962,0.4014,3381.72,3381.72
2014-09-13,0.2883,0.0698,0.2883,0.2883,0.3196,0.3186,3458.47,3458.47
2014-10-03,0.7615,0.2929,0.7615,0.7615,0.7615,0.7615,2878.33,2878.33
2014-10-10,0.689,0.3194,0.6445,0.6298,0.6835,0.6608,2967.22,3039.8
2014-10-12,0.6,0.6333,0.6445,0.6298,0.6445,0.6298,3076.33,3039.8
2014-10-20,1.0049,0.1,0.8845,0.8444,0.8845,0.8444,2579.93,2776.7
2014-10-21,0.8514,0.8491,0.8845,0.8444,0.8845,0.8444,2768.12,2776.7
2014-10-23,0.7971,0.4648,0.8845,0.8444,0.8845,0.8444,2834.69,2776.7
2015-05-01,0.8304,0.8573,0.8304,0.8304,0.8304,0.8304,2793.86,2793.86
2015-05-08,0.844,0.3897,0.747,0.8057,0.7748,0.8215,2777.19,2824.14
2015-05-11,0.6501,0.0958,0.747,0.8057,0.747,0.8057,3014.91,2824.14
2015-05-18,0.7116,0.1,0.6935,0.7134,0.6723,0.6895,2939.51,2937.3
2015-05-19,0.739,0.6273,0.6767,0.6922,0.6767,0.6922,2905.92,2963.29
2015-05-20,0.6358,0.1131,0.6767,0.6922,0.6767,0.6922,3032.44,2963.29
2015-05-21,0.6875,0.2752,0.6767,0.6922,0.6767,0.6922,2969.06,2963.29
2015-05-22,0.6097,0.287,0.668,0.6907,0.6767,0.6922,3064.44,2965.13
2015-06-07,0.6451,0.1886,0.5992,0.6094,0.5992,0.6094,3021.04,3064.81
2015-06-08,0.5533,0.1198,0.5992,0.6094,0.5992,0.6094,3133.58,3064.81
2015-06-18,0.5573,0.5654,0.5573,0.5573,0.5573,0.5573,3128.68,3128.68
2015-07-02,0.4324,0.4572,0.4029,0.4212,0.4029,0.4212,3281.81,3295.54
2015-07-03,0.4796,0.05,0.4029,0.4212,0.3873,0.3998,3223.94,3295.54
2015-07-05,0.2966,0.0646,0.4029,0.4212,0.3922,0.4018,3448.3,3295.54
2015-07-09,0.3406,0.206,0.3762,0.3707,0.3922,0.4018,3394.35,3357.45
2015-07-10,0.4118,0.1505,0.3762,0.3707,0.3822,0.3721,3307.06,3357.45
2015-07-21,0.2693,0.1,0.3129,0.3381,0.3041,0.3167,3481.77,3397.42
2015-07-24,0.3565,0.3745,0.3041,0.3167,0.308,0.3174,3374.86,3423.65
2015-07-25,0.2864,0.3352,0.3427,0.3296,0.308,0.3174,3460.8,3407.84
2015-07-28,0.3853,0.0792,0.3056,0.31,0.308,0.3174,3339.55,3431.87
2015-07-29,0.3192,0.8552,0.312,0.3179,0.3208,0.3216,3420.59,3422.18
2015-07-30,0.2316,0.075,0.312,0.3179,0.3208,0.3216,3527.99,3422.18
2015-08-04,0.3456,0.1,0.3456,0.3456,0.3161,0.3148,3388.22,3388.22
2015-08-09,0.3478,0.2983,0.3018,0.2932,0.2936,0.2926,3385.53,3452.46
2015-08-10,0.267,0.3368,0.3018,0.2932,0.2936,0.2926,3484.59,3452.46
2015-08-11,0.3336,0.1591,0.3018,0.2932,0.2936,0.2926,3402.93,3452.46
2015-08-12,0.2586,0.4004,0.2831,0.2884,0.2831,0.2884,3494.88,3458.35
2015-08-15,0.2087,0.0719,0.2336,0.251,0.2707,0.2749,3556.06,3504.2
2015-08-19,0.2087,0.2578,0.2087,0.2087,0.2533,0.2765,3556.06,3556.06
2015-08-23,0.3372,0.4854,0.3372,0.3372,0.357,0.3389,3398.52,3398.52
2015-08-27,0.4996,0.1182,0.4266,0.4046,0.3784,0.37,3199.42,3315.89
2015-08-28,0.3823,0.3558,0.4266,0.4046,0.3686,0.3647,3343.23,3315.89
2015-08-30,0.3978,0.4882,0.3887,0.3838,0.3578,0.3514,3324.23,3341.39
2015-09-02,0.2752,0.1838,0.3214,0.3344,0.3538,0.3461,3474.53,3401.95
2015-09-03,0.3192,0.1879,0.296,0.2954,0.3538,0.3461,3420.59,3449.77
2015-09-04,0.2935,0.4197,0.296,0.2954,0.3295,0.3374,3452.1,3449.77
2015-09-08,0.3091,0.4332,0.3091,0.3091,0.305,0.3031,3432.97,3432.97
2015-09-12,0.3281,0.1414,0.3281,0.3281,0.2904,0.2986,3409.68,3409.68
2015-09-18,0.2341,0.1352,0.2656,0.2681,0.2781,0.276,3524.92,3483.24
2015-09-19,0.3067,0.2471,0.2656,0.2681,0.2781,0.276,3435.91,3483.24
2015-09-20,0.2584,0.4838,0.2656,0.2681,0.2656,0.2681,3495.13,3483.24
2015-09-21,0.2632,0.0583,0.2656,0.2681,0.2656,0.2681,3489.24,3483.24
2015-10-08,0.8012,0.8251,0.8012,0.8012,0.8012,0.8012,2829.66,2829.66
2015-10-17,0.8338,0.6398,0.7734,0.8226,0.7734,0.8226,2789.69,2803.42
2015-10-18,0.7129,0.0656,0.7734,0.8226,0.7734,0.8226,2937.92,2803.42
2015-10-29,0.8153,0.2528,0.8153,0.8153,0.8153,0.8153,2812.37,2812.37
2016-05-03,0.7337,0.6056,0.7337,0.7337,0.7337,0.7337,2912.41,2912.41
2016-05-17,0.8076,0.4277,0.8076,0.8076,0.8076,0.8076,2821.81,2821.81
2016-06-22,0.5554,0.3821,0.5554,0.5554,0.5299,0.5263,3131.01,3131.01
2016-06-26,0.5276,0.1142,0.5172,0.5102,0.5299,0.5263,3165.09,3186.42
2016-06-27,0.5067,0.5727,0.5172,0.5102,0.5299,0.5263,3190.71,3186.42
2016-07-09,0.5213,0.1017,0.5213,0.5213,0.4949,0.4891,3172.82,3172.82
2016-07-13,0.4858,0.6556,0.4817,0.4847,0.4696,0.4718,3216.34,3217.69
2016-07-14,0.4776,0.1,0.4817,0.4847,0.4696,0.4718,3226.39,3217.69
2016-07-18,0.3936,0.1889,0.3936,0.3936,0.4523,0.4665,3329.37,3329.37
2016-07-30,0.4195,0.1,0.4195,0.4195,0.4195,0.4195,3297.62,3297.62
2016-08-06,0.4077,0.0719,0.4077,0.4077,0.4136,0.4146,3312.09,3312.09
2016-08-19,0.2938,0.1657,0.3272,0.3216,0.3272,0.3216,3451.73,3417.65
2016-08-20,0.3685,0.2699,0.3272,0.3216,0.3272,0.3216,3360.15,3417.65
2016-08-21,0.3003,0.4951,0.3272,0.3216,0.3272,0.3216,3443.76,3417.65
2016-08-22,0.3462,0.1,0.3272,0.3216,0.3272,0.3216,3387.49,3417.65
2016-08-29,0.3562,0.0978,0.3084,0.2823,0.3244,0.3127,3375.23,3465.83
2016-08-30,0.2607,0.3341,0.3143,0.2874,0.3189,0.3092,3492.31,3459.58
2016-09-02,0.3259,0.0573,0.3065,0.3037,0.3451,0.357,3412.37,3439.59
2016-09-03,0.3329,0.4486,0.3294,0.3321,0.3451,0.357,3403.79,3404.77
2016-09-08,0.4496,0.484,0.3813,0.4324,0.3549,0.3814,3260.72,3281.81
2016-09-11,0.313,0.0698,0.3719,0.4188,0.3719,0.4188,3428.19,3298.48
2016-09-14,0.3531,0.1145,0.333,0.3379,0.361,0.4047,3379.03,3397.66
2016-09-20,0.3283,0.1234,0.3283,0.3283,0.3407,0.3402,3409.43,3409.43
2016-09-27,0.7242,0.1159,0.7492,0.7596,0.6275,0.6615,2924.06,2880.66
2016-09-29,0.7741,0.2838,0.7108,0.7457,0.6678,0.6611,2862.88,2897.7
2016-10-01,0.7545,0.5611,0.6781,0.683,0.6678,0.6611,2886.91,2974.57
2016-10-02,0.5906,0.0677,0.6565,0.6575,0.6383,0.635,3087.85,3005.84
2016-10-03,0.5932,0.6658,0.627,0.6386,0.6383,0.635,3084.67,3029.01
2016-10-05,0.5699,0.4581,0.5538,0.5579,0.624,0.6306,3113.23,3127.94
2016-10-08,0.4616,0.3242,0.5158,0.525,0.594,0.611,3246.01,3168.28
2016-10-17,0.9064,0.4624,0.8657,0.8553,0.8248,0.839,2700.69,2763.33
2016-10-18,0.8743,0.1,0.8657,0.8553,0.8248,0.839,2740.04,2763.33
2016-10-19,0.8164,0.6561,0.8248,0.839,0.8248,0.839,2811.02,2783.32
2016-10-22,0.7021,0.1447,0.7592,0.7957,0.8248,0.839,2951.16,2836.4
2017-05-12,0.8552,0.1388,0.8552,0.8552,0.8552,0.8552,2763.46,2763.46
2017-05-26,0.8128,0.349,0.8128,0.8128,0.8128,0.8128,2815.44,2815.44
2017-06-05,0.6461,0.4213,0.6461,0.6461,0.6262,0.6213,3019.81,3019.81
2017-06-09,0.6064,0.7024,0.6064,0.6064,0.6553,0.6276,3068.48,3068.48
2017-06-13,0.7133,0.0822,0.7133,0.7133,0.6758,0.6278,2937.42,2937.42
2017-06-17,0.7078,0.1,0.7078,0.7078,0.7106,0.7103,2944.17,2944.17
2017-06-26,0.538,0.1078,0.5458,0.5462,0.5354,0.5246,3152.34,3142.29
2017-06-29,0.5535,0.122,0.5354,0.5246,0.5201,0.5186,3133.34,3168.77
2017-07-01,0.5343,0.0708,0.5156,0.5164,0.5201,0.5186,3156.88,3178.82
2017-07-02,0.516,0.6623,0.5156,0.5164,0.5201,0.5186,3179.31,3178.82
2017-07-03,0.4585,0.0958,0.5029,0.5109,0.5201,0.5186,3249.81,3185.57
2017-07-11,0.4787,0.503,0.4787,0.4787,0.4848,0.4811,3225.04,3225.04
2017-07-15,0.4909,0.1242,0.4909,0.4909,0.4848,0.4811,3210.09,3210.09
2017-07-24,0.4795,0.0646,0.4441,0.4143,0.4051,0.4033,3224.06,3304.0
2017-07-27,0.4087,0.7479,0.4051,0.4033,0.3793,0.3726,3310.86,3317.48
2017-07-28,0.3271,0.1179,0.3679,0.3976,0.3793,0.3726,3410.9,3324.47
2017-08-01,0.3201,0.5225,0.3406,0.3267,0.3541,0.3661,3419.49,3411.39
2017-08-02,0.361,0.1,0.3406,0.3267,0.3541,0.3661,3369.34,3411.39
2017-08-07,0.3536,0.2201,0.4153,0.3314,0.3611,0.3251,3378.41,3405.63
2017-08-09,0.5964,0.0781,0.3714,0.3242,0.3693,0.3272,3080.74,3414.46
2017-08-10,0.2959,0.7216,0.3714,0.3242,0.3714,0.3242,3449.15,3414.46
2017-08-11,0.2396,0.0865,0.3773,0.3169,0.3714,0.3242,3518.18,3423.41
2017-08-21,0.3691,0.4639,0.3182,0.3334,0.3182,0.3334,3359.41,3403.18
2017-08-22,0.2632,0.2057,0.3182,0.3334,0.3182,0.3334,3489.24,3403.18
2017-08-23,0.3223,0.1909,0.3182,0.3334,0.3182,0.3334,3416.79,3403.18
2017-09-01,0.4266,0.1089,0.3537,0.3216,0.331,0.3167,3288.92,3417.65
2017-09-02,0.3247,0.4769,0.331,0.3167,0.3833,0.3518,3413.85,3423.65
2017-09-03,0.3609,0.1,0.331,0.3167,0.3833,0.3518,3369.46,3423.65
2017-09-04,0.3027,0.891,0.331,0.3167,0.387,0.3547,3440.82,3423.65
2017-09-05,0.24,0.1,0.3747,0.3472,0.375,0.3391,3517.69,3386.26
2017-09-08,0.645,0.2003,0.3962,0.3656,0.3487,0.3306,3021.16,3363.7
2017-09-10,0.4091,0.1,0.3852,0.3499,0.3291,0.3171,3310.37,3382.95
2017-09-11,0.2908,0.6382,0.3635,0.3438,0.3251,0.3159,3455.41,3390.43
2017-09-12,0.2617,0.1,0.3101,0.3091,0.3191,0.3073,3491.08,3432.97
2017-09-13,0.3194,0.606,0.2959,0.2955,0.3248,0.3092,3420.34,3449.64
2017-09-14,0.255,0.1139,0.2827,0.2919,0.3196,0.3015,3499.3,3454.06
2017-09-15,0.3244,0.411,0.2751,0.2796,0.3132,0.2998,3414.21,3469.14
2017-09-16,0.2109,0.3167,0.2808,0.2813,0.2856,0.2814,3553.36,3467.05
2017-09-17,0.3168,0.1407,0.2728,0.2655,0.2856,0.2814,3423.53,3486.42
2017-09-18,0.2372,0.5042,0.2701,0.2647,0.2743,0.278,3521.12,3487.41
2017-09-19,0.3022,0.0823,0.261,0.251,0.2729,0.2752,3441.43,3504.2
2017-09-20,0.2629,0.6436,0.2711,0.2596,0.282,0.2783,3489.61,3493.66
2017-09-21,0.2363,0.1,0.2596,0.2536,0.2782,0.2689,3522.22,3501.01
2017-09-25,0.2748,0.2621,0.3183,0.2989,0.2792,0.2633,3475.02,3445.48
2017-09-26,0.3619,0.1,0.3183,0.2989,0.2876,0.2743,3368.24,3445.48
2017-10-07,0.4604,0.075,0.4638,0.4781,0.5572,0.6394,3247.48,3225.78
2017-10-08,0.504,0.4589,0.4638,0.4781,0.5572,0.6394,3194.03,3225.78
2017-10-09,0.427,0.2072,0.4638,0.4781,0.5572,0.6394,3288.43,3225.78
2017-10-13,0.8375,0.6038,0.8375,0.8375,0.621,0.6611,2785.16,2785.16
2017-10-18,0.719,0.3483,0.7461,0.7353,0.7689,0.778,2930.44,2910.45
2017-10-19,0.7781,0.0765,0.7461,0.7353,0.7689,0.778,2857.98,2910.45
2017-10-20,0.7411,0.4172,0.7461,0.7353,0.7689,0.778,2903.34,2910.45
2018-05-01,0.6048,0.0812,0.5945,0.6127,0.5945,0.6127,3070.44,3060.76
2018-05-02,0.621,0.6087,0.5945,0.6127,0.5945,0.6127,3050.58,3060.76
2018-05-03,0.5577,0.0802,0.5945,0.6127,0.5945,0.6127,3128.19,3060.76
2018-05-16,0.7491,0.3925,0.7491,0.7491,0.7491,0.7491,2893.53,2893.53
2018-06-13,0.5146,0.1041,0.532,0.5418,0.532,0.5418,3181.03,3147.68
2018-06-14,0.5495,0.3689,0.532,0.5418,0.532,0.5418,3138.24,3147.68
2018-06-21,0.5317,0.4193,0.5317,0.5317,0.5406,0.54,3160.07,3160.07
2018-06-28,0.4634,0.7528,0.4446,0.4516,0.4622,0.4673,3243.8,3258.27
2018-06-30,0.4616,0.4281,0.4448,0.451,0.4448,0.451,3246.01,3259.0
2018-07-01,0.4089,0.3066,0.4448,0.451,0.4448,0.451,3310.62,3259.0
2018-07-02,0.4452,0.1644,0.4386,0.4406,0.4448,0.451,3266.11,3271.75
2018-07-11,0.3854,0.075,0.3854,0.3854,0.3854,0.3854,3339.43,3339.43
2018-07-18,0.4464,0.1649,0.4464,0.4464,0.4159,0.4273,3264.64,3264.64
2018-07-26,0.2922,0.3416,0.3126,0.3088,0.2992,0.3014,3453.69,3433.34
2018-07-27,0.397,0.0906,0.3086,0.3041,0.2992,0.3014,3325.21,3439.1
2018-07-28,0.3135,0.8021,0.2992,0.3014,0.2992,0.3014,3427.58,3442.41
2018-07-29,0.2478,0.1,0.2992,0.3014,0.2992,0.3014,3508.12,3442.41
2018-07-30,0.2927,0.5508,0.3006,0.3033,0.2992,0.3014,3453.08,3440.08
2018-07-31,0.2522,0.1031,0.2765,0.2979,0.2992,0.3014,3502.73,3446.7
2018-08-13,0.447,0.5787,0.3892,0.4312,0.3901,0.418,3263.91,3283.28
2018-08-16,0.3314,0.0913,0.3901,0.418,0.3644,0.3838,3405.63,3299.46
2018-08-17,0.3919,0.3388,0.3419,0.343,0.3644,0.3838,3331.46,3391.41
2018-08-20,0.3023,0.3817,0.3479,0.3451,0.3556,0.3665,3441.31,3388.84
2018-08-21,0.3496,0.1,0.3283,0.3226,0.3404,0.3389,3383.32,3416.42
2018-08-24,0.3329,0.4936,0.3389,0.3352,0.3305,0.315,3403.79,3400.97
2018-08-26,0.3342,0.285,0.3174,0.3005,0.3182,0.3035,3402.2,3443.51
2018-08-28,0.3365,0.0865,0.3106,0.2921,0.3045,0.2956,3399.38,3453.81
2018-08-29,0.2658,0.8298,0.3106,0.2921,0.297,0.2933,3486.06,3453.81
2018-08-31,0.3059,0.4366,0.2788,0.2733,0.297,0.2933,3436.89,3476.86
2018-09-03,0.2069,0.2036,0.2564,0.2744,0.2788,0.2733,3558.27,3475.51
2018-09-13,0.4795,0.0812,0.4795,0.4795,0.4638,0.4547,3224.06,3224.06
2018-09-18,0.4481,0.3062,0.425,0.4086,0.4335,0.4139,3262.56,3310.98
2018-09-20,0.4559,0.1627,0.422,0.4089,0.4257,0.4061,3253.0,3310.62
2018-09-21,0.3709,0.5244,0.422,0.4089,0.415,0.4022,3357.2,3310.62
2018-09-22,0.4133,0.0635,0.4067,0.3905,0.415,0.4022,3305.22,3333.18
2018-09-25,0.3866,0.4544,0.3999,0.3899,0.4042,0.401,3337.96,3333.91
2018-09-30,0.4092,0.4511,0.3772,0.3976,0.4541,0.4136,3310.25,3324.47
2018-10-01,0.3452,0.1,0.3772,0.3976,0.4541,0.4136,3388.71,3324.47
2018-10-06,0.6755,0.0807,0.5661,0.5725,0.4717,0.4355,2983.77,3110.04
2018-10-08,0.4568,0.0719,0.5661,0.5725,0.4925,0.4825,3251.89,3110.04
2018-10-16,0.3847,0.5227,0.3615,0.375,0.3615,0.375,3340.29,3352.18
2018-10-17,0.3364,0.1,0.3615,0.375,0.3615,0.375,3399.5,3352.18
2018-10-18,0.3785,0.545,0.3615,0.375,0.3615,0.375,3347.89,3352.18
2018-10-19,0.3464,0.107,0.3615,0.375,0.3615,0.375,3387.24,3352.18
2018-10-28,0.7987,0.2143,0.7987,0.7987,0.7987,0.7987,2832.72,2832.72
2019-05-07,0.7844,0.4529,0.7844,0.7844,0.7844,0.7844,2850.26,2850.26
2019-05-15,0.6431,0.0952,0.6569,0.6637,0.657,0.6637,3023.49,2998.23
2019-05-16,0.6708,0.2772,0.6569,0.6637,0.657,0.6637,2989.53,2998.23
2019-05-29,0.5789,0.0833,0.5666,0.5795,0.5616,0.5714,3102.2,3101.46
2019-05-30,0.6006,0.5589,0.5616,0.5714,0.5616,0.5714,3075.59,3111.39
2019-05-31,0.5297,0.119,0.5616,0.5714,0.5616,0.5714,3162.52,3111.39
2019-06-01,0.5571,0.26,0.5616,0.5714,0.5616,0.5714,3128.92,3111.39
2019-06-02,0.5418,0.2798,0.5573,0.5709,0.5616,0.5714,3147.68,3112.01
2019-06-09,0.5047,0.2032,0.5047,0.5047,0.5233,0.5262,3193.17,3193.17
2019-07-02,0.547,0.1216,0.5176,0.5178,0.5176,0.5178,3141.31,3177.11
2019-07-03,0.5134,0.3993,0.5176,0.5178,0.5176,0.5178,3182.5,3177.11
2019-07-05,0.4925,0.0716,0.5176,0.5178,0.5176,0.5178,3208.12,3177.11
2019-07-27,0.3815,0.141,0.3516,0.3354,0.3516,0.3354,3344.21,3400.73
2019-07-29,0.3008,0.2952,0.3516,0.3354,0.3516,0.3354,3443.15,3400.73
2019-07-30,0.3726,0.1,0.3516,0.3354,0.3516,0.3354,3355.12,3400.73
2019-08-06,0.4308,0.1348,0.3734,0.3314,0.3731,0.3352,3283.77,3405.63
2019-08-09,0.316,0.8677,0.3734,0.3314,0.3277,0.3125,3424.51,3405.63
2019-08-13,0.3256,0.2258,0.2972,0.2836,0.3277,0.3125,3412.74,3464.23
2019-08-14,0.2433,0.3318,0.2972,0.2836,0.3019,0.3021,3513.64,3464.23
2019-08-15,0.3228,0.1,0.2972,0.2836,0.2958,0.2967,3416.17,3464.23
2019-08-21,0.2711,0.3195,0.2801,0.2662,0.2813,0.2646,3479.56,3485.57
2019-08-22,0.3288,0.1315,0.2801,0.2662,0.2908,0.2722,3408.82,3485.57
2019-08-23,0.2404,0.3808,0.2801,0.2662,0.2948,0.2835,3517.2,3485.57
2019-08-29,0.3388,0.2607,0.3388,0.3388,0.3027,0.2886,3396.56,3396.56
2019-09-05,0.3781,0.27,0.3781,0.3781,0.3585,0.3588,3348.38,3348.38
2019-09-18,0.5049,0.0677,0.484,0.4695,0.484,0.4695,3192.92,3236.32
2019-09-19,0.463,0.3705,0.484,0.4695,0.484,0.4695,3244.29,3236.32
2019-09-29,0.7372,0.128,0.6463,0.5983,0.5723,0.529,2908.12,3078.41
2019-10-01,0.5554,0.4143,0.5953,0.5419,0.5723,0.529,3131.01,3147.56
2019-10-03,0.4933,0.6292,0.5173,0.5127,0.5723,0.529,3207.14,3183.36
2019-10-05,0.5033,0.5889,0.4983,0.4981,0.5873,0.56,3194.88,3201.26
2019-10-10,0.6474,0.6242,0.5924,0.6322,0.5412,0.5497,3018.22,3036.85
2019-10-13,0.5373,0.1,0.5627,0.5948,0.5403,0.5618,3153.2,3082.7
2019-10-14,0.586,0.4698,0.5135,0.5166,0.5403,0.5618,3093.49,3178.58
2019-10-15,0.4802,0.2004,0.5135,0.5166,0.5403,0.5618,3223.2,3178.58
2019-10-17,0.4504,0.4127,0.5055,0.5147,0.522,0.5553,3259.74,3180.91
2019-10-22,0.4308,0.0947,0.4435,0.4492,0.4614,0.47,3283.77,3261.21
2019-10-24,0.4561,0.2513,0.4435,0.4492,0.4567,0.4685,3252.75,3261.21
2019-10-28,0.4896,0.6724,0.4896,0.4896,0.4588,0.4759,3211.68,3211.68
2020-05-12,0.7543,0.4205,0.7542,0.7541,0.7542,0.7541,2887.16,2887.4
2020-05-14,0.754,0.756,0.7542,0.7541,0.7225,0.736,2887.53,2887.4
2020-05-19,0.6593,0.2781,0.6593,0.6593,0.7225,0.736,3003.63,3003.63
2020-05-27,0.6484,0.1546,0.6053,0.5909,0.6053,0.5909,3016.99,3087.49
2020-05-28,0.5855,0.3376,0.6053,0.5909,0.6053,0.5909,3094.11,3087.49
2020-05-30,0.5819,0.7857,0.6053,0.5909,0.6053,0.5909,3098.52,3087.49
2020-06-06,0.624,0.679,0.5546,0.5706,0.5614,0.5744,3046.91,3112.37
2020-06-07,0.5113,0.0688,0.5546,0.5706,0.5546,0.5706,3185.08,3112.37
2020-06-08,0.5286,0.7678,0.5546,0.5706,0.5546,0.5706,3163.87,3112.37
2020-06-26,0.5225,0.2903,0.4622,0.462,0.4621,0.462,3171.34,3245.52
2020-06-29,0.4018,0.2913,0.4622,0.462,0.4502,0.4452,3319.32,3245.52
2020-07-03,0.4262,0.5145,0.4262,0.4262,0.4421,0.4421,3289.41,3289.41
2020-07-07,0.4179,0.1411,0.4179,0.4179,0.422,0.4244,3299.58,3299.58
2020-07-16,0.4498,0.0521,0.4498,0.4498,0.4498,0.4498,3260.47,3260.47
2020-07-28,0.3404,0.5219,0.3404,0.3404,0.3404,0.3404,3394.6,3394.6
2020-08-05,0.3482,0.0966,0.3398,0.3391,0.3398,0.3391,3385.03,3396.19
2020-08-08,0.3314,0.1145,0.3398,0.3391,0.3398,0.3391,3405.63,3396.19
2020-08-18,0.2543,0.6527,0.2492,0.2531,0.2492,0.2531,3500.16,3501.63
2020-08-19,0.244,0.0844,0.2492,0.2531,0.3021,0.32,3512.78,3501.63
2020-08-25,0.408,0.5601,0.3783,0.3695,0.3121,0.3217,3311.72,3358.92
2020-08-26,0.386,0.1,0.3592,0.3547,0.3137,0.3276,3338.69,3377.07
2020-08-27,0.341,0.8155,0.3343,0.3459,0.3388,0.3341,3393.86,3387.85
2020-08-29,0.3016,0.4115,0.3096,0.3106,0.3213,0.329,3442.17,3431.13
2020-08-30,0.2349,0.1495,0.3193,0.3132,0.3194,0.3258,3523.94,3427.94
2020-08-31,0.3268,0.2585,0.315,0.2972,0.3194,0.3258,3411.27,3447.56
2020-09-01,0.267,0.4927,0.2928,0.2896,0.3194,0.3258,3484.59,3456.88
2020-09-02,0.4447,0.1,0.2929,0.2898,0.3096,0.3096,3266.73,3456.63
2020-09-04,0.182,0.1,0.299,0.2885,0.2942,0.2923,3588.79,3458.23
2020-09-05,0.3021,0.4146,0.3096,0.3058,0.2981,0.2939,3441.55,3437.02
2020-09-11,0.3256,0.0979,0.2741,0.2687,0.2634,0.2716,3412.74,3482.5
2020-09-12,0.2659,0.6501,0.2741,0.2687,0.2797,0.2768,3485.93,3482.5
2020-09-13,0.2376,0.1,0.2741,0.2687,0.2783,0.277,3520.63,3482.5
2020-09-14,0.2674,0.4519,0.2741,0.2687,0.27,0.2746,3484.09,3482.5
2020-09-19,0.2948,0.6071,0.2391,0.2741,0.2468,0.2694,3450.5,3475.88
2020-09-20,0.2289,0.1,0.2391,0.2741,0.2436,0.2706,3531.3,3475.88
2020-09-21,0.2731,0.5836,0.2391,0.2741,0.2448,0.2724,3477.11,3475.88
2020-09-22,0.1596,0.0654,0.2391,0.2741,0.2391,0.2741,3616.26,3475.88
2020-10-07,0.6034,0.5539,0.5355,0.5788,0.4515,0.5249,3072.16,3102.32
2020-10-08,0.4675,0.1227,0.4927,0.549,0.418,0.4397,3238.77,3138.86
2020-10-11,0.4073,0.142,0.3717,0.3352,0.3642,0.396,3312.58,3400.97
2020-10-13,0.3279,0.1,0.3162,0.3153,0.3642,0.396,3409.92,3425.37
2020-10-14,0.284,0.5028,0.3071,0.3089,0.3642,0.396,3463.74,3433.22
2020-10-15,0.2311,0.0654,0.287,0.2979,0.33,0.3215,3528.6,3446.7
2020-10-16,0.3309,0.4408,0.287,0.2979,0.3071,0.3089,3406.24,3446.7
2020-10-17,0.2612,0.1678,0.2768,0.2954,0.3071,0.3089,3491.7,3449.77
2020-10-24,0.3263,0.1049,0.3232,0.3215,0.2998,0.2996,3411.88,3417.77
2020-10-26,0.3201,0.3473,0.3126,0.307,0.3126,0.307,3419.49,3435.55
2020-10-28,0.2915,0.4263,0.3058,0.3043,0.3126,0.307,3454.55,3438.86
2021-05-03,0.6952,0.5507,0.6914,0.6922,0.6832,0.6843,2959.62,2963.29
2021-05-06,0.6875,0.3425,0.6832,0.6843,0.7146,0.6931,2969.06,2972.98
2021-05-08,0.667,0.4139,0.721,0.6917,0.7102,0.6931,2994.19,2963.91
2021-05-11,0.8085,0.1,0.7228,0.6941,0.7003,0.6815,2820.71,2960.96
2021-05-13,0.693,0.2197,0.7156,0.6876,0.7003,0.6815,2962.31,2968.93
2021-05-15,0.6454,0.314,0.6692,0.665,0.7035,0.6795,3020.67,2996.64
2021-05-31,0.7078,0.4201,0.7078,0.7078,0.7078,0.7078,2944.17,2944.17
2021-06-16,0.5439,0.3201,0.5025,0.5263,0.5025,0.5263,3145.11,3166.69
2021-06-19,0.461,0.0865,0.5025,0.5263,0.4656,0.4588,3246.74,3166.69
2021-06-23,0.4328,0.3551,0.439,0.4308,0.4602,0.4574,3281.32,3283.77
2021-06-24,0.4721,0.128,0.439,0.4308,0.4434,0.4331,3233.13,3283.77
2021-06-25,0.4183,0.4922,0.439,0.4308,0.4437,0.4348,3299.09,3283.77
2021-06-26,0.4329,0.0771,0.439,0.4308,0.4437,0.4348,3281.19,3283.77
2021-07-01,0.4449,0.1887,0.4449,0.4449,0.4421,0.433,3266.48,3266.48
2021-07-11,0.3833,0.6758,0.3833,0.3833,0.37,0.38,3342.0,3342.0
2021-07-15,0.406,0.4146,0.3406,0.3495,0.3369,0.347,3314.17,3383.44
2021-07-16,0.3053,0.1933,0.3528,0.3529,0.3369,0.347,3437.63,3379.27
2021-07-17,0.3854,0.2611,0.3465,0.3379,0.3369,0.347,3339.43,3397.66
2021-07-18,0.2656,0.2894,0.3303,0.3353,0.3369,0.347,3486.3,3400.85
2021-07-19,0.4018,0.0812,0.3177,0.3179,0.3303,0.3353,3319.32,3422.18
2021-07-20,0.3151,0.8121,0.3202,0.3196,0.3369,0.3378,3425.62,3420.1
2021-07-21,0.2329,0.0531,0.3038,0.3057,0.3369,0.3378,3526.39,3437.14
2021-07-26,0.3835,0.1136,0.3835,0.3835,0.3333,0.325,3341.76,3341.76
2021-08-05,0.2901,0.5677,0.2755,0.2857,0.2755,0.2857,3456.26,3461.66
2021-08-06,0.2609,0.1,0.2755,0.2857,0.2755,0.2857,3492.06,3461.66
2021-08-17,0.2758,0.1594,0.2758,0.2758,0.2553,0.2659,3473.8,3473.8
2021-08-22,0.2349,0.051,0.2969,0.3449,0.298,0.3025,3523.94,3389.08
2021-08-25,0.3589,0.3998,0.3036,0.3059,0.2999,0.29,3371.92,3436.89
2021-08-27,0.3529,0.1436,0.3129,0.2913,0.2999,0.29,3379.27,3454.79
2021-08-28,0.2676,0.634,0.3129,0.2913,0.2999,0.29,3483.85,3454.79
2021-08-29,0.3253,0.1,0.3014,0.2749,0.3473,0.341,3413.11,3474.9
2021-08-30,0.2599,0.7702,0.3014,0.2749,0.3874,0.3495,3493.29,3474.9
2021-09-04,0.6319,0.3683,0.5738,0.6089,0.3945,0.3496,3037.22,3065.42
2021-09-05,0.5156,0.0906,0.5738,0.6089,0.4198,0.3822,3179.8,3065.42
2021-09-10,0.3665,0.2667,0.3665,0.3665,0.4818,0.467,3362.6,3362.6
2021-09-15,0.4133,0.7133,0.4133,0.4133,0.3899,0.4006,3305.22,3305.22
2021-10-09,0.6588,0.0875,0.657,0.6559,0.657,0.6559,3004.24,3007.8
2021-10-10,0.6552,0.3956,0.657,0.6559,0.657,0.6559,3008.65,3007.8
2021-10-21,0.8173,0.1669,0.8173,0.8173,0.7828,0.7962,2809.92,2809.92
2021-10-27,0.7482,0.0736,0.7482,0.7482,0.7828,0.7962,2894.64,2894.64
2022-05-13,0.7514,0.8163,0.6902,0.7381,0.7015,0.734,2890.71,2907.02
2022-05-14,0.6291,0.1,0.6902,0.7381,0.7015,0.734,3040.65,2907.02
2022-05-18,0.7241,0.3775,0.7241,0.7241,0.7043,0.7291,2924.18,2924.18
2022-05-22,0.7125,0.379,0.7125,0.7125,0.7183,0.7183,2938.41,2938.41
2022-05-30,0.5639,0.1,0.5881,0.6016,0.588,0.6016,3120.59,3074.37
2022-05-31,0.6122,0.3564,0.5881,0.6016,0.588,0.6016,3061.37,3074.37
2022-06-07,0.5789,0.6196,0.5789,0.5789,0.5956,0.5911,3102.2,3102.2
2022-07-05,0.4338,0.2618,0.4583,0.4439,0.4363,0.4386,3280.09,3267.71
2022-07-06,0.5006,0.0938,0.4583,0.4439,0.4363,0.4386,3198.19,3267.71
2022-07-07,0.4405,0.7885,0.4363,0.4386,0.4363,0.4386,3271.88,3274.2
2022-07-10,0.3704,0.0887,0.4055,0.4334,0.4363,0.4386,3357.82,3280.58
2022-07-28,0.335,0.3174,0.3535,0.3358,0.3462,0.3288,3401.22,3400.24
2022-07-29,0.3851,0.1233,0.3462,0.3288,0.3431,0.3287,3339.8,3408.82
2022-07-30,0.3217,0.6681,0.3462,0.3288,0.3476,0.3338,3417.52,3408.82
2022-07-31,0.372,0.1,0.3462,0.3288,0.3476,0.3338,3355.86,3408.82
2022-08-01,0.3173,0.7391,0.3447,0.3276,0.3476,0.3338,3422.92,3410.29
2022-08-04,0.3273,0.1822,0.3397,0.3318,0.3355,0.3305,3410.66,3405.14
2022-08-05,0.3745,0.2693,0.3509,0.3555,0.3355,0.3298,3352.79,3376.08
2022-08-09,0.2508,0.1,0.2508,0.2508,0.2801,0.2772,3504.45,3504.45
2022-08-13,0.1887,0.2366,0.2595,0.2494,0.2642,0.2725,3580.58,3506.16
2022-08-15,0.2591,0.6464,0.2558,0.2597,0.2714,0.2769,3494.27,3493.54
2022-08-16,0.3307,0.1,0.2664,0.2733,0.2714,0.2769,3406.49,3476.86
2022-08-17,0.2751,0.8754,0.282,0.282,0.279,0.279,3474.65,3466.2
2022-08-18,0.2255,0.1,0.2887,0.2861,0.2762,0.2734,3535.46,3461.17
2022-08-19,0.3196,0.577,0.2946,0.2952,0.2684,0.2718,3420.1,3450.01
2022-08-21,0.322,0.2596,0.2865,0.2852,0.2773,0.2772,3417.16,3462.27
2022-08-23,0.3111,0.1,0.2713,0.2687,0.2698,0.2759,3430.52,3482.5
2022-08-24,0.2544,0.8443,0.2713,0.2687,0.2666,0.2753,3500.03,3482.5
2022-08-25,0.1978,0.0844,0.2544,0.2553,0.2655,0.2754,3569.42,3498.93
2022-08-29,0.1919,0.1879,0.2469,0.2401,0.2514,0.2515,3576.66,3517.56
2022-08-30,0.3019,0.1464,0.2469,0.2401,0.2514,0.2515,3441.8,3517.56
2022-09-09,0.3795,0.5428,0.2887,0.3249,0.2887,0.3249,3346.66,3413.6
2022-09-11,0.2912,0.5898,0.2887,0.3249,0.2887,0.3249,3454.92,3413.6
2022-09-12,0.1954,0.0758,0.2887,0.3249,0.2887,0.3249,3572.37,3413.6
2022-09-26,0.6062,0.0802,0.6062,0.6062,0.5348,0.5136,3068.73,3068.73
2022-09-30,0.4903,0.2867,0.4991,0.4957,0.5348,0.5136,3210.82,3204.2
2022-10-01,0.5078,0.1287,0.4991,0.4957,0.5221,0.5059,3189.37,3204.2
2022-10-07,0.4841,0.176,0.4841,0.4841,0.4941,0.4923,3218.42,3218.42
2022-10-25,0.8615,0.5674,0.8615,0.8615,0.8388,0.8438,2755.73,2755.73
2022-10-30,0.8161,0.3627,0.8161,0.8161,0.8388,0.8438,2811.39,2811.39
2023-05-04,0.7694,0.8547,0.7694,0.7694,0.7694,0.7694,2868.65,2868.65
2023-05-16,0.7933,0.9336,0.775,0.7833,0.775,0.7833,2839.35,2851.61
2023-05-18,0.7568,0.3525,0.775,0.7833,0.775,0.7833,2884.09,2851.61
2023-06-23,0.5917,0.4577,0.5384,0.5311,0.5316,0.5247,3086.51,3160.8
2023-06-25,0.5414,0.1392,0.5316,0.5247,0.5316,0.5247,3148.17,3168.65
2023-06-26,0.4822,0.5958,0.5316,0.5247,0.5316,0.5247,3220.75,3168.65
2023-06-28,0.5112,0.568,0.5116,0.5012,0.4977,0.5054,3185.2,3197.46
2023-07-03,0.4611,0.5876,0.4409,0.4539,0.4637,0.475,3246.62,3255.45
2023-07-04,0.3987,0.074,0.4504,0.4576,0.4606,0.4728,3323.12,3250.91
2023-07-05,0.494,0.3195,0.4504,0.4576,0.4606,0.4728,3206.28,3250.91
2023-07-06,0.4097,0.2936,0.4504,0.4576,0.489,0.4905,3309.64,3250.91
2023-07-07,0.4887,0.1507,0.4478,0.4551,0.4912,0.4938,3212.78,3253.98
2023-07-12,0.6815,0.2457,0.5664,0.5576,0.5152,0.5113,2976.41,3128.31
2023-07-13,0.5049,0.4925,0.5664,0.5576,0.5195,0.5156,3192.92,3128.31
2023-07-14,0.5127,0.1,0.5664,0.5576,0.5189,0.4872,3183.36,3128.31
2023-07-20,0.4066,0.7355,0.405,0.4052,0.4457,0.4315,3313.44,3315.15
2023-07-22,0.4034,0.5757,0.4046,0.4049,0.4069,0.3978,3317.36,3315.52
2023-07-25,0.4038,0.3925,0.407,0.3944,0.4142,0.4036,3316.87,3328.39
2023-07-26,0.4427,0.1,0.4187,0.4023,0.402,0.3909,3269.18,3318.71
2023-07-27,0.3782,0.8448,0.4187,0.4023,0.402,0.3909,3348.25,3318.71
2023-07-29,0.4502,0.3271,0.4,0.3782,0.4012,0.3868,3259.98,3348.25
2023-08-01,0.3289,0.6083,0.3895,0.3713,0.3862,0.3717,3408.7,3356.71
2023-08-05,0.3902,0.2429,0.362,0.3423,0.373,0.3575,3333.54,3392.27
2023-08-06,0.3123,0.5146,0.362,0.3423,0.3538,0.3367,3429.05,3392.27
2023-08-07,0.3836,0.0927,0.362,0.3423,0.3538,0.3367,3341.63,3392.27
2023-08-14,0.2138,0.0729,0.2728,0.3025,0.3012,0.309,3549.81,3441.06
2023-08-16,0.2465,0.1625,0.2778,0.2982,0.2847,0.3053,3509.72,3446.33
2023-08-17,0.3582,0.2795,0.2847,0.3053,0.2847,0.3053,3372.77,3437.63
2023-08-18,0.2928,0.4019,0.3024,0.3091,0.2985,0.3092,3452.95,3432.97
2023-08-20,0.3122,0.9452,0.3211,0.3153,0.2985,0.3092,3429.17,3425.37
2023-08-24,0.3673,0.1231,0.3468,0.3359,0.3079,0.3056,3361.62,3400.11
2023-08-27,0.3264,0.4049,0.298,0.2916,0.2957,0.2863,3411.76,3454.43
2023-08-28,0.2415,0.1692,0.2861,0.2855,0.2929,0.2743,3515.85,3461.9
2023-08-30,0.2566,0.4271,0.278,0.2683,0.2929,0.2743,3497.34,3482.99
2023-08-31,0.3198,0.0927,0.2659,0.2529,0.2929,0.2743,3419.85,3501.87
2023-09-01,0.2458,0.831,0.2741,0.2543,0.278,0.2683,3510.58,3500.16
2023-09-11,0.6999,0.3425,0.6999,0.6999,0.5406,0.5694,2953.85,2953.85
2023-09-16,0.3814,0.2379,0.3782,0.3798,0.4671,0.494,3344.33,3346.29
2023-09-19,0.375,0.0802,0.3895,0.3981,0.3895,0.3981,3352.18,3323.86
2023-09-20,0.4121,0.4172,0.3935,0.4061,0.3895,0.3981,3306.69,3314.05
2023-09-27,0.4831,0.3412,0.4126,0.4244,0.4125,0.4193,3219.65,3291.61
2023-09-28,0.3422,0.2439,0.4126,0.4244,0.4126,0.4244,3392.39,3291.61
2023-10-08,0.5049,0.0708,0.5049,0.5049,0.6074,0.7156,3192.92,3192.92
2023-10-12,0.7487,0.8635,0.6088,0.6918,0.5828,0.6811,2894.02,2963.78
2023-10-13,0.5686,0.0927,0.6088,0.6918,0.5828,0.6811,3114.83,2963.78
2023-10-15,0.5092,0.2064,0.6088,0.6918,0.6136,0.6854,3187.65,2963.78
2023-10-20,0.7365,0.1038,0.673,0.6909,0.606,0.585,2908.98,2964.89
2023-10-23,0.6096,0.0583,0.673,0.6909,0.673,0.6909,3064.56,2964.89
2024-05-15,0.8031,0.0573,0.8031,0.8031,0.793,0.7851,2827.33,2827.33
2024-05-21,0.783,0.4981,0.6873,0.7027,0.7162,0.7073,2851.97,2950.42
2024-05-22,0.6273,0.167,0.6873,0.7027,0.7162,0.7073,3042.86,2950.42
2024-05-24,0.6515,0.5347,0.6873,0.7027,0.6873,0.7027,3013.19,2950.42
2024-06-02,0.6549,0.312,0.5873,0.5591,0.5524,0.5513,3009.02,3126.47
2024-06-04,0.5863,0.0781,0.5524,0.5513,0.5524,0.5513,3093.13,3136.04
2024-06-05,0.5206,0.83,0.5524,0.5513,0.5524,0.5513,3173.67,3136.04
2024-06-06,0.4478,0.0927,0.5182,0.519,0.5524,0.5513,3262.93,3175.64
2024-06-14,0.5895,0.1545,0.5895,0.5895,0.5895,0.5895,3089.2,3089.2
2024-06-23,0.362,0.0729,0.4054,0.4319,0.4054,0.4319,3368.12,3282.42
2024-06-24,0.4489,0.3002,0.4054,0.4319,0.4054,0.4319,3261.58,3282.42
2024-07-04,0.434,0.8359,0.4392,0.4367,0.4392,0.4367,3279.84,3276.53
2024-07-06,0.4445,0.2929,0.4392,0.4367,0.4392,0.4367,3266.97,3276.53
2024-07-14,0.3606,0.6827,0.3204,0.3532,0.3204,0.3532,3369.83,3378.9
2024-07-15,0.2457,0.0573,0.3204,0.3532,0.3204,0.3532,3510.7,3378.9
2024-07-16,0.355,0.6068,0.3204,0.3532,0.3204,0.3532,3376.7,3378.9
2024-07-23,0.4028,0.2689,0.4028,0.4028,0.358,0.3552,3318.1,3318.1
2024-07-29,0.3161,0.3245,0.3655,0.3403,0.36,0.35,3424.39,3394.72
2024-07-30,0.415,0.1054,0.3595,0.3444,0.36,0.35,3303.14,3389.69
2024-08-02,0.3473,0.6036,0.3602,0.3472,0.3427,0.3387,3386.14,3386.26
2024-08-03,0.2568,0.2207,0.3574,0.3457,0.3463,0.3435,3497.09,3388.1
2024-08-04,0.4219,0.17,0.3574,0.3457,0.3463,0.3435,3294.68,3388.1
2024-08-06,0.4035,0.099,0.3384,0.3424,0.3506,0.3492,3317.24,3392.15
2024-08-08,0.2386,0.0834,0.3377,0.3541,0.3333,0.3447,3519.4,3377.8
2024-08-09,0.371,0.2794,0.3377,0.3541,0.3237,0.3288,3357.08,3377.8
2024-08-13,0.2628,0.1,0.2915,0.3038,0.2968,0.3003,3489.73,3439.47
2024-08-14,0.3648,0.4243,0.2849,0.2852,0.2776,0.2905,3364.68,3462.27
2024-08-15,0.247,0.384,0.2672,0.2804,0.2905,0.2957,3509.11,3468.16
2024-08-17,0.2649,0.8332,0.271,0.2845,0.2869,0.2899,3487.16,3463.13
2024-08-18,0.1965,0.1,0.278,0.2772,0.2869,0.2899,3571.02,3472.08
2024-08-19,0.3222,0.541,0.2842,0.2833,0.2869,0.2899,3416.91,3464.6
2024-08-20,0.2304,0.2783,0.2842,0.2833,0.2869,0.2899,3529.46,3464.6
2024-08-21,0.4068,0.1426,0.289,0.2977,0.2936,0.2944,3313.19,3446.95
2024-08-27,0.3159,0.4427,0.2708,0.2982,0.284,0.2835,3424.63,3446.33
2024-08-30,0.2258,0.108,0.2609,0.28,0.254,0.2669,3535.1,3468.65
2024-09-01,0.2409,0.2567,0.2386,0.2504,0.287,0.2745,3516.58,3504.94
2024-09-03,0.2574,0.8948,0.2428,0.2526,0.287,0.2745,3496.35,3502.24
2024-09-04,0.2301,0.0562,0.295,0.2643,0.2812,0.2613,3529.82,3487.9
2024-09-07,0.4516,0.075,0.3408,0.3567,0.2873,0.2629,3258.27,3374.61
2024-09-11,0.2563,0.2677,0.2563,0.2563,0.3119,0.3222,3497.7,3497.7
2024-09-15,0.3783,0.3995,0.3106,0.3477,0.2925,0.3165,3348.13,3385.65
2024-09-16,0.243,0.117,0.3106,0.3477,0.2925,0.3165,3514.01,3385.65
2024-09-27,0.6235,0.3063,0.5036,0.4759,0.5036,0.4759,3047.52,3228.48
2024-09-28,0.4838,0.2183,0.5036,0.4759,0.5036,0.4759,3218.79,3228.48
2024-09-29,0.5046,0.0656,0.5036,0.4759,0.5117,0.4949,3193.29,3228.48
2024-09-30,0.4024,0.6637,0.5036,0.4759,0.4958,0.4906,3318.59,3228.48
2024-10-05,0.5442,0.482,0.4803,0.5223,0.469,0.4636,3144.74,3171.59
2024-10-06,0.4165,0.1,0.4803,0.5223,0.5013,0.5168,3301.3,3171.59
2024-10-10,0.4624,0.4729,0.57,0.5842,0.5252,0.5627,3245.03,3095.7
2024-10-12,0.6775,0.6179,0.57,0.5842,0.5252,0.5627,2981.32,3095.7
2024-10-22,0.8079,0.5243,0.7595,0.7924,0.7577,0.8017,2821.45,2840.45
2024-10-23,0.7111,0.1,0.7595,0.7924,0.7577,0.8017,2940.12,2840.45
2024-10-27,0.824,0.773,0.7437,0.7923,0.75,0.7923,2801.71,2840.57
2024-10-28,0.6879,0.1,0.7437,0.7923,0.75,0.7923,2968.56,2840.57
2024-10-30,0.7192,0.193,0.7437,0.7923,0.7355,0.7853,2930.19,2840.57
2025-05-05,0.7203,0.5201,0.7555,0.7498,0.7903,0.7581,2928.84,2892.68
2025-05-07,0.7907,0.3756,0.7903,0.7581,0.7903,0.7581,2842.53,2882.5
2025-05-09,0.8598,0.0729,0.8252,0.8019,0.7903,0.7581,2757.82,2828.8
2025-05-17,0.6915,0.4624,0.6973,0.6984,0.6772,0.6924,2964.15,2955.69
2025-05-20,0.7031,0.6831,0.6772,0.6924,0.6691,0.6798,2949.93,2963.05
2025-05-21,0.6234,0.0875,0.6724,0.6928,0.6691,0.6798,3047.64,2962.56
2025-05-22,0.6908,0.5123,0.6635,0.6768,0.6691,0.6798,2965.01,2982.17
2025-05-25,0.6368,0.5133,0.6638,0.6638,0.6635,0.6768,3031.21,2998.11
2025-06-04,0.5973,0.5616,0.5699,0.5965,0.5556,0.5692,3079.64,3080.62
2025-06-06,0.6346,0.4178,0.5556,0.5692,0.5556,0.5692,3033.91,3114.09
2025-06-07,0.4778,0.138,0.5556,0.5692,0.5545,0.5666,3226.15,3114.09
2025-06-08,0.5745,0.1502,0.5451,0.5552,0.5545,0.5666,3107.59,3131.25
2025-06-09,0.4936,0.4128,0.5451,0.5552,0.5545,0.5666,3206.78,3131.25
2025-06-13,0.5494,0.2543,0.5494,0.5494,0.546,0.5541,3138.36,3138.36
2025-06-26,0.5001,0.7662,0.5001,0.5001,0.5001,0.5001,3198.81,3198.81
2025-07-07,0.3968,0.051,0.4356,0.4607,0.404,0.4163,3325.45,3247.11
2025-07-08,0.4744,0.2369,0.4225,0.4177,0.3964,0.4042,3230.31,3299.83
2025-07-11,0.3962,0.5738,0.3964,0.4045,0.4074,0.407,3326.19,3316.01
2025-07-12,0.3214,0.0635,0.3961,0.3955,0.4098,0.4097,3417.89,3327.05
2025-07-13,0.4314,0.3209,0.3961,0.3955,0.4098,0.4097,3283.03,3327.05
2025-07-14,0.3584,0.3292,0.3961,0.3955,0.4098,0.4097,3372.53,3327.05
2025-07-15,0.4733,0.0646,0.4022,0.4031,0.4117,0.4101,3231.66,3317.73
2025-07-18,0.4266,0.267,0.4499,0.4357,0.3916,0.392,3288.92,3277.76
2025-07-23,0.4196,0.4542,0.3473,0.3491,0.334,0.3464,3297.5,3383.93
2025-07-24,0.3056,0.3075,0.3232,0.3422,0.3445,0.3499,3437.26,3392.39
2025-07-26,0.3168,0.5792,0.3186,0.3364,0.31,0.3123,3423.53,3399.5
2025-07-27,0.2508,0.1,0.3183,0.3211,0.31,0.3123,3504.45,3418.26
2025-07-28,0.3541,0.4669,0.3075,0.2953,0.31,0.3123,3377.8,3449.89
2025-07-29,0.2645,0.232,0.295,0.2927,0.3172,0.3149,3487.65,3453.08
2025-07-30,0.418,0.1246,0.2914,0.285,0.3118,0.304,3299.46,3462.52
2025-07-31,0.2406,0.7974,0.2995,0.287,0.2923,0.287,3516.95,3460.07
2025-08-01,0.2202,0.0812,0.3051,0.2725,0.29,0.2848,3541.96,3477.84
2025-08-04,0.3821,0.1228,0.2691,0.2696,0.2916,0.2815,3343.47,3481.4
2025-08-05,0.2573,0.7663,0.2813,0.2722,0.2758,0.2687,3496.48,3478.21
2025-08-06,0.2048,0.1,0.2813,0.2722,0.2771,0.269,3560.84,3478.21
2025-08-07,0.2811,0.5277,0.2837,0.2765,0.2557,0.2599,3467.3,3472.94
2025-08-10,0.2933,0.3833,0.2492,0.269,0.2737,0.2734,3452.34,3482.13
2025-08-11,0.1963,0.0833,0.2661,0.2756,0.2737,0.2734,3571.26,3474.04
2025-08-13,0.226,0.2238,0.2661,0.2756,0.2631,0.2732,3534.85,3474.04
2025-08-14,0.3487,0.1497,0.257,0.2608,0.2714,0.2771,3384.42,3492.19
2025-08-18,0.2018,0.2085,0.2773,0.2748,0.2768,0.2887,3564.52,3475.02
2025-08-19,0.3528,0.1953,0.2898,0.2997,0.2883,0.2929,3379.4,3444.5
2025-08-22,0.3148,0.6669,0.3104,0.3131,0.2711,0.2803,3425.98,3428.07
2025-08-23,0.2122,0.1916,0.2963,0.3058,0.2778,0.2847,3551.77,3437.02
2025-08-24,0.3618,0.2136,0.2869,0.2914,0.2699,0.2684,3368.36,3454.67
2025-08-27,0.2588,0.4727,0.2695,0.2551,0.2784,0.2704,3494.64,3499.17
2025-08-28,0.1953,0.1754,0.2677,0.2466,0.2784,0.2704,3572.49,3509.6
2025-08-29,0.325,0.2316,0.2677,0.2466,0.2784,0.2704,3413.48,3509.6
2025-08-30,0.2068,0.6251,0.2677,0.2466,0.2923,0.2631,3558.39,3509.6
2025-08-31,0.3525,0.0938,0.2699,0.2415,0.303,0.2751,3379.76,3515.85
2025-09-05,0.4262,0.0927,0.3618,0.3149,0.3216,0.2771,3289.41,3425.86
2025-09-06,0.2974,0.5896,0.3618,0.3149,0.3207,0.2692,3447.32,3425.86
2025-09-15,0.5166,0.0938,0.4101,0.3395,0.4101,0.3395,3178.58,3395.7
2025-09-16,0.3036,0.4624,0.4101,0.3395,0.4599,0.3754,3439.71,3395.7
2025-09-22,0.5596,0.1085,0.5079,0.4769,0.459,0.4074,3125.86,3227.25
2025-09-24,0.4562,0.4347,0.5079,0.4769,0.5079,0.4769,3252.63,3227.25
2025-10-01,0.674,0.6906,0.555,0.594,0.4969,0.544,2985.61,3083.69
2025-10-04,0.4361,0.3499,0.5071,0.5765,0.4952,0.5495,3277.27,3105.14
2025-10-05,0.5806,0.0562,0.4505,0.4413,0.4952,0.5495,3100.11,3270.89
2025-10-07,0.3376,0.0771,0.4505,0.4413,0.4952,0.5495,3398.03,3270.89
2025-10-08,0.4478,0.3116,0.4553,0.4455,0.5313,0.5775,3262.93,3265.75
2025-10-14,0.7115,0.3096,0.7115,0.7115,0.499,0.5525,2939.63,2939.63
2025-10-30,1.1792,0.0549,0.9852,0.8117,0.9852,0.8117,2366.23,2816.79
2025-10-31,0.7913,0.9868,0.9852,0.8117,0.9852,0.8117,2841.8,2816.79
