date,meanNIR,MODIS_weight_final,meanNIR_unweighted_7day,meanNIR_weighted_7day,predicted_SLA_raw_WLS,predicted_SLA_smoothed_WLS
2000-05-04,0.7725,0.2074,0.7725,0.7725,2323.92,2323.92
2000-05-20,0.6785,0.1825,0.6189,0.622,2524.49,2645.05
2000-05-21,0.5948,0.2559,0.6189,0.622,2703.09,2645.05
2000-05-22,0.5834,0.0868,0.6189,0.622,2727.41,2645.05
2000-06-12,0.556,0.231,0.5149,0.4977,2785.87,2910.27
2000-06-15,0.4738,0.5635,0.4902,0.4799,2961.27,2948.25
2000-06-16,0.4777,0.0824,0.4683,0.4649,2952.94,2980.26
2000-06-17,0.4533,0.5232,0.4683,0.4649,3005.01,2980.26
2000-06-21,0.7433,0.1643,0.7433,0.7433,2386.23,2386.23
2000-06-25,0.5722,0.0537,0.518,0.4976,2751.31,2910.48
2000-06-26,0.5071,0.4064,0.518,0.4976,2890.21,2910.48
2000-06-28,0.4746,0.3405,0.518,0.4976,2959.56,2910.48
2000-07-03,0.3923,0.6043,0.3968,0.3953,3135.16,3128.76
2000-07-05,0.4014,0.2939,0.3968,0.3953,3115.75,3128.76
2000-07-09,0.4779,0.0809,0.405,0.3772,2952.52,3167.38
2000-07-10,0.3814,0.5603,0.3924,0.3758,3158.42,3170.37
2000-07-12,0.3557,0.4872,0.3766,0.3664,3213.26,3190.43
2000-07-13,0.3548,0.0759,0.3584,0.3613,3215.18,3201.31
2000-07-14,0.3668,0.2114,0.3538,0.3516,3189.57,3222.01
2000-07-15,0.3233,0.2635,0.3538,0.3516,3282.39,3222.01
2000-07-16,0.3683,0.1234,0.3533,0.3487,3186.37,3228.19
2000-07-20,0.3057,0.0574,0.3011,0.3084,3319.94,3314.18
2000-07-21,0.32,0.3713,0.3011,0.3084,3289.43,3314.18
2000-07-22,0.2777,0.1359,0.3011,0.3084,3379.69,3314.18
2000-07-27,0.2785,0.0802,0.2834,0.2957,3377.98,3341.28
2000-07-28,0.2976,0.745,0.2834,0.2957,3337.23,3341.28
2000-07-29,0.25,0.0944,0.2834,0.2957,3438.79,3341.28
2000-07-30,0.3076,0.3556,0.2834,0.2957,3315.89,3341.28
2000-09-04,0.423,0.0758,0.3468,0.3478,3069.66,3230.12
2000-09-05,0.3452,0.6345,0.3468,0.3478,3235.66,3230.12
2000-09-06,0.2722,0.0537,0.3507,0.3505,3391.42,3224.35
2000-09-09,0.3625,0.1725,0.3064,0.2899,3198.75,3353.66
2000-09-11,0.329,0.0809,0.3178,0.2912,3270.23,3350.88
2000-09-12,0.262,0.5272,0.3178,0.2912,3413.19,3350.88
2000-09-18,0.4753,0.0873,0.4155,0.3775,2958.07,3166.74
2000-09-19,0.3557,0.392,0.4155,0.3775,3213.26,3166.74
2000-09-28,0.5265,0.4356,0.5265,0.5265,2848.82,2848.82
2000-10-02,0.4816,0.321,0.4111,0.4033,2944.62,3111.69
2000-10-03,0.4061,0.294,0.4111,0.4033,3105.72,3111.69
2000-10-04,0.4323,0.081,0.3936,0.3761,3049.82,3169.73
2000-10-05,0.3243,0.3583,0.3936,0.3761,3280.26,3169.73
2000-10-07,0.3236,0.5449,0.3601,0.3328,3281.75,3262.12
2000-10-14,0.4481,0.7069,0.4168,0.442,3016.1,3029.12
2000-10-15,0.3854,0.0758,0.4168,0.442,3149.89,3029.12
2000-10-28,0.3969,0.3866,0.3969,0.3969,3125.35,3125.35
2001-05-01,0.6606,0.5106,0.6606,0.6606,2562.69,2562.69
2001-05-07,0.6616,0.2704,0.6616,0.6616,2560.55,2560.55
2001-05-25,0.7695,0.0954,0.7149,0.6724,2330.33,2537.51
2001-05-26,0.6603,0.7648,0.7149,0.6724,2563.33,2537.51
2001-06-04,0.6223,0.5697,0.6223,0.6223,2644.41,2644.41
2001-06-10,0.609,0.086,0.56,0.5392,2672.79,2821.72
2001-06-11,0.552,0.6812,0.56,0.5392,2794.41,2821.72
2001-06-13,0.5189,0.7278,0.56,0.5392,2865.04,2821.72
2001-07-06,0.4066,0.8342,0.4066,0.4066,3104.65,3104.65
2001-07-13,0.3914,0.5872,0.3869,0.3959,3137.08,3127.48
2001-07-15,0.4102,0.4079,0.385,0.3926,3096.97,3134.52
2001-07-16,0.3591,0.0861,0.3878,0.3932,3206.0,3133.24
2001-07-17,0.3794,0.2689,0.3869,0.3944,3162.69,3130.68
2001-07-19,0.3989,0.1457,0.3667,0.3507,3121.08,3223.93
2001-07-22,0.3295,0.7273,0.3369,0.3337,3269.16,3260.2
2001-07-23,0.3263,0.0963,0.3214,0.327,3275.99,3274.5
2001-07-24,0.3361,0.4327,0.3166,0.3204,3255.08,3288.58
2001-07-25,0.2939,0.1705,0.3166,0.3204,3345.12,3288.58
2001-07-27,0.2972,0.41,0.2961,0.2995,3338.08,3333.17
2001-07-29,0.2854,0.7954,0.2834,0.288,3363.26,3357.71
2001-07-30,0.2677,0.0853,0.2907,0.2923,3401.03,3348.54
2001-08-02,0.3125,0.2796,0.3073,0.3016,3305.44,3328.69
2001-08-04,0.357,0.0921,0.3183,0.3054,3210.48,3320.58
2001-08-05,0.2918,0.5396,0.3183,0.3054,3349.6,3320.58
2001-08-06,0.3119,0.1,0.3202,0.3028,3306.72,3326.13
2001-08-10,0.2662,0.1801,0.2765,0.2703,3404.23,3395.48
2001-08-11,0.305,0.1868,0.2765,0.2703,3321.44,3395.48
2001-08-12,0.2494,0.3321,0.2765,0.2703,3440.07,3395.48
2001-08-13,0.2853,0.0824,0.2755,0.2708,3363.47,3394.41
2001-08-16,0.2714,0.6525,0.2784,0.273,3393.13,3389.72
2001-08-21,0.2934,0.4919,0.2934,0.2934,3346.19,3346.19
2001-08-27,0.4051,0.1546,0.4051,0.4051,3107.85,3107.85
2001-09-01,0.5625,0.6643,0.4866,0.55,2772.01,2798.68
2001-09-02,0.4107,0.0595,0.4921,0.5446,3095.9,2810.2
2001-09-05,0.5032,0.0951,0.4296,0.3937,2898.53,3132.18
2001-09-06,0.3748,0.6047,0.439,0.3922,3172.5,3135.38
2001-09-10,0.4953,0.3044,0.4091,0.4259,2915.39,3063.47
2001-09-11,0.3551,0.1265,0.4091,0.4259,3214.54,3063.47
2001-09-12,0.3768,0.2485,0.4036,0.4074,3168.24,3102.95
2001-09-15,0.3874,0.6278,0.3621,0.3789,3145.62,3163.76
2001-09-18,0.3221,0.0851,0.3694,0.3761,3284.95,3169.73
2001-09-19,0.3534,0.2878,0.3634,0.3611,3218.17,3201.74
2001-09-21,0.4146,0.1037,0.3634,0.3611,3087.58,3201.74
2001-10-02,0.4491,0.078,0.4024,0.4059,3013.97,3106.15
2001-10-03,0.4286,0.4431,0.4024,0.4059,3057.71,3106.15
2001-10-04,0.3542,0.0848,0.4024,0.4059,3216.46,3106.15
2001-10-05,0.3777,0.3208,0.3988,0.3986,3166.32,3121.72
2001-10-08,0.3845,0.4755,0.3459,0.3541,3151.81,3216.67
2001-10-09,0.4343,0.0537,0.3379,0.3473,3045.55,3231.18
2001-10-10,0.3228,0.5286,0.3379,0.3473,3283.46,3231.18
2001-10-11,0.21,0.0684,0.3379,0.3473,3524.14,3231.18
2001-10-27,0.4044,0.0729,0.4756,0.5011,3109.35,2903.02
2001-10-29,0.5468,0.1543,0.4756,0.5011,2805.5,2903.02
2002-05-01,0.6968,0.2944,0.6637,0.6713,2485.45,2539.86
2002-05-02,0.6306,0.1841,0.6637,0.6713,2626.7,2539.86
2002-05-13,0.6272,0.6881,0.6083,0.6208,2633.95,2647.61
2002-05-14,0.6084,0.0941,0.6083,0.6208,2674.07,2647.61
2002-05-16,0.5894,0.1017,0.6083,0.6208,2714.61,2647.61
2002-05-20,0.6715,0.4596,0.641,0.6324,2539.43,2622.86
2002-05-22,0.6104,0.8179,0.641,0.6324,2669.8,2622.86
2002-05-26,0.6201,0.1604,0.5905,0.5779,2649.1,2739.15
2002-05-27,0.5609,0.3987,0.5905,0.5779,2775.42,2739.15
2002-06-04,0.6565,0.1529,0.6565,0.6565,2571.44,2571.44
2002-06-10,0.6197,0.1211,0.6068,0.6036,2649.96,2684.31
2002-06-11,0.594,0.2043,0.6068,0.6036,2704.79,2684.31
2002-06-15,0.5919,0.0809,0.5758,0.5633,2709.27,2770.3
2002-06-16,0.5597,0.6393,0.5758,0.5633,2777.98,2770.3
2002-06-22,0.6084,0.1,0.5524,0.5466,2674.07,2805.93
2002-06-23,0.5429,0.7569,0.5304,0.5319,2813.83,2837.3
2002-06-24,0.506,0.0838,0.5304,0.5319,2892.56,2837.3
2002-06-26,0.4644,0.2042,0.5044,0.5246,2981.32,2852.87
2002-07-07,0.4519,0.4199,0.4567,0.4408,3007.99,3031.68
2002-07-08,0.491,0.0662,0.4567,0.4408,2924.57,3031.68
2002-07-09,0.4271,0.5809,0.4567,0.4408,3060.91,3031.68
2002-07-19,0.3585,0.098,0.3866,0.3998,3207.28,3119.16
2002-07-20,0.4148,0.2697,0.3866,0.3998,3087.16,3119.16
2002-07-27,0.4453,0.4298,0.4033,0.4106,3022.08,3096.12
2002-07-28,0.3946,0.1125,0.4033,0.4106,3130.26,3096.12
2002-07-29,0.4232,0.189,0.4033,0.4106,3069.23,3096.12
2002-07-30,0.35,0.2553,0.4033,0.4106,3225.42,3096.12
2002-08-12,0.3663,0.3732,0.3445,0.3502,3190.64,3224.99
2002-08-13,0.3077,0.2002,0.3445,0.3502,3315.68,3224.99
2002-08-14,0.3594,0.2697,0.3445,0.3502,3205.36,3224.99
2002-08-30,0.4204,0.1681,0.3796,0.3662,3075.21,3190.85
2002-08-31,0.3389,0.3332,0.3796,0.3662,3249.11,3190.85
2002-09-06,0.4296,0.3051,0.366,0.3757,3055.58,3170.58
2002-09-07,0.3025,0.2243,0.366,0.3757,3326.77,3170.58
2002-09-20,0.5739,0.6938,0.489,0.511,2747.68,2881.89
2002-09-22,0.494,0.3288,0.489,0.511,2918.17,2881.89
2002-09-23,0.3992,0.3405,0.489,0.511,3120.44,2881.89
2002-10-05,0.5001,0.0846,0.4692,0.4697,2905.15,2970.01
2002-10-06,0.4696,0.6017,0.4692,0.4697,2970.23,2970.01
2002-10-07,0.4379,0.0796,0.4692,0.4697,3037.87,2970.01
2002-10-11,0.3755,0.5729,0.337,0.3327,3171.01,3262.33
2002-10-13,0.2985,0.7177,0.337,0.3327,3335.31,3262.33
2002-10-17,0.4511,0.1699,0.4084,0.3956,3009.7,3128.12
2002-10-18,0.3658,0.3172,0.4084,0.3956,3191.71,3128.12
2002-10-22,0.4661,0.4847,0.4416,0.4463,2977.7,3019.94
2002-10-24,0.4171,0.3276,0.4224,0.4197,3082.25,3076.7
2002-10-27,0.384,0.6051,0.4006,0.3956,3152.87,3128.12
2003-05-01,0.6244,0.1,0.6155,0.6168,2639.93,2656.14
2003-05-02,0.625,0.6636,0.6155,0.6168,2638.65,2656.14
2003-05-04,0.597,0.3149,0.6155,0.6168,2698.39,2656.14
2003-05-10,0.6063,0.0838,0.587,0.5888,2678.55,2715.89
2003-05-11,0.602,0.4284,0.5778,0.5732,2687.72,2749.17
2003-05-12,0.5612,0.1729,0.5768,0.5732,2774.78,2749.17
2003-05-13,0.5784,0.2251,0.5768,0.5732,2738.08,2749.17
2003-05-14,0.5411,0.4412,0.571,0.5711,2817.67,2753.66
2003-05-15,0.5721,0.0985,0.5632,0.557,2751.52,2783.74
2003-05-21,0.5213,0.3486,0.524,0.5193,2859.91,2864.18
2003-05-23,0.513,0.4017,0.5136,0.5039,2877.62,2897.04
2003-05-24,0.5377,0.1,0.5136,0.5039,2824.92,2897.04
2003-05-25,0.4823,0.6076,0.511,0.4984,2943.13,2908.78
2003-06-02,0.6369,0.0633,0.6224,0.6107,2613.26,2669.16
2003-06-03,0.6078,0.573,0.6273,0.6189,2675.35,2651.66
2003-06-06,0.6371,0.2877,0.5885,0.5852,2612.83,2723.57
2003-06-07,0.5915,0.0833,0.5635,0.542,2710.13,2815.75
2003-06-08,0.5175,0.4195,0.5416,0.5372,2868.02,2825.99
2003-06-10,0.5079,0.6231,0.5142,0.5098,2888.51,2884.45
2003-06-11,0.4542,0.0809,0.4948,0.5054,3003.09,2893.84
2003-06-12,0.4998,0.4391,0.4836,0.4957,2905.79,2914.54
2003-06-15,0.4726,0.2616,0.5213,0.4984,2963.83,2908.78
2003-06-18,0.5915,0.0655,0.5074,0.4796,2710.13,2948.89
2003-06-21,0.4582,0.2566,0.5248,0.4853,2994.55,2936.73
2003-06-25,0.5602,0.0956,0.5602,0.5602,2776.91,2776.91
2003-06-30,0.4868,0.2521,0.4543,0.4398,2933.53,3033.81
2003-07-03,0.4218,0.6567,0.4543,0.4398,3072.22,3033.81
2003-07-10,0.4628,0.4858,0.4722,0.4649,2984.74,2980.26
2003-07-11,0.4815,0.0611,0.4452,0.4356,2944.84,3042.77
2003-07-14,0.3913,0.3626,0.4364,0.4043,3137.3,3109.56
2003-07-21,0.3659,0.5237,0.3659,0.3659,3191.49,3191.49
2003-08-02,0.3237,0.309,0.3546,0.3362,3281.54,3254.87
2003-08-03,0.3855,0.0787,0.3546,0.3362,3149.67,3254.87
2003-08-15,0.3746,0.3342,0.3388,0.3382,3172.93,3250.6
2003-08-16,0.3104,0.2312,0.3388,0.3382,3309.92,3250.6
2003-08-17,0.3579,0.1513,0.3294,0.3209,3208.56,3287.51
2003-08-18,0.3124,0.3394,0.3211,0.3192,3305.65,3291.14
2003-08-20,0.2917,0.6236,0.3104,0.3053,3349.82,3320.8
2003-08-21,0.2797,0.0743,0.2946,0.2976,3375.42,3337.23
2003-08-25,0.3172,0.3206,0.3025,0.2992,3295.41,3333.81
2003-08-27,0.2878,0.5094,0.3025,0.2992,3358.14,3333.81
2003-08-31,0.3127,0.4101,0.294,0.3006,3305.01,3330.83
2003-09-01,0.2549,0.1755,0.294,0.3006,3428.34,3330.83
2003-09-02,0.3143,0.2252,0.294,0.3006,3301.59,3330.83
2003-09-07,0.5546,0.5633,0.5272,0.5353,2788.86,2830.04
2003-09-09,0.4999,0.307,0.4961,0.5269,2905.58,2847.97
2003-09-11,0.4337,0.0787,0.4668,0.4864,3046.83,2934.38
2003-09-21,0.4709,0.6164,0.4142,0.4544,2967.45,3002.66
2003-09-24,0.3574,0.1046,0.4054,0.4354,3209.63,3043.2
2003-09-25,0.3994,0.286,0.3836,0.3892,3120.02,3141.78
2003-09-27,0.3941,0.0828,0.3836,0.3892,3131.32,3141.78
2003-10-05,0.3541,0.4396,0.3231,0.3206,3216.67,3288.15
2003-10-07,0.2921,0.5164,0.3231,0.3206,3348.96,3288.15
2003-10-15,0.3708,0.1,0.3708,0.3708,3181.04,3181.04
2004-05-02,0.7014,0.7598,0.653,0.6924,2475.63,2494.84
2004-05-05,0.6047,0.0781,0.653,0.6924,2681.96,2494.84
2004-05-20,0.749,0.6757,0.6712,0.6987,2374.07,2481.39
2004-05-22,0.6652,0.3345,0.66,0.6933,2552.87,2492.91
2004-05-23,0.5993,0.2298,0.66,0.6933,2693.48,2492.91
2004-05-24,0.6266,0.0986,0.6304,0.6366,2635.23,2613.9
2004-06-05,0.6833,0.7162,0.6833,0.6833,2514.25,2514.25
2004-06-12,0.6848,0.7905,0.6148,0.6378,2511.05,2611.34
2004-06-13,0.5797,0.0765,0.6148,0.6378,2735.31,2611.34
2004-06-14,0.58,0.5658,0.6148,0.6378,2734.67,2611.34
2004-06-18,0.5526,0.089,0.5526,0.5526,2793.13,2793.13
2004-06-30,0.5783,0.3867,0.6294,0.6136,2738.29,2662.97
2004-07-02,0.7446,0.25,0.5823,0.5636,2383.45,2769.66
2004-07-03,0.5652,0.3945,0.5823,0.5636,2766.24,2769.66
2004-07-04,0.539,0.1,0.5833,0.5595,2822.15,2778.41
2004-07-05,0.4844,0.6192,0.5515,0.5508,2938.65,2796.97
2004-07-08,0.4243,0.0938,0.4662,0.478,3066.89,2952.3
2004-07-11,0.49,0.0877,0.4447,0.437,2926.7,3039.79
2004-07-12,0.428,0.3595,0.4515,0.438,3058.99,3037.65
2004-07-14,0.4366,0.6536,0.4515,0.438,3040.64,3037.65
2004-07-21,0.4896,0.5161,0.4896,0.4896,2927.55,2927.55
2004-07-28,0.3623,0.4662,0.3481,0.3518,3199.18,3221.58
2004-07-30,0.3464,0.6132,0.3473,0.3538,3233.1,3217.31
2004-07-31,0.3356,0.1,0.3473,0.3538,3256.15,3217.31
2004-08-01,0.3722,0.4863,0.3435,0.3509,3178.05,3223.5
2004-08-02,0.3199,0.1938,0.3435,0.3509,3289.65,3223.5
2004-08-15,0.3304,0.6189,0.3143,0.3203,3267.24,3288.79
2004-08-16,0.3172,0.0604,0.3143,0.3203,3295.41,3288.79
2004-08-17,0.3166,0.3968,0.3143,0.3203,3296.69,3288.79
2004-08-18,0.293,0.1704,0.3143,0.3203,3347.04,3288.79
2004-08-23,0.2864,0.0692,0.2864,0.2864,3361.13,3361.13
2004-09-08,0.5147,0.1,0.5147,0.5147,2874.0,2874.0
2004-09-12,0.5041,0.1795,0.4786,0.4451,2896.61,3022.5
2004-09-13,0.5351,0.1312,0.4532,0.3995,2830.47,3119.8
2004-09-14,0.3962,0.5039,0.4532,0.3995,3126.84,3119.8
2004-09-15,0.4791,0.0655,0.4426,0.3981,2949.96,3122.79
2004-09-16,0.3517,0.8381,0.4145,0.3824,3221.79,3156.29
2004-09-18,0.3896,0.2911,0.3707,0.3491,3140.93,3227.34
2004-09-19,0.3352,0.205,0.353,0.3456,3257.0,3234.81
2004-09-21,0.2978,0.3815,0.3534,0.34,3336.8,3246.76
2004-09-22,0.3909,0.0523,0.3413,0.3174,3138.15,3294.98
2004-09-26,0.2441,0.0835,0.2448,0.2451,3451.38,3449.25
2004-09-28,0.2454,0.2725,0.241,0.2379,3448.61,3464.61
2004-09-30,0.2335,0.5798,0.2395,0.2373,3474.0,3465.89
2004-10-07,0.368,0.453,0.368,0.368,3187.01,3187.01
2004-10-11,0.5116,0.6678,0.5214,0.5183,2880.61,2866.32
2004-10-14,0.5312,0.346,0.5214,0.5183,2838.79,2866.32
2004-10-23,0.494,0.4943,0.4516,0.4797,2918.17,2948.68
2004-10-26,0.4092,0.1,0.4293,0.4381,3099.1,3037.44
2004-10-27,0.4232,0.5595,0.4078,0.4107,3069.23,3095.9
2004-10-29,0.3909,0.346,0.4078,0.4107,3138.15,3095.9
2005-05-06,0.6879,0.1,0.6879,0.6879,2504.44,2504.44
2005-05-10,0.6894,0.3519,0.6876,0.6885,2501.24,2503.16
2005-05-11,0.6858,0.1253,0.6876,0.6885,2508.92,2503.16
2005-05-17,0.6771,0.1751,0.6633,0.6605,2527.48,2562.9
2005-05-18,0.6495,0.2648,0.6305,0.5991,2586.37,2693.91
2005-05-21,0.565,0.7923,0.585,0.5811,2766.67,2732.32
2005-05-22,0.548,0.086,0.5635,0.5697,2802.94,2756.64
2005-05-23,0.5776,0.7114,0.5635,0.5697,2739.79,2756.64
2005-05-28,0.603,0.4926,0.592,0.6006,2685.59,2690.71
2005-05-29,0.581,0.0596,0.592,0.6006,2732.53,2690.71
2005-06-08,0.5801,0.6713,0.5597,0.5708,2734.45,2754.3
2005-06-09,0.5348,0.1012,0.5597,0.5708,2831.11,2754.3
2005-06-10,0.5641,0.3956,0.5597,0.5708,2768.59,2754.3
2005-06-18,0.5664,0.1923,0.5664,0.5664,2763.68,2763.68
2005-06-24,0.618,0.6868,0.618,0.618,2653.58,2653.58
2005-07-04,0.4537,0.2233,0.4537,0.4537,3004.15,3004.15
2005-07-12,0.4392,0.2553,0.4392,0.4392,3035.09,3035.09
2005-07-16,0.4085,0.0677,0.4012,0.4006,3100.6,3117.45
2005-07-18,0.394,0.0816,0.3931,0.3873,3131.54,3145.83
2005-07-20,0.3768,0.1902,0.3742,0.363,3168.24,3197.68
2005-07-22,0.3518,0.4613,0.3551,0.3475,3221.58,3230.76
2005-07-24,0.3366,0.6962,0.3442,0.3427,3254.01,3241.0
2005-07-28,0.3698,0.2794,0.332,0.3259,3183.17,3276.84
2005-07-29,0.3209,0.2624,0.332,0.3259,3287.51,3276.84
2005-07-31,0.3054,0.5337,0.332,0.3259,3320.58,3276.84
2005-08-06,0.3812,0.2106,0.3365,0.3243,3158.85,3280.26
2005-08-07,0.3147,0.4573,0.3365,0.3243,3300.74,3280.26
2005-08-09,0.3137,0.7149,0.3365,0.3243,3302.88,3280.26
2005-08-13,0.3697,0.3503,0.3286,0.3191,3183.39,3291.35
2005-08-15,0.3292,0.0971,0.313,0.2989,3269.8,3334.45
2005-08-16,0.287,0.5838,0.3023,0.297,3359.85,3338.51
2005-08-18,0.2659,0.6296,0.2854,0.2787,3404.87,3377.56
2005-08-19,0.2597,0.0868,0.2709,0.275,3418.1,3385.45
2005-08-23,0.3205,0.381,0.3193,0.3007,3288.37,3330.61
2005-08-24,0.3581,0.1,0.3186,0.305,3208.14,3321.44
2005-08-25,0.2792,0.6156,0.3186,0.305,3376.49,3321.44
2005-08-27,0.3164,0.4109,0.3179,0.2998,3297.11,3332.53
2005-08-31,0.3701,0.0801,0.3701,0.3701,3182.53,3182.53
2005-09-06,0.5911,0.1604,0.5403,0.51,2710.98,2884.03
2005-09-07,0.5763,0.1507,0.5403,0.51,2742.56,2884.03
2005-09-08,0.4534,0.4058,0.5403,0.51,3004.79,2884.03
2005-09-15,0.3801,0.2875,0.3801,0.3801,3161.2,3161.2
2005-10-09,0.6419,0.196,0.6419,0.6419,2602.59,2602.59
2005-10-21,0.5619,0.9466,0.5162,0.5314,2773.29,2838.36
2005-10-22,0.5344,0.1,0.5162,0.5314,2831.96,2838.36
2005-10-23,0.5046,0.562,0.4971,0.5127,2895.55,2878.26
2005-10-24,0.4637,0.2096,0.4971,0.5127,2982.82,2878.26
2005-10-26,0.4207,0.3686,0.463,0.47,3074.57,2969.37
2006-05-05,0.7317,0.2042,0.7317,0.7317,2410.98,2410.98
2006-05-11,0.6619,0.0838,0.6619,0.6619,2559.91,2559.91
2006-05-15,0.7249,0.6789,0.7266,0.7252,2425.49,2424.85
2006-05-16,0.7284,0.0684,0.7266,0.7252,2418.02,2424.85
2006-05-21,0.647,0.1994,0.614,0.5933,2591.71,2706.29
2006-05-22,0.623,0.394,0.6013,0.5907,2642.92,2711.83
2006-05-23,0.6218,0.1,0.595,0.583,2645.48,2728.26
2006-05-24,0.564,0.8647,0.595,0.583,2768.8,2728.26
2006-05-25,0.5508,0.1,0.5846,0.577,2796.97,2741.07
2006-05-26,0.5635,0.6502,0.5976,0.5818,2769.87,2730.82
2006-05-29,0.6877,0.2488,0.5964,0.5866,2504.86,2720.58
2006-05-31,0.5696,0.4901,0.5747,0.563,2756.86,2770.94
2006-06-01,0.5646,0.0809,0.5684,0.5568,2767.52,2784.17
2006-06-02,0.5267,0.8786,0.5342,0.5354,2848.39,2829.83
2006-06-03,0.5248,0.0655,0.5342,0.5354,2852.45,2829.83
2006-06-04,0.5372,0.559,0.5271,0.5262,2825.99,2849.46
2006-06-05,0.4823,0.2204,0.5178,0.5244,2943.13,2853.3
2006-06-20,0.4463,0.3385,0.4463,0.4463,3019.94,3019.94
2006-06-28,0.4134,0.0989,0.4028,0.3975,3090.14,3124.07
2006-06-30,0.3922,0.2968,0.4028,0.3975,3135.38,3124.07
2006-07-10,0.4478,0.0567,0.4068,0.3735,3016.74,3175.28
2006-07-13,0.3658,0.5492,0.4068,0.3735,3191.71,3175.28
2006-07-17,0.4179,0.0801,0.4179,0.4179,3080.54,3080.54
2006-07-31,0.349,0.3388,0.349,0.349,3227.55,3227.55
2006-08-04,0.3568,0.1,0.2978,0.2934,3210.91,3346.19
2006-08-05,0.2842,0.803,0.2886,0.2882,3365.82,3357.28
2006-08-06,0.2445,0.0772,0.2886,0.2882,3450.53,3357.28
2006-08-07,0.3055,0.4033,0.2886,0.2882,3320.37,3357.28
2006-08-08,0.2519,0.2002,0.2789,0.2851,3434.74,3363.9
2006-08-11,0.3084,0.1,0.2802,0.2707,3314.18,3394.63
2006-08-15,0.237,0.1196,0.2562,0.2515,3466.53,3435.59
2006-08-17,0.2232,0.2318,0.2562,0.2515,3495.98,3435.59
2006-08-18,0.3083,0.1464,0.2562,0.2515,3314.4,3435.59
2006-08-27,0.2949,0.0662,0.267,0.2451,3342.99,3449.25
2006-08-28,0.2392,0.559,0.267,0.2451,3461.84,3449.25
2006-09-01,0.2457,0.219,0.2357,0.2346,3447.97,3471.65
2006-09-02,0.2256,0.2692,0.2357,0.2346,3490.86,3471.65
2006-09-08,0.5269,0.5615,0.452,0.4797,2847.97,2948.68
2006-09-09,0.4042,0.2242,0.452,0.4797,3109.77,2948.68
2006-09-10,0.425,0.1755,0.4466,0.4642,3065.39,2981.75
2006-09-13,0.4304,0.4399,0.4277,0.4289,3053.87,3057.07
2006-09-17,0.4698,0.2072,0.4183,0.4142,2969.8,3088.44
2006-09-18,0.3669,0.2502,0.4183,0.4142,3189.36,3088.44
2006-09-19,0.4181,0.0823,0.4183,0.4142,3080.11,3088.44
2006-09-28,0.422,0.0523,0.422,0.422,3071.79,3071.79
2006-10-04,0.3573,0.2525,0.3728,0.3439,3209.84,3238.44
2006-10-05,0.3972,0.1015,0.3585,0.3263,3124.71,3275.99
2006-10-06,0.324,0.6727,0.3585,0.3263,3280.9,3275.99
2006-10-07,0.4129,0.0662,0.3585,0.3263,3091.21,3275.99
2006-10-08,0.3013,0.765,0.3588,0.3215,3329.33,3286.23
2006-10-19,0.5687,0.3928,0.5687,0.5687,2758.78,2758.78
2006-10-24,0.3982,0.6015,0.3899,0.3946,3122.58,3130.26
2006-10-27,0.3815,0.1678,0.3883,0.3926,3158.21,3134.52
2006-10-28,0.3851,0.2053,0.3833,0.3835,3150.53,3153.94
2007-05-05,0.6839,0.1,0.6646,0.6591,2512.97,2565.89
2007-05-08,0.6454,0.1809,0.6868,0.6651,2595.12,2553.09
2007-05-10,0.7589,0.0552,0.6878,0.6628,2352.94,2557.99
2007-05-11,0.659,0.5679,0.6878,0.6628,2566.1,2557.99
2007-05-15,0.644,0.2779,0.5916,0.5776,2598.11,2739.79
2007-05-16,0.5813,0.3146,0.5882,0.5774,2731.89,2740.21
2007-05-17,0.5964,0.1419,0.5808,0.565,2699.67,2766.67
2007-05-18,0.5447,0.6757,0.5698,0.5632,2809.99,2770.51
2007-05-19,0.5744,0.1,0.5552,0.5514,2746.61,2795.69
2007-05-20,0.5437,0.8761,0.5424,0.5421,2812.12,2815.53
2007-05-21,0.5038,0.0728,0.5334,0.5388,2897.25,2822.57
2007-05-22,0.5424,0.3839,0.5311,0.5364,2814.89,2827.7
2007-05-23,0.4911,0.2236,0.5233,0.534,2924.35,2832.82
2007-05-26,0.5354,0.1,0.5132,0.5048,2829.83,2895.12
2007-06-14,0.4674,0.5842,0.4674,0.4674,2974.92,2974.92
2007-06-23,0.4496,0.3069,0.416,0.4287,3012.9,3057.5
2007-06-24,0.3825,0.1389,0.4179,0.4275,3156.08,3060.06
2007-06-27,0.4215,0.0846,0.3885,0.3769,3072.86,3168.02
2007-06-28,0.3709,0.785,0.3905,0.376,3180.83,3169.94
2007-06-29,0.379,0.0537,0.3905,0.376,3163.54,3169.94
2007-07-04,0.4689,0.1162,0.4215,0.398,2971.72,3123.0
2007-07-05,0.3834,0.6652,0.427,0.4016,3154.15,3115.32
2007-07-06,0.4123,0.1,0.427,0.4016,3092.49,3115.32
2007-07-08,0.4432,0.0772,0.3987,0.3878,3026.56,3144.77
2007-07-10,0.3583,0.1982,0.3952,0.3877,3207.71,3144.98
2007-07-11,0.3965,0.2359,0.3952,0.3877,3126.2,3144.98
2007-07-13,0.3826,0.1,0.3791,0.3797,3155.86,3162.05
2007-07-19,0.3247,0.2469,0.3126,0.3081,3279.4,3314.82
2007-07-21,0.3006,0.5444,0.3088,0.3052,3330.83,3321.01
2007-07-23,0.3012,0.5648,0.3039,0.3032,3329.55,3325.28
2007-07-25,0.3098,0.3863,0.3099,0.3045,3311.2,3322.51
2007-07-27,0.3491,0.2538,0.3121,0.2983,3227.34,3335.73
2007-07-28,0.2796,0.4598,0.2967,0.2956,3375.63,3341.5
2007-07-29,0.3475,0.0956,0.2932,0.2909,3230.76,3351.52
2007-07-30,0.2746,0.5651,0.2932,0.2909,3386.3,3351.52
2007-07-31,0.2193,0.0633,0.282,0.2825,3504.3,3369.45
2007-08-01,0.2888,0.5824,0.2826,0.2836,3356.0,3367.1
2007-08-05,0.3404,0.1318,0.3011,0.2906,3245.9,3352.16
2007-08-06,0.2645,0.4837,0.3011,0.2906,3407.85,3352.16
2007-08-08,0.2985,0.7618,0.2911,0.2904,3335.31,3352.59
2007-08-10,0.3092,0.4766,0.2894,0.2966,3312.48,3339.36
2007-08-11,0.2429,0.1936,0.2894,0.2966,3453.94,3339.36
2007-08-12,0.3072,0.2713,0.2725,0.2672,3316.74,3402.09
2007-08-15,0.2305,0.7133,0.2689,0.2516,3480.4,3435.38
2007-08-20,0.2756,0.2623,0.282,0.2787,3384.17,3377.56
2007-08-21,0.2939,0.1172,0.282,0.2787,3345.12,3377.56
2007-08-22,0.2764,0.4289,0.282,0.2787,3382.46,3377.56
2007-08-26,0.2699,0.3048,0.2699,0.2699,3396.33,3396.33
2007-08-31,0.2492,0.5935,0.2492,0.2492,3440.5,3440.5
2007-09-05,0.1777,0.226,0.2435,0.231,3593.06,3479.33
2007-09-06,0.3093,0.1538,0.2435,0.231,3312.26,3479.33
2007-09-11,0.3675,0.4532,0.3302,0.3467,3188.08,3232.46
2007-09-13,0.2928,0.175,0.3895,0.3686,3347.47,3185.73
2007-09-15,0.5082,0.0985,0.4114,0.4117,2887.87,3093.77
2007-09-18,0.4333,0.5245,0.3942,0.4015,3047.68,3115.53
2007-09-19,0.3623,0.0867,0.3599,0.3868,3199.18,3146.9
2007-09-21,0.2731,0.1852,0.3599,0.3868,3389.5,3146.9
2007-09-22,0.371,0.0771,0.3355,0.3169,3180.61,3296.05
2007-09-27,0.3547,0.352,0.3503,0.3522,3215.39,3220.73
2007-09-28,0.3459,0.1403,0.3503,0.3522,3234.17,3220.73
2007-10-04,0.2563,0.4967,0.2563,0.2563,3425.35,3425.35
2007-10-12,0.3459,0.0552,0.3459,0.3459,3234.17,3234.17
2007-10-18,0.4399,0.686,0.4172,0.4209,3033.6,3074.14
2007-10-19,0.4398,0.1,0.4156,0.419,3033.81,3078.19
2007-10-20,0.4017,0.6123,0.4156,0.419,3115.11,3078.19
2007-10-21,0.3875,0.0956,0.4156,0.419,3145.41,3078.19
2007-10-22,0.4093,0.2954,0.4096,0.406,3098.89,3105.93
2007-10-29,0.4475,0.4436,0.4218,0.4353,3017.38,3043.41
2007-10-30,0.396,0.1374,0.4218,0.4353,3127.27,3043.41
2008-05-02,0.6788,0.2181,0.6788,0.6788,2523.85,2523.85
2008-05-21,0.6663,0.0618,0.6039,0.5959,2550.53,2700.74
2008-05-22,0.5952,0.9393,0.6039,0.5959,2702.23,2700.74
2008-05-23,0.5599,0.078,0.6039,0.5959,2777.55,2700.74
2008-05-24,0.5941,0.4602,0.6039,0.5959,2704.58,2700.74
2008-05-31,0.7225,0.5585,0.6798,0.7089,2430.61,2459.63
2008-06-01,0.6371,0.1058,0.711,0.7197,2612.83,2436.58
2008-06-04,0.7733,0.1344,0.6829,0.6595,2322.22,2565.03
2008-06-05,0.6382,0.6085,0.7058,0.6626,2610.48,2558.42
2008-06-14,0.5533,0.7535,0.5533,0.5533,2791.64,2791.64
2008-06-19,0.5452,0.2991,0.5324,0.5398,2808.92,2820.44
2008-06-20,0.5195,0.0788,0.5324,0.5398,2863.76,2820.44
2008-06-25,0.5078,0.3854,0.4925,0.4983,2888.72,2908.99
2008-06-26,0.4771,0.172,0.4925,0.4983,2954.23,2908.99
2008-07-05,0.4627,0.2997,0.4627,0.4627,2984.95,2984.95
2008-07-09,0.4304,0.7391,0.4011,0.4206,3053.87,3074.78
2008-07-12,0.3718,0.1479,0.3939,0.4074,3178.91,3102.95
2008-07-14,0.3795,0.419,0.3857,0.391,3162.48,3137.94
2008-07-16,0.4053,0.5531,0.3932,0.3943,3107.43,3130.9
2008-07-17,0.3861,0.0515,0.3957,0.3965,3148.39,3126.2
2008-07-19,0.402,0.0743,0.3862,0.3886,3114.47,3143.06
2008-07-20,0.4057,0.2629,0.3728,0.3575,3106.57,3209.42
2008-07-21,0.3317,0.2568,0.3718,0.3583,3264.47,3207.71
2008-07-23,0.3383,0.5617,0.3455,0.3422,3250.39,3242.06
2008-07-24,0.3815,0.1,0.3334,0.3326,3158.21,3262.55
2008-07-25,0.3278,0.7099,0.3339,0.3327,3272.79,3262.33
2008-07-26,0.2879,0.1,0.3339,0.3327,3357.93,3262.33
2008-08-07,0.3492,0.1098,0.318,0.2989,3227.13,3334.45
2008-08-08,0.2846,0.5767,0.318,0.2989,3364.97,3334.45
2008-08-09,0.3411,0.1,0.318,0.2989,3244.41,3334.45
2008-08-10,0.2969,0.7514,0.318,0.2989,3338.72,3334.45
2008-08-24,0.2623,0.6441,0.2582,0.2579,3412.55,3421.94
2008-08-26,0.254,0.7397,0.2562,0.2588,3430.26,3420.02
2008-08-28,0.2701,0.3733,0.2541,0.257,3395.91,3423.86
2008-08-29,0.2383,0.1421,0.2541,0.257,3463.76,3423.86
2008-09-02,0.2741,0.6211,0.2817,0.2805,3387.37,3373.71
2008-09-04,0.2892,0.4611,0.3534,0.3269,3355.15,3274.71
2008-09-06,0.5057,0.2518,0.3798,0.3594,2893.2,3205.36
2008-09-07,0.3444,0.2987,0.3798,0.3594,3237.37,3205.36
2008-09-16,0.3087,0.4095,0.331,0.315,3313.54,3300.1
2008-09-17,0.3533,0.067,0.331,0.315,3218.38,3300.1
2008-09-29,0.5378,0.3152,0.5045,0.4969,2824.71,2911.98
2008-10-02,0.4712,0.5009,0.4764,0.4483,2966.81,3015.68
2008-10-03,0.5103,0.0875,0.4559,0.4269,2883.39,3061.34
2008-10-04,0.3863,0.7271,0.4559,0.4269,3147.97,3061.34
2008-10-10,0.5408,0.0823,0.4905,0.4297,2818.31,3055.36
2008-10-12,0.5188,0.0523,0.4582,0.4259,2865.25,3063.47
2008-10-13,0.4119,0.7757,0.4582,0.4259,3093.34,3063.47
2008-10-14,0.3614,0.0537,0.4307,0.4152,3201.1,3086.3
2008-10-18,0.4417,0.407,0.4153,0.4082,3029.76,3101.24
2008-10-20,0.3888,0.7043,0.4153,0.4082,3142.63,3101.24
2008-10-29,0.3465,0.7507,0.351,0.3449,3232.89,3236.3
2008-10-30,0.3721,0.0668,0.351,0.3449,3178.27,3236.3
2008-10-31,0.3344,0.2886,0.351,0.3449,3258.71,3236.3
2009-05-02,0.6925,0.5983,0.7128,0.7081,2494.62,2461.34
2009-05-04,0.7331,0.3721,0.7128,0.7081,2407.99,2461.34
2009-05-13,0.7618,0.1603,0.7057,0.6702,2346.75,2542.2
2009-05-16,0.6496,0.7117,0.6657,0.6614,2586.16,2560.98
2009-05-19,0.5857,0.1018,0.6104,0.6265,2722.5,2635.45
2009-05-20,0.5959,0.4006,0.5908,0.5938,2700.74,2705.22
2009-05-30,0.6847,0.5001,0.6466,0.6734,2511.26,2535.38
2009-05-31,0.6719,0.1,0.628,0.6227,2538.58,2643.56
2009-06-02,0.5833,0.0611,0.628,0.6227,2727.62,2643.56
2009-06-03,0.5719,0.6594,0.609,0.5849,2751.95,2724.21
2009-06-20,0.4752,0.0912,0.4752,0.4752,2958.28,2958.28
2009-06-24,0.4517,0.6623,0.4563,0.4526,3008.42,3006.5
2009-06-25,0.4609,0.0699,0.4563,0.4526,2988.79,3006.5
2009-07-07,0.441,0.2509,0.4208,0.4182,3031.25,3079.9
2009-07-08,0.4006,0.3238,0.4205,0.4184,3117.45,3079.47
2009-07-11,0.4198,0.0589,0.3737,0.3695,3076.49,3183.81
2009-07-12,0.355,0.637,0.3648,0.3565,3214.75,3211.55
2009-07-13,0.3195,0.0758,0.3648,0.3565,3290.5,3211.55
2009-07-31,0.3539,0.1595,0.3539,0.3539,3217.1,3217.1
2009-08-06,0.3285,0.6375,0.3043,0.3234,3271.3,3282.18
2009-08-07,0.28,0.0745,0.3043,0.3234,3374.78,3282.18
2009-08-13,0.5405,0.8539,0.4334,0.4826,2818.95,2942.49
2009-08-15,0.4209,0.4416,0.4219,0.4736,3074.14,2961.69
2009-08-16,0.3389,0.1549,0.4219,0.4736,3249.11,2961.69
2009-08-17,0.3871,0.1507,0.3823,0.3971,3146.26,3124.92
2009-08-24,0.3414,0.3161,0.3545,0.3381,3243.77,3250.81
2009-08-25,0.2783,0.2744,0.3545,0.3381,3378.41,3250.81
2009-08-26,0.4477,0.0763,0.3545,0.3381,3016.96,3250.81
2009-08-27,0.3505,0.5659,0.3545,0.3381,3224.35,3250.81
2009-08-31,0.289,0.3561,0.289,0.289,3355.58,3355.58
2009-09-19,0.3656,0.3663,0.3656,0.3656,3192.13,3192.13
2009-09-24,0.5146,0.0734,0.5159,0.5167,2874.21,2869.73
2009-09-25,0.5172,0.3284,0.5159,0.5167,2868.66,2869.73
2009-09-30,0.5485,0.6359,0.5371,0.5537,2801.88,2790.78
2009-10-02,0.5843,0.4725,0.5294,0.5454,2725.49,2808.49
2009-10-03,0.4786,0.1491,0.5204,0.5417,2951.02,2816.39
2009-10-04,0.5061,0.2639,0.5134,0.5372,2892.35,2825.99
2009-10-06,0.4845,0.1,0.4897,0.4939,2938.44,2918.38
2009-10-12,0.3503,0.2875,0.3666,0.3576,3224.78,3209.2
2009-10-13,0.3829,0.0834,0.3515,0.335,3155.22,3257.43
2009-10-16,0.3214,0.6137,0.3243,0.318,3286.45,3293.7
2009-10-17,0.3219,0.0501,0.3101,0.3136,3285.38,3303.09
2009-10-19,0.2708,0.1632,0.3183,0.3116,3394.41,3307.36
2009-10-20,0.3262,0.1434,0.3176,0.3044,3276.2,3322.72
2009-10-21,0.2973,0.4154,0.3086,0.3007,3337.87,3330.61
2009-10-22,0.372,0.0655,0.3069,0.2999,3178.48,3332.32
2009-10-24,0.2768,0.0853,0.3067,0.2998,3381.61,3332.53
2009-10-25,0.2981,0.4055,0.3091,0.3014,3336.16,3329.12
2009-10-26,0.2895,0.101,0.2881,0.2936,3354.51,3345.76
2010-05-06,0.6416,0.0616,0.6228,0.6177,2603.23,2654.22
2010-05-07,0.6445,0.3451,0.6228,0.6177,2597.04,2654.22
2010-05-08,0.5824,0.3029,0.6228,0.6177,2729.54,2654.22
2010-05-14,0.6079,0.4695,0.6102,0.6094,2675.13,2671.93
2010-05-16,0.6125,0.2209,0.6355,0.6466,2665.32,2592.56
2010-05-19,0.6861,0.651,0.6493,0.6675,2508.28,2547.96
2010-05-26,0.6481,0.4871,0.649,0.6484,2589.36,2588.72
2010-05-27,0.6499,0.1,0.649,0.6484,2585.52,2588.72
2010-05-31,0.573,0.1629,0.5745,0.5746,2749.6,2746.19
2010-06-01,0.576,0.1937,0.5511,0.5269,2743.2,2847.97
2010-06-04,0.5042,0.7493,0.5419,0.5274,2896.4,2846.9
2010-06-06,0.5456,0.4384,0.5249,0.5195,2808.07,2863.76
2010-06-13,0.5256,0.8427,0.4922,0.5203,2850.74,2862.05
2010-06-14,0.4587,0.0728,0.4922,0.5203,2993.49,2862.05
2010-07-08,0.3891,0.5308,0.3609,0.3708,3141.99,3181.04
2010-07-09,0.3342,0.1051,0.366,0.3722,3259.13,3178.05
2010-07-10,0.3924,0.3723,0.3589,0.3587,3134.95,3206.86
2010-07-11,0.3279,0.3243,0.3589,0.3587,3272.58,3206.86
2010-07-12,0.3865,0.1346,0.3529,0.3479,3147.54,3229.9
2010-07-13,0.3235,0.5664,0.3576,0.3489,3281.96,3227.77
2010-07-17,0.3705,0.4504,0.3384,0.3407,3181.68,3245.26
2010-07-20,0.3063,0.3905,0.3384,0.3407,3318.66,3245.26
2010-07-27,0.2799,0.3179,0.3069,0.2932,3374.99,3346.62
2010-07-28,0.3531,0.1435,0.3028,0.2906,3218.81,3352.16
2010-07-29,0.2806,0.439,0.2952,0.2887,3373.5,3356.22
2010-07-30,0.3138,0.0574,0.2967,0.2921,3302.66,3348.96
2010-07-31,0.2865,0.6255,0.2948,0.2918,3360.91,3349.6
2010-08-01,0.2574,0.0927,0.2924,0.2924,3423.0,3348.32
2010-08-02,0.3054,0.4315,0.2887,0.2877,3320.58,3358.35
2010-08-03,0.2669,0.1802,0.2846,0.2869,3402.73,3360.06
2010-08-04,0.336,0.2255,0.2785,0.2749,3255.29,3385.66
2010-08-05,0.2552,0.3926,0.2827,0.2757,3427.7,3383.96
2010-08-07,0.2498,0.6457,0.2949,0.287,3439.22,3359.85
2010-08-09,0.3387,0.4938,0.2869,0.2846,3249.53,3364.97
2010-08-11,0.3061,0.3352,0.3055,0.3023,3319.09,3327.2
2010-08-12,0.253,0.3599,0.3055,0.3023,3432.39,3327.2
2010-08-13,0.3395,0.0875,0.2972,0.2871,3247.83,3359.63
2010-08-14,0.2903,0.3956,0.2972,0.2871,3352.8,3359.63
2010-08-20,0.3515,0.2201,0.3228,0.3012,3222.22,3329.55
2010-08-21,0.308,0.4366,0.3228,0.3012,3315.04,3329.55
2010-08-22,0.3639,0.0604,0.3101,0.2875,3195.76,3358.78
2010-08-23,0.2679,0.5357,0.3101,0.2875,3400.6,3358.78
2010-08-25,0.2593,0.6098,0.3082,0.28,3418.95,3374.78
2010-08-27,0.3418,0.2265,0.2771,0.26,3242.92,3417.46
2010-08-29,0.2891,0.1378,0.283,0.2606,3355.36,3416.18
2010-08-30,0.2182,0.5273,0.283,0.2606,3506.65,3416.18
2010-09-04,0.2316,0.1179,0.2632,0.2645,3478.05,3407.85
2010-09-05,0.2771,0.2106,0.2632,0.2645,3380.97,3407.85
2010-09-07,0.2808,0.075,0.2794,0.2964,3373.07,3339.79
2010-09-10,0.3281,0.4052,0.3059,0.3158,3272.15,3298.39
2010-09-12,0.3087,0.3285,0.3184,0.3194,3313.54,3290.71
2010-09-17,0.3224,0.6016,0.2814,0.3048,3284.31,3321.87
2010-09-18,0.2563,0.0846,0.2965,0.3102,3425.35,3310.34
2010-09-20,0.2656,0.1653,0.2965,0.3102,3405.51,3310.34
2010-09-21,0.3415,0.146,0.306,0.3339,3243.56,3259.77
2010-09-24,0.3606,0.6272,0.3243,0.3498,3202.8,3225.85
2010-09-27,0.2709,0.0703,0.3158,0.3516,3394.2,3222.01
2010-10-07,0.6547,0.2221,0.6547,0.6547,2575.28,2575.28
2010-10-19,0.4559,0.8579,0.4559,0.4559,2999.46,2999.46
2010-10-24,0.3813,0.2705,0.378,0.3769,3158.64,3168.02
2010-10-26,0.3747,0.5522,0.378,0.3769,3172.72,3168.02
2011-05-02,0.6188,0.1982,0.6188,0.6188,2651.88,2651.88
2011-05-09,0.6995,0.0931,0.6995,0.6995,2479.69,2479.69
2011-05-17,0.7104,0.4337,0.6682,0.6824,2456.43,2516.17
2011-05-18,0.626,0.2153,0.6682,0.6824,2636.51,2516.17
2011-05-28,0.6139,0.1254,0.6027,0.5943,2662.33,2704.15
2011-05-31,0.5914,0.8584,0.5907,0.5928,2710.34,2707.35
2011-06-01,0.5667,0.0567,0.5791,0.5899,2763.04,2713.54
2011-06-06,0.6093,0.0637,0.5732,0.561,2672.15,2775.21
2011-06-07,0.5747,0.7746,0.5732,0.561,2745.97,2775.21
2011-06-08,0.5711,0.0736,0.5732,0.561,2753.66,2775.21
2011-06-09,0.5377,0.6225,0.5732,0.561,2824.92,2775.21
2011-06-25,0.4712,0.558,0.438,0.4523,2966.81,3007.14
2011-06-26,0.4181,0.0908,0.438,0.4523,3080.11,3007.14
2011-06-28,0.4246,0.2676,0.438,0.4523,3066.25,3007.14
2011-07-04,0.4428,0.4274,0.4428,0.4428,3027.41,3027.41
2011-07-26,0.3122,0.053,0.3086,0.3149,3306.08,3300.31
2011-07-27,0.3092,0.5412,0.3086,0.3149,3312.48,3300.31
2011-07-28,0.2796,0.1211,0.3122,0.3162,3375.63,3297.54
2011-07-29,0.3335,0.4013,0.304,0.2989,3260.63,3334.45
2011-07-31,0.3265,0.145,0.3223,0.2998,3275.56,3332.53
2011-08-01,0.263,0.606,0.333,0.3018,3411.05,3328.27
2011-08-02,0.4088,0.0677,0.3328,0.2863,3099.96,3361.34
2011-08-06,0.277,0.1277,0.3175,0.3186,3381.18,3292.42
2011-08-07,0.3444,0.1722,0.3051,0.2837,3237.37,3366.89
2011-08-09,0.331,0.0692,0.2901,0.2806,3265.96,3373.5
2011-08-10,0.2678,0.8071,0.2934,0.281,3400.81,3372.65
2011-08-11,0.2302,0.0736,0.2763,0.2695,3481.04,3397.19
2011-08-18,0.3676,0.089,0.3326,0.3093,3187.87,3312.26
2011-08-21,0.2975,0.4376,0.3158,0.3067,3337.44,3317.81
2011-08-22,0.2719,0.1566,0.2986,0.2999,3392.06,3332.32
2011-08-23,0.3264,0.2062,0.2986,0.2999,3275.78,3332.32
2011-08-27,0.3591,0.0581,0.3055,0.3039,3206.0,3323.79
2011-08-28,0.3113,0.4582,0.2892,0.288,3308.0,3357.71
2011-08-29,0.2529,0.0879,0.2941,0.2903,3432.61,3352.8
2011-08-30,0.2985,0.3994,0.2941,0.2903,3335.31,3352.8
2011-08-31,0.2241,0.2498,0.2811,0.2872,3494.06,3359.42
2011-09-01,0.3189,0.1033,0.2736,0.2741,3291.78,3387.37
2011-09-06,0.4861,0.4069,0.4268,0.4401,2935.02,3033.17
2011-09-07,0.3865,0.2294,0.4268,0.4401,3147.54,3033.17
2011-09-08,0.4079,0.2007,0.427,0.4338,3101.88,3046.62
2011-09-11,0.4276,0.8315,0.3804,0.4121,3059.84,3092.92
2011-09-14,0.3057,0.1128,0.3531,0.3978,3319.94,3123.43
2011-09-15,0.3261,0.201,0.3124,0.3112,3276.42,3308.21
2011-09-18,0.3055,0.4173,0.3118,0.3097,3320.37,3311.41
2011-09-19,0.37,0.075,0.2966,0.2908,3182.75,3351.74
2011-09-21,0.2455,0.0941,0.2966,0.2908,3448.39,3351.74
2011-09-22,0.2655,0.3093,0.2937,0.2779,3405.72,3379.26
2011-09-26,0.4864,0.0993,0.4338,0.3954,2934.38,3128.55
2011-09-27,0.3813,0.6409,0.4338,0.3954,3158.64,3128.55
2011-10-06,0.409,0.6818,0.3976,0.4082,3099.53,3101.24
2011-10-07,0.3722,0.0552,0.3976,0.4082,3178.05,3101.24
2011-10-08,0.4115,0.4503,0.374,0.3856,3094.2,3149.46
2011-10-11,0.3031,0.3265,0.3573,0.3659,3325.49,3191.49
2011-10-21,0.6224,0.1,0.5156,0.477,2644.2,2954.44
2011-10-22,0.4654,0.6219,0.5156,0.477,2979.19,2954.44
2011-10-24,0.4591,0.4104,0.4892,0.4668,2992.63,2976.2
2011-10-26,0.457,0.1729,0.4476,0.4449,2997.11,3022.93
2011-10-27,0.4422,0.3981,0.4476,0.4449,3028.69,3022.93
2011-10-29,0.4321,0.532,0.4438,0.4396,3050.24,3034.24
2012-05-02,0.5196,0.0589,0.5196,0.5196,2863.54,2863.54
2012-05-10,0.6018,0.3889,0.6018,0.6018,2688.15,2688.15
2012-05-19,0.5671,0.3179,0.5671,0.5671,2762.19,2762.19
2012-06-03,0.5545,0.0868,0.5362,0.5271,2789.08,2847.54
2012-06-04,0.5181,0.4193,0.5362,0.5271,2866.74,2847.54
2012-06-06,0.5361,0.152,0.5362,0.5271,2828.34,2847.54
2012-06-10,0.4427,0.0802,0.4258,0.4363,3027.63,3041.28
2012-06-11,0.4424,0.5621,0.4161,0.4233,3028.27,3069.02
2012-06-12,0.3808,0.0766,0.4161,0.4233,3159.7,3069.02
2012-06-13,0.4372,0.3056,0.4161,0.4233,3039.36,3069.02
2012-06-14,0.3773,0.2891,0.4094,0.422,3167.17,3071.79
2012-06-19,0.4384,0.0692,0.4401,0.4407,3036.8,3031.89
2012-06-20,0.4411,0.4477,0.4401,0.4407,3031.04,3031.89
2012-06-22,0.4407,0.1592,0.4113,0.4013,3031.89,3115.96
2012-06-24,0.3924,0.0743,0.3924,0.3717,3134.95,3179.12
2012-06-25,0.344,0.453,0.3924,0.3717,3238.22,3179.12
2012-07-08,0.4171,0.1759,0.4171,0.4171,3082.25,3082.25
2012-07-13,0.3807,0.5684,0.3573,0.3635,3159.92,3196.62
2012-07-16,0.3338,0.3294,0.3632,0.3489,3259.99,3227.77
2012-07-17,0.3792,0.1448,0.3542,0.3342,3163.12,3259.13
2012-07-18,0.3103,0.6062,0.3482,0.3336,3310.13,3260.41
2012-07-19,0.4121,0.0927,0.3473,0.3353,3092.92,3256.79
2012-07-20,0.3356,0.5724,0.3393,0.3322,3256.15,3263.4
2012-07-21,0.3181,0.064,0.3336,0.3296,3293.49,3268.95
2012-07-22,0.3418,0.4786,0.3276,0.3253,3242.92,3278.12
2012-07-23,0.2778,0.1215,0.3172,0.3217,3379.48,3285.81
2012-07-24,0.3394,0.1794,0.3141,0.3153,3248.04,3299.46
2012-07-25,0.2685,0.3199,0.3108,0.3143,3399.32,3301.59
2012-07-26,0.3392,0.1,0.3046,0.2976,3248.47,3337.23
2012-07-28,0.298,0.0626,0.3152,0.3094,3336.37,3312.05
2012-07-31,0.355,0.2379,0.3265,0.3431,3214.75,3240.14
2012-08-12,0.2155,0.5687,0.2155,0.2155,3512.41,3512.41
2012-08-21,0.5441,0.7237,0.4466,0.4835,2811.27,2940.57
2012-08-23,0.4354,0.4052,0.4024,0.4425,3043.2,3028.05
2012-08-24,0.3603,0.1983,0.3944,0.4378,3203.44,3038.08
2012-08-25,0.3936,0.2052,0.3644,0.3726,3132.39,3177.2
2012-08-26,0.2787,0.271,0.3644,0.3726,3377.56,3177.2
2012-08-27,0.354,0.1,0.3467,0.3398,3216.89,3247.18
2012-09-01,0.353,0.2137,0.301,0.2854,3219.02,3363.26
2012-09-02,0.2901,0.2944,0.301,0.2854,3353.23,3363.26
2012-09-04,0.26,0.6232,0.2723,0.2662,3417.46,3404.23
2012-09-06,0.2439,0.8232,0.2395,0.2493,3451.81,3440.29
2012-09-07,0.2145,0.0633,0.2395,0.2493,3514.54,3440.29
2012-09-11,0.3169,0.3844,0.2848,0.2789,3296.05,3377.13
2012-09-13,0.2527,0.5581,0.2827,0.2881,3433.03,3357.5
2012-09-15,0.3134,0.4826,0.2625,0.2662,3303.52,3404.23
2012-09-16,0.2477,0.0857,0.2649,0.267,3443.7,3402.52
2012-09-17,0.2823,0.2461,0.2674,0.2731,3369.87,3389.5
2012-09-18,0.2165,0.3543,0.2674,0.2731,3510.27,3389.5
2012-09-19,0.277,0.1354,0.2559,0.2494,3381.18,3440.07
2012-09-24,0.5036,0.5628,0.4057,0.417,2897.68,3082.46
2012-09-25,0.3819,0.1915,0.4028,0.4159,3157.36,3084.81
2012-09-26,0.4099,0.2032,0.3846,0.3768,3097.61,3168.24
2012-09-27,0.3273,0.4526,0.3704,0.373,3273.86,3176.35
2012-09-28,0.3913,0.0618,0.3394,0.3187,3137.3,3292.21
2012-09-29,0.2938,0.6936,0.3221,0.31,3345.34,3310.77
2012-09-30,0.2853,0.0934,0.3054,0.299,3363.47,3334.24
2012-10-01,0.2866,0.5834,0.3018,0.2921,3360.7,3348.96
2012-10-02,0.2602,0.1179,0.2838,0.2888,3417.03,3356.0
2012-10-03,0.2933,0.3169,0.2814,0.2856,3346.4,3362.83
2012-10-13,0.5006,0.4515,0.4548,0.4483,2904.08,3015.68
2012-10-14,0.5328,0.0692,0.4337,0.4202,2835.38,3075.63
2012-10-15,0.4136,0.6668,0.4249,0.4187,3089.72,3078.83
2012-10-16,0.3722,0.0831,0.421,0.4161,3178.05,3084.38
2012-10-17,0.3495,0.5038,0.3988,0.3848,3226.49,3151.17
2012-10-18,0.3808,0.0716,0.3765,0.3794,3159.7,3162.69
2012-10-19,0.3973,0.2539,0.3691,0.3614,3124.5,3201.1
2012-10-20,0.3457,0.3472,0.385,0.3645,3234.6,3194.48
2012-10-23,0.4515,0.0523,0.3986,0.3596,3008.85,3204.94
2012-10-28,0.3634,0.2038,0.3175,0.3091,3196.83,3312.69
2012-10-29,0.2716,0.2949,0.3175,0.3091,3392.7,3312.69
2013-05-01,0.5983,0.1467,0.5702,0.5533,2695.62,2791.64
2013-05-02,0.5411,0.6735,0.5702,0.5533,2817.67,2791.64
2013-05-03,0.5712,0.0883,0.5702,0.5533,2753.44,2791.64
2013-05-08,0.6021,0.2519,0.5489,0.5373,2687.51,2825.78
2013-05-09,0.5412,0.4134,0.5489,0.5373,2817.45,2825.78
2013-05-11,0.5035,0.5301,0.5489,0.5373,2897.89,2825.78
2013-05-16,0.6242,0.2657,0.6242,0.6242,2640.35,2640.35
2013-05-20,0.5307,0.6102,0.5215,0.5244,2839.86,2853.3
2013-05-21,0.4962,0.0846,0.5215,0.5244,2913.47,2853.3
2013-05-22,0.5067,0.3769,0.5215,0.5244,2891.07,2853.3
2013-05-23,0.5524,0.1871,0.5215,0.5244,2793.56,2853.3
2013-05-31,0.516,0.277,0.516,0.516,2871.22,2871.22
2013-06-05,0.5401,0.8344,0.5401,0.5401,2819.8,2819.8
2013-06-26,0.4217,0.4453,0.4044,0.4026,3072.43,3113.19
2013-06-28,0.387,0.5472,0.3862,0.405,3146.47,3108.07
2013-06-30,0.4194,0.5514,0.3743,0.3986,3077.34,3121.72
2013-07-01,0.3165,0.0628,0.3743,0.3986,3296.9,3121.72
2013-07-07,0.4065,0.6119,0.4065,0.4065,3104.87,3104.87
2013-07-20,0.4597,0.0715,0.4597,0.4597,2991.35,2991.35
2013-07-25,0.3623,0.4633,0.3623,0.3623,3199.18,3199.18
2013-08-01,0.4435,0.398,0.4078,0.4312,3025.92,3052.16
2013-08-02,0.372,0.0828,0.4631,0.4537,3178.48,3004.15
2013-08-05,0.5737,0.0904,0.4313,0.3973,2748.11,3124.5
2013-08-06,0.4163,0.4576,0.4511,0.3991,3083.96,3120.66
2013-08-08,0.3633,0.6622,0.4112,0.3873,3197.04,3145.83
2013-08-10,0.387,0.4463,0.3541,0.3626,3146.47,3198.54
2013-08-11,0.3157,0.1981,0.3541,0.3626,3298.61,3198.54
2013-08-12,0.3502,0.1628,0.339,0.335,3224.99,3257.43
2013-08-15,0.3031,0.6851,0.3267,0.3121,3325.49,3306.29
2013-08-22,0.2793,0.4751,0.2989,0.2845,3376.28,3365.18
2013-08-23,0.3185,0.0728,0.3244,0.3237,3292.63,3281.54
2013-08-26,0.3753,0.4162,0.3175,0.318,3171.44,3293.7
2013-08-29,0.2586,0.4015,0.317,0.318,3420.44,3293.7
2013-09-02,0.4133,0.4841,0.4133,0.4133,3090.36,3090.36
2013-09-08,0.5435,0.0523,0.5274,0.5247,2812.55,2852.66
2013-09-10,0.5113,0.0736,0.5041,0.488,2881.25,2930.97
2013-09-13,0.4574,0.1507,0.4236,0.389,2996.26,3142.21
2013-09-14,0.3423,0.3319,0.3944,0.3813,3241.85,3158.64
2013-09-16,0.3835,0.6894,0.3944,0.3813,3153.94,3158.64
2013-09-26,0.5664,0.1,0.5664,0.5664,2763.68,2763.68
2013-10-06,0.6786,0.2975,0.5994,0.5795,2524.28,2735.73
2013-10-07,0.5911,0.3565,0.5941,0.5792,2710.98,2736.37
2013-10-08,0.6175,0.1113,0.5748,0.54,2654.65,2820.01
2013-10-09,0.5104,0.5479,0.5578,0.5368,2883.17,2826.84
2013-10-10,0.5731,0.0692,0.5289,0.5082,2749.39,2887.87
2013-10-11,0.4778,0.8723,0.5144,0.4943,2952.73,2917.53
2013-10-12,0.4561,0.0868,0.503,0.4922,2999.03,2922.01
2013-10-13,0.4765,0.5168,0.5018,0.487,2955.51,2933.1
2013-10-14,0.4896,0.2097,0.4897,0.4846,2927.55,2938.22
2013-10-15,0.5374,0.1924,0.4921,0.49,2825.56,2926.7
2013-10-17,0.5009,0.0809,0.5093,0.5105,2903.44,2882.96
2013-10-21,0.5026,0.1263,0.5365,0.5316,2899.82,2837.94
2013-10-24,0.5703,0.0945,0.47,0.42,2755.36,3076.06
2013-10-25,0.4272,0.5641,0.4592,0.4124,3060.7,3092.28
2013-10-27,0.38,0.7188,0.4357,0.407,3161.41,3103.8
2013-10-30,0.3652,0.1788,0.3883,0.3848,3192.99,3151.17
2013-10-31,0.4196,0.2,0.3924,0.3939,3076.91,3131.75
2014-05-04,0.7595,0.075,0.7595,0.7595,2351.66,2351.66
2014-05-16,0.5695,0.6459,0.5531,0.5649,2757.07,2766.88
2014-05-17,0.5178,0.1145,0.5531,0.5649,2867.38,2766.88
2014-05-18,0.5721,0.3361,0.5531,0.5649,2751.52,2766.88
2014-05-29,0.5808,0.0501,0.5796,0.5784,2732.96,2738.08
2014-05-30,0.5783,0.8226,0.5796,0.5784,2738.29,2738.08
2014-06-05,0.5606,0.1119,0.5606,0.5606,2776.06,2776.06
2014-06-15,0.5098,0.686,0.5123,0.5122,2884.45,2879.33
2014-06-17,0.5148,0.6184,0.5123,0.5122,2873.78,2879.33
2014-07-02,0.3252,0.064,0.3713,0.3993,3278.34,3120.23
2014-07-05,0.4174,0.2625,0.3713,0.3993,3081.61,3120.23
2014-07-10,0.4114,0.9263,0.3885,0.4026,3094.41,3113.19
2014-07-11,0.3583,0.1,0.3897,0.4018,3207.71,3114.89
2014-07-12,0.3959,0.5568,0.3897,0.4018,3127.48,3114.89
2014-07-14,0.3933,0.1557,0.3799,0.389,3133.03,3142.21
2014-07-16,0.372,0.086,0.3827,0.3857,3178.48,3149.25
2014-07-24,0.3133,0.5168,0.3179,0.3187,3303.73,3292.21
2014-07-26,0.3224,0.7414,0.3179,0.3187,3284.31,3292.21
2014-07-30,0.3978,0.1864,0.3557,0.3295,3123.43,3269.16
2014-08-01,0.364,0.0787,0.3413,0.327,3195.55,3274.5
2014-08-02,0.3052,0.6349,0.3413,0.327,3321.01,3274.5
2014-08-03,0.2982,0.0787,0.3225,0.3103,3335.95,3310.13
2014-08-08,0.3562,0.1425,0.3562,0.3562,3212.19,3212.19
2014-08-14,0.2795,0.1948,0.3127,0.3106,3375.85,3309.49
2014-08-15,0.3297,0.2211,0.3127,0.3106,3268.74,3309.49
2014-08-17,0.329,0.1,0.3127,0.3106,3270.23,3309.49
2014-08-22,0.2993,0.2335,0.3005,0.2999,3333.6,3332.32
2014-08-24,0.3016,0.0792,0.3005,0.2999,3328.69,3332.32
2014-08-28,0.2124,0.0537,0.2124,0.2124,3519.02,3519.02
2014-09-05,0.3099,0.4278,0.2848,0.3015,3310.98,3328.91
2014-09-06,0.2597,0.0865,0.2848,0.3015,3418.1,3328.91
2014-09-14,0.2917,0.3069,0.2917,0.2917,3349.82,3349.82
2014-09-26,0.524,0.5328,0.524,0.524,2854.15,2854.15
2014-09-30,0.5824,0.2861,0.5406,0.5234,2729.54,2855.43
2014-10-02,0.5852,0.1615,0.5413,0.5247,2723.57,2852.66
2014-10-03,0.4541,0.3881,0.5413,0.5247,3003.3,2852.66
2014-10-04,0.5436,0.0604,0.5112,0.4807,2812.33,2946.54
2014-10-07,0.4617,0.544,0.4663,0.447,2987.08,3018.45
2014-10-10,0.3936,0.2594,0.4051,0.4037,3132.39,3110.84
2014-10-11,0.4157,0.1109,0.3863,0.3697,3085.24,3183.39
2014-10-12,0.3495,0.5576,0.3863,0.3697,3226.49,3183.39
2014-10-20,0.6242,0.1,0.5478,0.4872,2640.35,2932.67
2014-10-21,0.4713,0.8599,0.5478,0.4872,2966.6,2932.67
2014-10-28,0.4333,0.4046,0.4333,0.4333,3047.68,3047.68
2015-05-01,0.694,0.6323,0.6898,0.6899,2491.42,2500.17
2015-05-03,0.6855,0.5995,0.6884,0.6892,2509.56,2501.66
2015-05-06,0.6858,0.228,0.6899,0.6901,2508.92,2499.74
2015-05-08,0.6984,0.4466,0.6921,0.6941,2482.03,2491.21
2015-05-18,0.6438,0.1,0.6171,0.6231,2598.53,2642.7
2015-05-19,0.6387,0.6762,0.6031,0.6099,2609.42,2670.87
2015-05-20,0.5864,0.0909,0.6069,0.6106,2721.01,2669.37
2015-05-21,0.5994,0.3902,0.6069,0.6106,2693.27,2669.37
2015-05-22,0.5474,0.2669,0.5995,0.6084,2804.22,2674.07
2015-05-23,0.6257,0.0774,0.5897,0.5836,2637.15,2726.98
2015-06-07,0.5279,0.2521,0.5238,0.5248,2845.83,2852.45
2015-06-08,0.5197,0.1501,0.5238,0.5248,2863.33,2852.45
2015-06-18,0.4979,0.8026,0.4979,0.4979,2909.84,2909.84
2015-07-01,0.4887,0.151,0.432,0.4021,2929.47,3114.25
2015-07-02,0.3753,0.4876,0.432,0.4021,3171.44,3114.25
2015-07-09,0.2243,0.1792,0.2974,0.2877,3493.63,3358.35
2015-07-10,0.3705,0.1372,0.2974,0.2877,3181.68,3358.35
2015-07-18,0.3231,0.2559,0.2973,0.3036,3282.82,3324.43
2015-07-20,0.3002,0.6529,0.3054,0.316,3331.68,3297.97
2015-07-21,0.2686,0.0787,0.3095,0.319,3399.11,3291.57
2015-07-22,0.347,0.465,0.2991,0.3087,3231.82,3313.54
2015-07-23,0.2881,0.0766,0.2991,0.3087,3357.5,3313.54
2015-07-24,0.3301,0.4157,0.2895,0.2962,3267.88,3340.22
2015-07-25,0.2606,0.3427,0.2936,0.2975,3416.18,3337.44
2015-07-27,0.2424,0.4218,0.2726,0.2796,3455.01,3375.63
2015-07-29,0.2847,0.8227,0.2575,0.2687,3364.75,3398.89
2015-07-30,0.2454,0.089,0.2575,0.2687,3448.61,3398.89
2015-08-04,0.3194,0.1,0.3023,0.2901,3290.71,3353.23
2015-08-07,0.2851,0.5921,0.3068,0.3035,3363.9,3324.64
2015-08-09,0.3499,0.338,0.2898,0.2838,3225.63,3366.67
2015-08-10,0.2726,0.2055,0.2898,0.2838,3390.57,3366.67
2015-08-11,0.3206,0.1539,0.2794,0.2641,3288.15,3408.71
2015-08-12,0.2207,0.4187,0.2794,0.2641,3501.31,3408.71
2015-08-14,0.2332,0.6865,0.2582,0.2397,3474.64,3460.77
2015-08-19,0.2264,0.4323,0.2693,0.2394,3489.15,3461.41
2015-08-22,0.3122,0.0772,0.2785,0.2667,3306.08,3403.16
2015-08-23,0.2969,0.4609,0.3046,0.2991,3338.72,3334.03
2015-08-30,0.2945,0.8693,0.2814,0.2898,3343.84,3353.87
2015-09-01,0.2983,0.4181,0.2775,0.2825,3335.73,3369.45
2015-09-02,0.2515,0.1986,0.2775,0.2825,3435.59,3369.45
2015-09-03,0.3113,0.2218,0.2732,0.2737,3308.0,3388.22
2015-09-04,0.2317,0.3384,0.2699,0.2726,3477.84,3390.57
2015-09-07,0.2566,0.0794,0.2576,0.2622,3424.71,3412.76
2015-09-08,0.2845,0.4832,0.2706,0.2806,3365.18,3373.5
2015-09-15,0.2445,0.5238,0.2356,0.2441,3450.53,3451.38
2015-09-16,0.2373,0.0692,0.24,0.2457,3465.89,3447.97
2015-09-17,0.2587,0.4859,0.2316,0.2327,3420.23,3475.71
2015-09-18,0.202,0.1612,0.2351,0.2339,3541.21,3473.15
2015-09-19,0.2573,0.1666,0.2335,0.2299,3423.22,3481.68
2015-09-20,0.1901,0.4298,0.2328,0.2296,3566.6,3482.32
2015-09-21,0.2558,0.1,0.2263,0.2131,3426.42,3517.53
2015-10-17,0.4327,0.7765,0.4327,0.4327,3048.96,3048.96
2015-10-21,0.3947,0.2295,0.3947,0.3947,3130.04,3130.04
2015-10-28,0.3919,0.281,0.4045,0.382,3136.02,3157.14
2015-10-29,0.3747,0.2349,0.4045,0.382,3172.72,3157.14
2015-10-30,0.4867,0.0752,0.4045,0.382,2933.74,3157.14
2015-10-31,0.3646,0.5117,0.4045,0.382,3194.27,3157.14
2016-05-03,0.6132,0.7445,0.6132,0.6132,2663.83,2663.83
2016-05-09,0.7122,0.09,0.7122,0.7122,2452.59,2452.59
2016-05-17,0.6867,0.3572,0.6867,0.6867,2507.0,2507.0
2016-05-21,0.7074,0.4797,0.7074,0.7074,2462.83,2462.83
2016-05-26,0.622,0.3735,0.622,0.622,2645.05,2645.05
2016-05-31,0.6403,0.12,0.6403,0.6403,2606.0,2606.0
2016-06-12,0.6456,0.0633,0.6074,0.578,2594.69,2738.93
2016-06-13,0.5692,0.4891,0.6074,0.578,2757.71,2738.93
2016-06-23,0.4476,0.1008,0.4521,0.4487,3017.17,3014.82
2016-06-25,0.4364,0.1941,0.4521,0.4487,3041.07,3014.82
2016-06-26,0.4724,0.106,0.4521,0.4487,2964.25,3014.82
2016-07-06,0.4116,0.4459,0.4383,0.4201,3093.98,3075.85
2016-07-09,0.465,0.0842,0.4383,0.4201,2980.04,3075.85
2016-07-13,0.4053,0.602,0.3939,0.405,3107.43,3108.07
2016-07-14,0.4358,0.1,0.385,0.3919,3042.35,3136.02
2016-07-16,0.3407,0.0508,0.3739,0.3824,3245.26,3156.29
2016-07-17,0.3584,0.2944,0.366,0.3606,3207.5,3202.8
2016-07-18,0.3292,0.1867,0.3428,0.3465,3269.8,3232.89
2016-07-23,0.3365,0.0772,0.3365,0.3365,3254.23,3254.23
2016-07-29,0.3658,0.4817,0.3551,0.3543,3191.71,3216.25
2016-07-30,0.3569,0.0706,0.3552,0.3546,3210.7,3215.61
2016-07-31,0.3426,0.4871,0.3552,0.3546,3241.21,3215.61
2016-08-02,0.3554,0.4096,0.3516,0.3491,3213.9,3227.34
2016-08-06,0.3566,0.0897,0.3238,0.2987,3211.34,3334.88
2016-08-07,0.291,0.6696,0.3238,0.2987,3351.31,3334.88
2016-08-13,0.3161,0.1007,0.3161,0.3161,3297.75,3297.75
2016-08-19,0.2327,0.1594,0.2675,0.259,3475.71,3419.59
2016-08-20,0.3002,0.2483,0.2596,0.2463,3331.68,3446.69
2016-08-21,0.2388,0.4374,0.2481,0.2445,3462.69,3450.53
2016-08-22,0.2984,0.0706,0.2481,0.2445,3335.52,3450.53
2016-08-23,0.228,0.6353,0.2512,0.2458,3485.73,3447.75
2016-08-24,0.1906,0.0508,0.239,0.2345,3565.54,3471.87
2016-08-29,0.2556,0.0868,0.239,0.2272,3426.84,3487.44
2016-08-30,0.2224,0.5087,0.2472,0.2323,3497.68,3476.56
2016-09-02,0.2637,0.0956,0.2445,0.236,3409.56,3468.67
2016-09-03,0.2474,0.3779,0.2556,0.2507,3444.34,3437.3
2016-09-07,0.3973,0.0787,0.3223,0.3137,3124.5,3302.88
2016-09-08,0.3267,0.628,0.3085,0.3099,3275.14,3310.98
2016-09-09,0.2763,0.0802,0.3072,0.3085,3382.68,3313.97
2016-09-10,0.2891,0.4763,0.2999,0.2992,3355.36,3333.81
2016-09-11,0.2529,0.085,0.2895,0.2962,3432.61,3340.22
2016-09-12,0.3009,0.2381,0.2833,0.2814,3330.19,3371.79
2016-09-13,0.2564,0.3462,0.2847,0.2817,3425.14,3371.15
2016-09-14,0.3244,0.0739,0.2836,0.277,3280.04,3381.18
2016-09-18,0.2387,0.0581,0.24,0.2407,3462.9,3458.64
2016-09-20,0.2414,0.1623,0.24,0.2407,3457.14,3458.64
2016-09-26,0.5194,0.4701,0.5279,0.5298,2863.97,2841.78
2016-09-27,0.5164,0.0896,0.5279,0.5298,2870.37,2841.78
2016-09-29,0.548,0.3351,0.4968,0.488,2802.94,2930.97
2016-10-01,0.4329,0.6527,0.4482,0.4224,3048.54,3070.94
2016-10-02,0.4672,0.0728,0.4311,0.4104,2975.35,3096.54
2016-10-03,0.3445,0.6702,0.3839,0.3801,3237.16,3161.2
2016-10-05,0.3629,0.4367,0.3566,0.3414,3197.9,3243.77
2016-10-06,0.3121,0.1391,0.3289,0.3358,3306.29,3255.72
2016-10-08,0.2962,0.3644,0.3237,0.3295,3340.22,3269.16
2016-10-15,0.4504,0.2021,0.4643,0.4695,3011.2,2970.44
2016-10-17,0.4782,0.4422,0.4574,0.4581,2951.88,2994.77
2016-10-19,0.4435,0.4996,0.4335,0.4414,3025.92,3030.4
2016-10-21,0.4205,0.452,0.3957,0.4069,3074.99,3104.01
2016-10-22,0.3918,0.1586,0.3957,0.4069,3136.23,3104.01
2016-10-24,0.3269,0.2754,0.3797,0.3863,3274.71,3147.97
2017-05-12,0.7583,0.1385,0.7583,0.7583,2354.22,2354.22
2017-05-17,0.7315,0.438,0.7315,0.7315,2411.41,2411.41
2017-06-05,0.5463,0.469,0.5463,0.5463,2806.57,2806.57
2017-06-09,0.5271,0.7044,0.5271,0.5271,2847.54,2847.54
2017-06-13,0.6631,0.109,0.6631,0.6631,2557.35,2557.35
2017-06-17,0.6838,0.0728,0.6838,0.6838,2513.19,2513.19
2017-06-24,0.5935,0.0648,0.5272,0.5056,2705.86,2893.41
2017-06-26,0.4609,0.1274,0.5128,0.4966,2988.79,2912.62
2017-06-29,0.484,0.1379,0.4487,0.4265,2939.5,3062.19
2017-07-01,0.4513,0.0794,0.4279,0.4143,3009.28,3088.22
2017-07-02,0.3986,0.5107,0.4279,0.4143,3121.72,3088.22
2017-07-03,0.4024,0.1,0.4138,0.4045,3113.61,3109.13
2017-07-04,0.403,0.2961,0.4138,0.4045,3112.33,3109.13
2017-07-10,0.3983,0.0912,0.3977,0.4038,3122.36,3110.63
2017-07-11,0.408,0.4047,0.3977,0.4038,3101.67,3110.63
2017-07-12,0.3869,0.0707,0.4101,0.4102,3146.69,3096.97
2017-07-15,0.4473,0.0981,0.4025,0.3712,3017.81,3180.19
2017-07-17,0.4215,0.1,0.4077,0.3701,3072.86,3182.53
2017-07-18,0.3542,0.7999,0.4077,0.3701,3216.46,3182.53
2017-07-27,0.3282,0.4941,0.3096,0.3208,3271.94,3287.73
2017-07-28,0.291,0.1237,0.3096,0.3208,3351.31,3287.73
2017-08-01,0.281,0.5296,0.3004,0.286,3372.65,3361.98
2017-08-02,0.3373,0.1,0.2976,0.2866,3252.52,3360.7
2017-08-03,0.2829,0.8176,0.2784,0.2786,3368.59,3377.77
2017-08-05,0.2893,0.3088,0.2856,0.283,3354.94,3368.38
2017-08-06,0.2014,0.1813,0.2805,0.2815,3542.49,3371.58
2017-08-07,0.3173,0.221,0.2814,0.2837,3295.19,3366.89
2017-08-09,0.3116,0.1,0.2746,0.2805,3307.36,3373.71
2017-08-10,0.2872,0.8279,0.2929,0.2919,3359.42,3349.39
2017-08-11,0.2553,0.1,0.2847,0.2865,3427.48,3360.91
2017-08-21,0.2968,0.3806,0.2696,0.2814,3338.93,3371.79
2017-08-22,0.2423,0.1496,0.2696,0.2814,3455.22,3371.79
2017-08-26,0.2545,0.6534,0.2545,0.2545,3429.19,3429.19
2017-09-02,0.2726,0.5004,0.2753,0.2704,3390.57,3395.27
2017-09-03,0.3394,0.1,0.2753,0.2704,3248.04,3395.27
2017-09-04,0.2591,0.519,0.2753,0.2704,3419.38,3395.27
2017-09-05,0.2302,0.053,0.3254,0.3174,3481.04,3294.98
2017-09-08,0.5255,0.2646,0.3673,0.3584,2850.95,3207.5
2017-09-09,0.3619,0.3621,0.3734,0.3594,3200.03,3205.36
2017-09-10,0.4117,0.1,0.3585,0.3376,3093.77,3251.88
2017-09-11,0.3073,0.8609,0.3427,0.3344,3316.53,3258.71
2017-09-12,0.2606,0.0523,0.3073,0.3054,3416.18,3320.58
2017-09-13,0.2842,0.6693,0.287,0.2878,3365.82,3358.14
2017-09-14,0.2478,0.0872,0.2701,0.2831,3443.49,3368.17
2017-09-15,0.2777,0.4034,0.2544,0.2515,3379.69,3435.59
2017-09-16,0.22,0.2628,0.2586,0.2529,3502.8,3432.61
2017-09-17,0.293,0.1466,0.25,0.2343,3347.04,3472.29
2017-09-18,0.1972,0.5589,0.2504,0.2338,3551.45,3473.36
2017-09-19,0.2906,0.089,0.245,0.224,3352.16,3494.27
2017-09-20,0.224,0.7472,0.2512,0.2247,3494.27,3492.78
2017-09-25,0.224,0.4322,0.224,0.224,3494.27,3494.27
2017-09-29,0.3037,0.6415,0.3037,0.3037,3324.21,3324.21
2017-10-04,0.5342,0.5944,0.4187,0.4589,2832.39,2993.06
2017-10-06,0.3996,0.6082,0.3755,0.4223,3119.59,3071.15
2017-10-07,0.3223,0.064,0.3755,0.4223,3284.53,3071.15
2017-10-08,0.3498,0.3151,0.3358,0.3641,3225.85,3195.34
2017-10-09,0.2716,0.156,0.3358,0.3641,3392.7,3195.34
2017-10-13,0.4698,0.7303,0.4698,0.4698,2969.8,2969.8
2017-10-18,0.4948,0.356,0.456,0.454,2916.46,3003.51
2017-10-19,0.477,0.1002,0.456,0.454,2954.44,3003.51
2017-10-20,0.4226,0.4833,0.456,0.454,3070.51,3003.51
2017-10-21,0.4294,0.0684,0.456,0.454,3056.0,3003.51
2018-05-01,0.5636,0.086,0.5391,0.5368,2769.66,2826.84
2018-05-02,0.5315,0.7532,0.5391,0.5368,2838.15,2826.84
2018-05-03,0.5134,0.0772,0.5391,0.5368,2876.77,2826.84
2018-05-04,0.548,0.3072,0.5391,0.5368,2802.94,2826.84
2018-05-16,0.6563,0.4522,0.6563,0.6563,2571.86,2571.86
2018-06-03,0.5754,0.5644,0.5754,0.5754,2744.48,2744.48
2018-06-09,0.5501,0.0875,0.538,0.5292,2798.46,2843.06
2018-06-12,0.526,0.5795,0.4988,0.5048,2849.89,2895.12
2018-06-13,0.446,0.1092,0.4817,0.5008,3020.58,2903.66
2018-06-14,0.4731,0.3113,0.4817,0.5008,2962.76,2903.66
2018-06-21,0.4472,0.4206,0.4257,0.436,3018.02,3041.92
2018-06-22,0.4042,0.1484,0.4257,0.436,3109.77,3041.92
2018-06-28,0.3812,0.57,0.3778,0.3807,3158.85,3159.92
2018-06-30,0.4012,0.4206,0.3778,0.3807,3116.17,3159.92
2018-07-01,0.351,0.301,0.3778,0.3807,3223.29,3159.92
2018-07-10,0.2708,0.2637,0.29,0.2774,3394.41,3380.33
2018-07-11,0.3091,0.0545,0.29,0.2774,3312.69,3380.33
2018-07-18,0.4224,0.1595,0.4224,0.4224,3070.94,3070.94
2018-07-26,0.2811,0.4272,0.2953,0.3056,3372.43,3320.16
2018-07-27,0.3292,0.0875,0.2914,0.2935,3269.8,3345.98
2018-07-28,0.3329,0.4695,0.2829,0.2906,3261.91,3352.16
2018-07-29,0.2379,0.0648,0.2829,0.2906,3464.61,3352.16
2018-07-30,0.2759,0.7226,0.2833,0.2934,3383.53,3346.19
2018-07-31,0.2404,0.1039,0.2718,0.291,3459.28,3351.31
2018-08-13,0.3952,0.4451,0.3525,0.3511,3128.98,3223.07
2018-08-15,0.3098,0.4742,0.3378,0.3412,3311.2,3244.2
2018-08-17,0.3084,0.2784,0.3297,0.3121,3314.18,3306.29
2018-08-19,0.4069,0.1274,0.3225,0.29,3104.01,3353.44
2018-08-20,0.2938,0.5476,0.3225,0.29,3345.34,3353.44
2018-08-21,0.3512,0.1,0.311,0.2804,3222.86,3373.93
2018-08-22,0.2521,0.7434,0.311,0.2804,3434.31,3373.93
2018-08-24,0.2508,0.3179,0.2886,0.2651,3437.09,3406.57
2018-08-26,0.3005,0.158,0.2578,0.24,3331.04,3460.13
2018-08-29,0.2222,0.7287,0.2584,0.2426,3498.11,3454.58
2018-08-31,0.2526,0.5696,0.2308,0.2329,3433.25,3475.28
2018-09-03,0.2176,0.227,0.2358,0.2284,3507.93,3484.88
2018-09-04,0.2814,0.1583,0.2303,0.2135,3371.79,3516.67
2018-09-05,0.1918,0.5382,0.2303,0.2135,3562.98,3516.67
2018-09-12,0.3849,0.3824,0.4122,0.3936,3150.95,3132.39
2018-09-13,0.4395,0.0728,0.4122,0.3936,3034.45,3132.39
2018-09-18,0.3659,0.2126,0.3373,0.334,3191.49,3259.56
2018-09-19,0.2955,0.2352,0.3373,0.334,3341.71,3259.56
2018-09-20,0.3505,0.1389,0.3373,0.334,3224.35,3259.56
2018-09-24,0.3929,0.0537,0.3929,0.3929,3133.88,3133.88
2018-09-28,0.3115,0.2691,0.2938,0.2976,3307.57,3337.23
2018-09-30,0.2933,0.4657,0.2938,0.2976,3346.4,3337.23
2018-10-01,0.2767,0.0846,0.2938,0.2976,3381.82,3337.23
2018-10-05,0.4556,0.264,0.4037,0.3858,3000.1,3149.03
2018-10-06,0.4461,0.1249,0.4037,0.3858,3020.37,3149.03
2018-10-07,0.3266,0.4403,0.4037,0.3858,3275.35,3149.03
2018-10-08,0.3865,0.0927,0.4017,0.3879,3147.54,3144.55
2018-10-11,0.3937,0.3448,0.3444,0.3526,3132.18,3219.87
2018-10-12,0.2709,0.1554,0.3303,0.348,3394.2,3229.69
2018-10-13,0.3264,0.1759,0.309,0.2986,3275.78,3335.09
2018-10-16,0.2451,0.6228,0.2695,0.2601,3449.25,3417.24
2018-10-17,0.2371,0.1,0.2411,0.244,3466.32,3451.6
2018-10-27,0.4663,0.4696,0.4046,0.4059,2977.27,3106.15
2018-10-28,0.4018,0.183,0.4039,0.4056,3114.89,3106.79
2018-10-29,0.4162,0.2259,0.4039,0.4056,3084.17,3106.79
2018-10-30,0.334,0.4167,0.4039,0.4056,3259.56,3106.79
2018-10-31,0.4013,0.0759,0.3883,0.374,3115.96,3174.21
2019-05-07,0.6448,0.556,0.6448,0.6448,2596.4,2596.4
2019-05-15,0.5684,0.1119,0.5744,0.5778,2759.42,2739.36
2019-05-16,0.5804,0.396,0.5744,0.5778,2733.81,2739.36
2019-05-21,0.5913,0.6299,0.5913,0.5913,2710.55,2710.55
2019-05-29,0.5216,0.0559,0.5007,0.5063,2859.27,2891.92
2019-05-30,0.5124,0.6816,0.4935,0.4974,2878.9,2910.91
2019-05-31,0.465,0.0982,0.4935,0.4974,2980.04,2910.91
2019-06-01,0.5037,0.3547,0.4935,0.4974,2897.47,2910.91
2019-06-02,0.4648,0.3266,0.4865,0.4965,2980.47,2912.83
2019-06-09,0.4425,0.2133,0.4425,0.4425,3028.05,3028.05
2019-06-19,0.427,0.0727,0.427,0.427,3061.12,3061.12
2019-07-02,0.4514,0.1274,0.4428,0.4367,3009.06,3040.43
2019-07-03,0.4269,0.2997,0.4428,0.4367,3061.34,3040.43
2019-07-05,0.4501,0.0792,0.4206,0.4271,3011.84,3060.91
2019-07-07,0.3538,0.0662,0.4019,0.4063,3217.31,3105.29
2019-07-27,0.3646,0.2241,0.3613,0.3472,3194.27,3231.4
2019-07-28,0.4248,0.1856,0.3613,0.3472,3065.82,3231.4
2019-07-29,0.2946,0.3485,0.3613,0.3472,3343.63,3231.4
2019-08-03,0.3232,0.0787,0.383,0.3822,3282.6,3156.72
2019-08-06,0.4429,0.0765,0.3577,0.3139,3027.2,3302.45
2019-08-08,0.3759,0.089,0.3376,0.3087,3170.16,3313.54
2019-08-09,0.2887,0.64,0.3249,0.3018,3356.22,3328.27
2019-08-10,0.276,0.0626,0.3032,0.2967,3383.32,3339.15
2019-08-11,0.3045,0.3247,0.2943,0.284,3322.51,3366.25
2019-08-12,0.2612,0.2047,0.2847,0.2812,3414.9,3372.22
2019-08-13,0.3129,0.2549,0.284,0.2778,3304.58,3379.48
2019-08-14,0.2406,0.4616,0.2856,0.2779,3458.85,3379.26
2019-08-15,0.3089,0.1,0.2809,0.2695,3313.12,3397.19
2019-08-20,0.2902,0.1963,0.2413,0.2317,3353.02,3477.84
2019-08-21,0.1794,0.2625,0.2413,0.2317,3589.43,3477.84
2019-08-22,0.2656,0.0876,0.2413,0.2317,3405.51,3477.84
2019-08-23,0.2299,0.3892,0.2413,0.2317,3481.68,3477.84
2019-08-28,0.2439,0.1513,0.2769,0.2597,3451.81,3418.1
2019-08-29,0.2924,0.2545,0.2687,0.2491,3348.32,3440.71
2019-08-30,0.2184,0.3675,0.2687,0.2491,3506.22,3440.71
2019-08-31,0.3528,0.0993,0.2687,0.2491,3219.45,3440.71
2019-09-01,0.2361,0.7156,0.2749,0.2496,3468.45,3439.65
2019-09-05,0.3177,0.2074,0.3177,0.3177,3294.34,3294.34
2019-09-12,0.3289,0.4168,0.326,0.3271,3270.44,3274.28
2019-09-14,0.3231,0.185,0.326,0.3271,3282.82,3274.28
2019-09-18,0.4334,0.064,0.3836,0.3485,3047.47,3228.62
2019-09-19,0.3337,0.3661,0.437,0.4279,3260.2,3059.2
2019-09-22,0.5438,0.2944,0.4388,0.4273,2811.91,3060.48
2019-09-29,0.4977,0.1554,0.4332,0.4074,2910.27,3102.95
2019-10-01,0.366,0.4074,0.4052,0.3609,3191.28,3202.16
2019-10-02,0.4358,0.1,0.3895,0.3498,3042.35,3225.85
2019-10-03,0.3215,0.7836,0.3625,0.3382,3286.23,3250.6
2019-10-05,0.3266,0.6858,0.3613,0.331,3275.35,3265.96
2019-10-10,0.3815,0.6427,0.3678,0.3786,3158.21,3164.4
2019-10-13,0.3541,0.0758,0.3397,0.3535,3216.67,3217.95
2019-10-14,0.3335,0.4452,0.3142,0.3121,3260.63,3306.29
2019-10-15,0.2898,0.1443,0.3142,0.3121,3353.87,3306.29
2019-10-17,0.2794,0.2895,0.3009,0.3085,3376.06,3313.97
2019-10-22,0.2614,0.0987,0.2859,0.2722,3414.47,3391.42
2019-10-24,0.2442,0.2267,0.2859,0.2722,3451.17,3391.42
2019-10-25,0.3522,0.0925,0.2859,0.2722,3220.73,3391.42
2020-05-12,0.6177,0.4497,0.6294,0.6326,2654.22,2622.43
2020-05-14,0.6411,0.7857,0.6294,0.6326,2604.29,2622.43
2020-05-19,0.5562,0.3535,0.5562,0.5562,2785.45,2785.45
2020-05-27,0.6176,0.2544,0.5687,0.5542,2654.44,2789.72
2020-05-28,0.5197,0.4665,0.5687,0.5542,2863.33,2789.72
2020-06-06,0.5352,0.664,0.5027,0.4957,2830.26,2914.54
2020-06-07,0.5217,0.0853,0.5027,0.4957,2859.06,2914.54
2020-06-08,0.4512,0.6382,0.5027,0.4957,3009.49,2914.54
2020-06-26,0.4286,0.4478,0.4009,0.3982,3057.71,3122.58
2020-06-28,0.4145,0.1302,0.4009,0.3982,3087.8,3122.58
2020-06-29,0.3595,0.4072,0.4009,0.3982,3205.15,3122.58
2020-07-03,0.3556,0.4763,0.343,0.3474,3213.47,3230.97
2020-07-06,0.3305,0.2297,0.3522,0.3512,3267.03,3222.86
2020-07-07,0.3705,0.136,0.3505,0.3454,3181.68,3235.24
2020-07-11,0.3195,0.0501,0.3195,0.3195,3290.5,3290.5
2020-07-16,0.3188,0.0523,0.3188,0.3188,3291.99,3291.99
2020-07-23,0.3481,0.0773,0.3481,0.3481,3229.48,3229.48
2020-07-30,0.36,0.1857,0.36,0.36,3204.08,3204.08
2020-08-05,0.274,0.0754,0.2786,0.2772,3387.58,3380.76
2020-08-06,0.2989,0.2547,0.2772,0.2746,3334.45,3386.3
2020-08-07,0.2282,0.192,0.2772,0.2746,3485.31,3386.3
2020-08-08,0.3132,0.1152,0.2772,0.2746,3303.94,3386.3
2020-08-09,0.2716,0.5688,0.278,0.2746,3392.7,3386.3
2020-08-15,0.3662,0.1967,0.3144,0.2872,3190.85,3359.42
2020-08-18,0.2627,0.6347,0.285,0.2814,3411.69,3371.79
2020-08-19,0.2261,0.0868,0.2444,0.2583,3489.79,3421.08
2020-08-23,0.3574,0.2324,0.3405,0.3218,3209.63,3285.59
2020-08-25,0.2997,0.5685,0.3236,0.3016,3332.75,3328.69
2020-08-26,0.3645,0.1,0.3152,0.2977,3194.48,3337.01
2020-08-27,0.2727,0.6305,0.2864,0.2829,3390.36,3368.59
2020-08-29,0.2816,0.367,0.2706,0.2666,3371.37,3403.37
2020-08-30,0.2133,0.1562,0.2539,0.2608,3517.1,3415.75
2020-08-31,0.2873,0.2524,0.2427,0.2377,3359.21,3465.04
2020-09-01,0.2045,0.2594,0.239,0.237,3535.88,3466.53
2020-09-02,0.2642,0.0787,0.2307,0.2246,3408.49,3492.99
2020-09-03,0.2055,0.5701,0.2336,0.2257,3533.74,3490.64
2020-09-04,0.2168,0.0515,0.2228,0.2143,3509.63,3514.97
2020-09-05,0.223,0.407,0.2274,0.2166,3496.4,3510.06
2020-09-10,0.2317,0.5485,0.2648,0.2498,3477.84,3439.22
2020-09-11,0.3063,0.0787,0.2587,0.2481,3318.66,3442.85
2020-09-12,0.2565,0.8199,0.2587,0.2481,3424.92,3442.85
2020-09-14,0.2403,0.3185,0.2493,0.2421,3459.49,3455.65
2020-09-16,0.2503,0.2225,0.2348,0.2367,3438.15,3467.17
2020-09-17,0.1932,0.3699,0.2285,0.2349,3559.99,3471.01
2020-09-19,0.2554,0.6409,0.2169,0.2306,3427.27,3480.19
2020-09-20,0.2031,0.0883,0.2129,0.2276,3538.86,3486.59
2020-09-22,0.1823,0.0837,0.2303,0.242,3583.25,3455.86
2020-09-23,0.2304,0.3066,0.2241,0.2268,3480.61,3488.3
2020-09-25,0.2805,0.0873,0.2286,0.2263,3373.71,3489.36
2020-09-28,0.2213,0.4617,0.2509,0.2307,3500.03,3479.97
2020-10-07,0.2916,0.4183,0.2693,0.2695,3350.03,3397.19
2020-10-08,0.3028,0.1168,0.2693,0.2695,3326.13,3397.19
2020-10-09,0.2558,0.2373,0.2618,0.2594,3426.42,3418.74
2020-10-10,0.2271,0.2334,0.2618,0.2594,3487.66,3418.74
2020-10-12,0.2318,0.3669,0.2257,0.2264,3477.63,3489.15
2020-10-14,0.2113,0.4635,0.2155,0.2183,3521.37,3506.43
2020-10-15,0.2027,0.0872,0.2155,0.2183,3539.72,3506.43
2020-10-17,0.216,0.1461,0.21,0.2112,3511.34,3521.58
2020-10-24,0.2381,0.1114,0.2603,0.2577,3464.18,3422.36
2020-10-27,0.2824,0.0883,0.2369,0.2099,3369.66,3524.36
2020-10-28,0.1902,0.4849,0.2363,0.2044,3566.39,3536.09
2021-05-03,0.5789,0.6865,0.592,0.586,2737.01,2721.86
2021-05-06,0.6051,0.2528,0.5871,0.5824,2681.11,2729.54
2021-05-08,0.5773,0.6529,0.6281,0.5967,2740.43,2699.03
2021-05-11,0.7018,0.1,0.629,0.6182,2474.78,2653.16
2021-05-12,0.6882,0.4486,0.6204,0.6104,2503.8,2669.8
2021-05-13,0.5888,0.2165,0.6104,0.6087,2715.89,2673.43
2021-05-14,0.5887,0.225,0.6104,0.6087,2716.1,2673.43
2021-05-15,0.5347,0.4551,0.5921,0.602,2831.32,2687.72
2021-05-16,0.5602,0.0515,0.5681,0.5613,2776.91,2774.57
2021-05-21,0.5672,0.284,0.5672,0.5672,2761.98,2761.98
2021-05-31,0.5682,0.4569,0.5682,0.5682,2759.84,2759.84
2021-06-16,0.4383,0.468,0.4157,0.4159,3037.01,3084.81
2021-06-18,0.393,0.4573,0.4012,0.4123,3133.67,3092.49
2021-06-21,0.3723,0.0836,0.3771,0.3802,3177.84,3160.98
2021-06-23,0.366,0.3631,0.3629,0.3578,3191.28,3208.78
2021-06-25,0.3505,0.5741,0.3582,0.3565,3224.35,3211.55
2021-07-01,0.3742,0.1602,0.3742,0.3742,3173.78,3173.78
2021-07-08,0.3951,0.367,0.3481,0.347,3129.19,3231.82
2021-07-09,0.3432,0.2567,0.3481,0.347,3239.93,3231.82
2021-07-11,0.3061,0.4089,0.3481,0.347,3319.09,3231.82
2021-07-15,0.3367,0.4708,0.2935,0.3004,3253.8,3331.25
2021-07-16,0.2926,0.182,0.3068,0.3037,3347.9,3324.21
2021-07-18,0.2511,0.3181,0.2979,0.2867,3436.45,3360.49
2021-07-19,0.3468,0.0736,0.2882,0.2685,3232.25,3399.32
2021-07-20,0.2621,0.7217,0.2867,0.2646,3412.98,3407.64
2021-07-29,0.3287,0.9191,0.3046,0.3209,3270.87,3287.51
2021-07-30,0.2795,0.0626,0.3046,0.3209,3375.85,3287.51
2021-07-31,0.3055,0.3007,0.2959,0.3084,3320.37,3314.18
2021-08-03,0.2698,0.4158,0.26,0.2602,3396.55,3417.03
2021-08-05,0.2381,0.7017,0.2448,0.2486,3464.18,3441.78
2021-08-06,0.2266,0.064,0.2448,0.2486,3488.72,3441.78
2021-08-18,0.3063,0.1672,0.3063,0.3063,3318.66,3318.66
2021-08-25,0.3251,0.2454,0.2888,0.2723,3278.55,3391.21
2021-08-27,0.3074,0.1221,0.2782,0.2518,3316.32,3434.95
2021-08-28,0.234,0.4492,0.2782,0.2518,3472.93,3434.95
2021-08-29,0.3019,0.1,0.2665,0.2391,3328.05,3462.05
2021-08-30,0.2227,0.7491,0.2665,0.2391,3497.04,3462.05
2021-09-04,0.4536,0.416,0.4568,0.4543,3004.37,3002.87
2021-09-05,0.4599,0.0545,0.4568,0.4543,2990.93,3002.87
2021-09-09,0.3093,0.0671,0.3332,0.3492,3312.26,3227.13
2021-09-10,0.3571,0.3383,0.3332,0.3492,3210.27,3227.13
2021-09-15,0.3101,0.7505,0.3101,0.3101,3310.56,3310.56
2021-10-05,0.6032,0.1891,0.5872,0.5943,2685.16,2704.15
2021-10-07,0.5712,0.0728,0.5334,0.5521,2753.44,2794.2
2021-10-09,0.4258,0.0875,0.4985,0.4918,3063.68,2922.86
2021-10-15,0.3707,0.4325,0.3707,0.3707,3181.25,3181.25
2021-10-21,0.475,0.1983,0.4093,0.3924,2958.71,3134.95
2021-10-22,0.3358,0.3204,0.4093,0.3924,3255.72,3134.95
2021-10-23,0.4171,0.0714,0.4093,0.3924,3082.25,3134.95
2021-10-27,0.3278,0.0739,0.3278,0.3278,3272.79,3272.79
2021-10-31,0.3069,0.4105,0.3069,0.3069,3317.38,3317.38
2022-05-13,0.6072,0.9459,0.5894,0.6046,2676.63,2682.18
2022-05-14,0.5717,0.0736,0.5958,0.6053,2752.38,2680.68
2022-05-17,0.6085,0.1948,0.5907,0.5948,2673.85,2703.09
2022-05-18,0.5918,0.3227,0.6002,0.5981,2709.49,2696.04
2022-05-22,0.5818,0.7209,0.5818,0.5818,2730.82,2730.82
2022-05-26,0.6493,0.1465,0.6321,0.6405,2586.8,2605.58
2022-05-28,0.6149,0.0501,0.5744,0.5355,2660.2,2829.62
2022-05-30,0.5411,0.0589,0.5373,0.5061,2817.67,2892.35
2022-05-31,0.4924,0.4875,0.5373,0.5061,2921.58,2892.35
2022-06-02,0.5008,0.154,0.5114,0.4983,2903.66,2908.99
2022-06-07,0.4564,0.4156,0.4564,0.4564,2998.39,2998.39
2022-06-11,0.5461,0.1083,0.5461,0.5461,2807.0,2807.0
2022-07-04,0.4681,0.2027,0.4185,0.396,2973.43,3127.27
2022-07-05,0.387,0.4791,0.4185,0.396,3146.47,3127.27
2022-07-06,0.4437,0.1,0.4185,0.396,3025.49,3127.27
2022-07-07,0.3752,0.7216,0.4185,0.396,3171.65,3127.27
2022-07-15,0.3329,0.0706,0.3329,0.3329,3261.91,3261.91
2022-07-25,0.4071,0.4849,0.3587,0.3659,3103.59,3191.49
2022-07-28,0.3102,0.358,0.3359,0.3321,3310.34,3263.61
2022-07-29,0.3667,0.1428,0.3111,0.2939,3189.79,3345.12
2022-07-30,0.2778,0.6031,0.3111,0.2939,3379.48,3345.12
2022-07-31,0.3178,0.0508,0.3111,0.2939,3294.13,3345.12
2022-08-01,0.2832,0.723,0.3114,0.2901,3367.95,3353.23
2022-08-05,0.3108,0.1683,0.2926,0.2866,3309.06,3360.7
2022-08-06,0.2743,0.3297,0.2772,0.28,3386.94,3374.78
2022-08-09,0.2466,0.0993,0.2566,0.2572,3446.05,3423.43
2022-08-10,0.2489,0.5545,0.2404,0.2431,3441.14,3453.52
2022-08-13,0.2258,0.2072,0.2428,0.234,3490.43,3472.93
2022-08-15,0.2087,0.4287,0.232,0.2243,3526.92,3493.63
2022-08-16,0.2879,0.0794,0.2379,0.234,3357.93,3472.93
2022-08-17,0.2274,0.8402,0.2404,0.2348,3487.02,3471.23
2022-08-18,0.2102,0.0956,0.2436,0.2365,3523.72,3467.6
2022-08-19,0.2676,0.4765,0.2506,0.2438,3401.24,3452.02
2022-08-21,0.2598,0.1341,0.2475,0.2433,3417.88,3453.09
2022-08-23,0.2823,0.0912,0.2532,0.2324,3369.87,3476.35
2022-08-24,0.2174,0.5476,0.2532,0.2324,3508.35,3476.35
2022-08-28,0.2161,0.2319,0.238,0.2323,3511.13,3476.56
2022-08-30,0.2598,0.1365,0.238,0.2323,3417.88,3476.56
2022-09-09,0.3166,0.6014,0.2599,0.2906,3296.69,3352.16
2022-09-11,0.2664,0.3895,0.2599,0.2906,3403.8,3352.16
2022-09-12,0.1968,0.0666,0.2599,0.2906,3552.31,3352.16
2022-09-18,0.309,0.8326,0.2828,0.3048,3312.9,3321.87
2022-09-19,0.2566,0.0721,0.2828,0.3048,3424.71,3321.87
2022-09-25,0.5419,0.5578,0.5056,0.5331,2815.96,2834.74
2022-09-26,0.4692,0.0765,0.5056,0.5331,2971.08,2834.74
2022-09-30,0.3304,0.3144,0.3723,0.3498,3267.24,3225.85
2022-10-01,0.4142,0.0945,0.3723,0.3498,3088.44,3225.85
2022-10-07,0.305,0.2168,0.305,0.305,3321.44,3321.44
2022-10-25,0.4138,0.8164,0.3531,0.4058,3089.29,3106.36
2022-10-26,0.2924,0.0574,0.3926,0.4138,3348.32,3089.29
2022-10-29,0.4715,0.1203,0.377,0.3801,2966.17,3161.2
2022-10-30,0.3671,0.4593,0.4193,0.3888,3188.93,3142.63
2023-05-04,0.6486,0.8414,0.646,0.6471,2588.29,2591.49
2023-05-06,0.6435,0.3497,0.646,0.6471,2599.17,2591.49
2023-05-16,0.6676,0.7957,0.6395,0.6528,2547.75,2579.33
2023-05-17,0.6138,0.1,0.6395,0.6528,2662.55,2579.33
2023-05-18,0.637,0.5012,0.6395,0.6528,2613.04,2579.33
2023-06-23,0.4696,0.2607,0.4429,0.4258,2970.23,3063.68
2023-06-24,0.4365,0.2304,0.4429,0.4258,3040.85,3063.68
2023-06-25,0.4665,0.0783,0.4451,0.4342,2976.84,3045.76
2023-06-26,0.3991,0.6371,0.4451,0.4342,3120.66,3045.76
2023-06-28,0.454,0.5077,0.4399,0.4262,3003.51,3062.83
2023-07-03,0.4034,0.9093,0.3806,0.3939,3111.48,3131.75
2023-07-04,0.3648,0.0802,0.3921,0.3979,3193.84,3123.22
2023-07-05,0.4071,0.2935,0.3921,0.3979,3103.59,3123.22
2023-07-06,0.3469,0.215,0.3921,0.3979,3232.04,3123.22
2023-07-07,0.4381,0.1454,0.3892,0.391,3037.44,3137.94
2023-07-12,0.592,0.2324,0.4962,0.487,2709.06,2933.1
2023-07-13,0.4301,0.4025,0.4962,0.487,3054.51,2933.1
2023-07-14,0.4666,0.0728,0.4962,0.487,2976.63,2933.1
2023-07-19,0.4159,0.0943,0.3624,0.3421,3084.81,3242.28
2023-07-20,0.3293,0.5373,0.3624,0.3421,3269.59,3242.28
2023-07-22,0.342,0.5777,0.3595,0.3444,3242.49,3237.37
2023-07-25,0.3508,0.4344,0.3576,0.3374,3223.71,3252.31
2023-07-26,0.4184,0.0985,0.3682,0.3454,3079.47,3235.24
2023-07-27,0.3193,0.907,0.3682,0.3454,3290.93,3235.24
2023-07-29,0.3843,0.3657,0.3511,0.3271,3152.23,3274.28
2023-07-31,0.3586,0.1045,0.3307,0.3183,3207.07,3293.06
2023-08-01,0.2747,0.4974,0.3307,0.3183,3386.09,3293.06
2023-08-03,0.3053,0.5112,0.3087,0.2921,3320.8,3348.96
2023-08-05,0.3411,0.1991,0.3024,0.2846,3244.41,3364.97
2023-08-06,0.264,0.524,0.2959,0.2836,3408.92,3367.1
2023-08-07,0.3459,0.1,0.294,0.2763,3234.17,3382.68
2023-08-08,0.2555,0.5883,0.294,0.2763,3427.06,3382.68
2023-08-09,0.2637,0.0956,0.3486,0.2873,3409.56,3359.21
2023-08-12,0.614,0.0834,0.3403,0.2687,2662.12,3398.89
2023-08-13,0.2383,0.5794,0.3659,0.2691,3463.76,3398.04
2023-08-15,0.2453,0.4594,0.328,0.2667,3448.82,3403.16
2023-08-17,0.3013,0.279,0.2557,0.2492,3329.33,3440.5
2023-08-18,0.2411,0.4838,0.2557,0.2492,3457.78,3440.5
2023-08-20,0.235,0.6253,0.2591,0.2505,3470.8,3437.73
2023-08-24,0.3226,0.1179,0.2888,0.2702,3283.88,3395.69
2023-08-27,0.2549,0.4054,0.2609,0.2504,3428.34,3437.94
2023-08-28,0.2212,0.1508,0.2536,0.2468,3500.24,3445.62
2023-08-29,0.2946,0.2657,0.2457,0.2338,3343.63,3473.36
2023-08-30,0.2114,0.454,0.2397,0.233,3521.15,3475.07
2023-08-31,0.2861,0.1,0.2371,0.2277,3361.77,3486.38
2023-09-01,0.206,0.6437,0.2403,0.2284,3532.68,3484.88
2023-09-02,0.2035,0.0515,0.2268,0.2143,3538.01,3514.97
2023-09-11,0.4063,0.4306,0.4063,0.4063,3105.29,3105.29
2023-09-15,0.397,0.2847,0.3502,0.3445,3125.14,3237.16
2023-09-16,0.3412,0.2063,0.3502,0.3445,3244.2,3237.16
2023-09-18,0.3123,0.4432,0.3373,0.33,3305.86,3268.1
2023-09-20,0.2986,0.4311,0.324,0.3135,3335.09,3303.3
2023-09-22,0.3611,0.1456,0.3299,0.3144,3201.74,3301.38
2023-09-27,0.2871,0.3012,0.2581,0.2548,3359.63,3428.55
2023-09-28,0.2291,0.3798,0.2581,0.2548,3483.39,3428.55
2023-10-04,0.4802,0.1788,0.4083,0.3722,2947.61,3178.05
2023-10-05,0.3363,0.5372,0.3648,0.3622,3254.65,3199.39
2023-10-08,0.2779,0.0853,0.3071,0.3283,3379.26,3271.72
2023-10-12,0.3613,0.5391,0.3139,0.3393,3201.31,3248.25
2023-10-15,0.2665,0.1627,0.3345,0.3521,3403.59,3220.94
2023-10-17,0.3758,0.377,0.3572,0.3575,3170.37,3209.42
2023-10-20,0.4294,0.1096,0.3842,0.3729,3056.0,3176.56
2023-10-22,0.3473,0.2844,0.3884,0.3701,3231.18,3182.53
2023-10-30,0.3746,0.0811,0.3746,0.3746,3172.93,3172.93
2024-05-09,0.6644,0.6018,0.6644,0.6644,2554.58,2554.58
2024-05-21,0.6545,0.6201,0.5999,0.5952,2575.7,2702.23
2024-05-22,0.5518,0.1536,0.5999,0.5952,2794.84,2702.23
2024-05-23,0.6736,0.1548,0.5999,0.5952,2534.95,2702.23
2024-05-24,0.5198,0.5609,0.6037,0.5962,2863.12,2700.1
2024-05-27,0.6187,0.0681,0.5693,0.5305,2652.09,2840.28
2024-05-31,0.4824,0.5174,0.5092,0.4992,2942.92,2907.07
2024-06-02,0.5359,0.2367,0.4949,0.4671,2828.76,2975.56
2024-06-04,0.5273,0.0508,0.4776,0.4561,2847.11,2999.03
2024-06-05,0.4339,0.8214,0.4776,0.4561,3046.4,2999.03
2024-06-06,0.4134,0.1,0.4582,0.4367,3090.14,3040.43
2024-06-12,0.4615,0.4964,0.4392,0.4553,2987.51,3000.74
2024-06-13,0.4168,0.0796,0.4392,0.4553,3082.89,3000.74
2024-06-19,0.4338,0.2293,0.3973,0.3804,3046.62,3160.56
2024-06-22,0.3607,0.6206,0.3922,0.3808,3202.59,3159.7
2024-06-24,0.382,0.2943,0.3714,0.3676,3157.14,3187.87
2024-06-29,0.4187,0.5559,0.4187,0.4187,3078.83,3078.83
2024-07-04,0.3479,0.758,0.3666,0.3581,3229.9,3208.14
2024-07-06,0.3852,0.2858,0.3666,0.3581,3150.31,3208.14
2024-07-11,0.3396,0.3768,0.32,0.3025,3247.61,3326.77
2024-07-12,0.2814,0.2072,0.32,0.3025,3371.79,3326.77
2024-07-13,0.38,0.0793,0.319,0.306,3161.41,3319.3
2024-07-14,0.2789,0.6699,0.319,0.306,3377.13,3319.3
2024-07-16,0.3149,0.5396,0.3118,0.2937,3300.31,3345.55
2024-07-19,0.2734,0.4094,0.2942,0.297,3388.86,3338.51
2024-07-23,0.3481,0.2807,0.3481,0.3481,3229.48,3229.48
2024-07-29,0.2753,0.3203,0.2753,0.2753,3384.81,3384.81
2024-08-02,0.2983,0.4476,0.2711,0.2562,3335.73,3425.56
2024-08-03,0.2469,0.1509,0.2902,0.2614,3445.41,3414.47
2024-08-04,0.3529,0.1678,0.2902,0.2614,3219.23,3414.47
2024-08-05,0.1864,0.4829,0.2829,0.2601,3574.5,3417.24
2024-08-06,0.3665,0.0626,0.2869,0.2583,3190.21,3421.08
2024-08-08,0.2465,0.1293,0.2804,0.2428,3446.26,3454.16
2024-08-09,0.3222,0.2395,0.3117,0.3059,3284.74,3319.52
2024-08-13,0.2063,0.0677,0.2703,0.2591,3532.04,3419.38
2024-08-14,0.3005,0.2762,0.262,0.2458,3331.04,3447.75
2024-08-15,0.2146,0.3922,0.262,0.2458,3514.33,3447.75
2024-08-16,0.3597,0.0956,0.2618,0.2495,3204.72,3439.86
2024-08-17,0.2288,0.6488,0.2596,0.244,3484.03,3451.6
2024-08-19,0.2607,0.4921,0.2606,0.2413,3415.96,3457.36
2024-08-20,0.193,0.2627,0.2192,0.2309,3560.42,3479.55
2024-08-23,0.1943,0.0912,0.1937,0.1933,3557.64,3559.78
2024-08-27,0.2331,0.3943,0.2106,0.218,3474.85,3507.07
2024-08-29,0.2136,0.4995,0.2073,0.2074,3516.46,3529.69
2024-08-30,0.1852,0.1138,0.2073,0.2074,3577.06,3529.69
2024-08-31,0.2343,0.1896,0.1989,0.1957,3472.29,3554.65
2024-09-01,0.1704,0.4293,0.1989,0.1957,3608.64,3554.65
2024-09-03,0.191,0.8755,0.2043,0.1949,3564.68,3556.36
2024-09-05,0.2213,0.2431,0.2062,0.1976,3500.03,3550.6
2024-09-11,0.1845,0.2551,0.1845,0.1845,3578.55,3578.55
2024-09-27,0.3571,0.2258,0.3051,0.2677,3210.27,3401.03
2024-09-28,0.2609,0.364,0.3051,0.2677,3415.54,3401.03
2024-09-29,0.384,0.0772,0.3051,0.2677,3152.87,3401.03
2024-09-30,0.2182,0.5392,0.3272,0.2857,3506.65,3362.62
2024-10-03,0.4156,0.1668,0.3199,0.2792,3085.45,3376.49
2024-10-04,0.457,0.0939,0.3284,0.3015,2997.11,3328.91
2024-10-05,0.27,0.4427,0.3284,0.3015,3396.12,3328.91
2024-10-06,0.2386,0.0611,0.3538,0.3204,3463.12,3288.58
2024-10-07,0.2606,0.388,0.3414,0.3062,3416.18,3318.88
2024-10-09,0.4808,0.1356,0.3265,0.3188,2946.33,3291.99
2024-10-12,0.3258,0.7952,0.4033,0.3484,3277.06,3228.83
2024-10-16,0.5306,0.0633,0.5306,0.5306,2840.07,2840.07
2024-10-22,0.4419,0.8565,0.4318,0.4398,3029.33,3033.81
2024-10-23,0.4216,0.1,0.4318,0.4398,3072.65,3033.81
2024-10-27,0.3906,0.7829,0.3856,0.3895,3138.79,3141.14
2024-10-28,0.3806,0.1,0.3908,0.3913,3160.13,3137.3
2024-10-31,0.4013,0.1632,0.391,0.3934,3115.96,3132.82
2025-05-05,0.6174,0.7125,0.6262,0.6233,2654.86,2642.28
2025-05-07,0.635,0.3631,0.665,0.6357,2617.31,2615.82
2025-05-09,0.7425,0.1247,0.6888,0.6625,2387.94,2558.63
2025-05-16,0.6108,0.0559,0.5982,0.5886,2668.95,2716.32
2025-05-17,0.5856,0.415,0.605,0.6051,2722.72,2681.11
2025-05-20,0.6187,0.5735,0.5929,0.5979,2652.09,2696.47
2025-05-21,0.5786,0.0824,0.6016,0.6043,2737.65,2682.82
2025-05-22,0.5885,0.5545,0.5901,0.5858,2716.53,2722.29
2025-05-24,0.6204,0.1637,0.5829,0.5724,2648.46,2750.88
2025-05-25,0.5441,0.6114,0.5843,0.572,2811.27,2751.74
2025-06-04,0.4723,0.602,0.4822,0.4964,2964.47,2913.04
2025-06-06,0.5235,0.7342,0.4764,0.4768,2855.22,2954.87
2025-06-07,0.4507,0.1177,0.4764,0.4768,3010.56,2954.87
2025-06-08,0.5223,0.1604,0.4774,0.4785,2857.78,2951.24
2025-06-09,0.4131,0.5636,0.4774,0.4785,3090.78,2951.24
2025-06-20,0.5837,0.0545,0.5459,0.5403,2726.77,2819.37
2025-06-22,0.5081,0.0736,0.5459,0.5403,2888.08,2819.37
2025-06-26,0.4118,0.8414,0.4362,0.4224,3093.56,3070.94
2025-06-28,0.4605,0.2338,0.4362,0.4224,2989.64,3070.94
2025-07-06,0.3821,0.5749,0.4036,0.3973,3156.93,3124.5
2025-07-08,0.4251,0.3159,0.3775,0.3662,3065.18,3190.85
2025-07-11,0.3254,0.6806,0.3515,0.3542,3277.91,3216.46
2025-07-12,0.3047,0.1,0.3331,0.3391,3322.08,3248.68
2025-07-13,0.3918,0.408,0.3331,0.3391,3136.23,3248.68
2025-07-14,0.3104,0.3019,0.3331,0.3391,3309.92,3248.68
2025-07-18,0.381,0.2658,0.381,0.381,3159.28,3159.28
2025-07-23,0.3712,0.3924,0.3336,0.3116,3180.19,3307.36
2025-07-24,0.2776,0.2875,0.3164,0.3071,3379.9,3316.96
2025-07-25,0.4134,0.0838,0.3155,0.308,3090.14,3315.04
2025-07-26,0.2722,0.5628,0.3053,0.2995,3391.42,3333.17
2025-07-27,0.2478,0.1,0.3078,0.2904,3443.49,3352.59
2025-07-28,0.3109,0.4706,0.304,0.2795,3308.85,3375.85
2025-07-29,0.244,0.2929,0.2741,0.2726,3451.6,3390.57
2025-07-30,0.3885,0.1198,0.2749,0.2737,3143.27,3388.22
2025-07-31,0.2509,0.7487,0.2699,0.2695,3436.87,3397.19
2025-08-01,0.2045,0.0662,0.2756,0.2653,3535.88,3406.15
2025-08-02,0.2774,0.427,0.2732,0.2559,3380.33,3426.2
2025-08-03,0.213,0.204,0.2473,0.2475,3517.74,3444.13
2025-08-04,0.3512,0.1371,0.2489,0.2503,3222.86,3438.15
2025-08-05,0.2272,0.7764,0.2563,0.2516,3487.44,3435.38
2025-08-06,0.2069,0.0949,0.2521,0.2456,3530.76,3448.18
2025-08-07,0.2622,0.6088,0.2559,0.2449,3412.76,3449.68
2025-08-10,0.2321,0.598,0.2369,0.2472,3476.99,3444.77
2025-08-11,0.2145,0.0743,0.2536,0.2526,3514.54,3433.25
2025-08-12,0.2705,0.4219,0.2455,0.2408,3395.05,3458.42
2025-08-13,0.205,0.1783,0.2455,0.2408,3534.81,3458.42
2025-08-14,0.3457,0.1721,0.2481,0.2448,3234.6,3449.89
2025-08-15,0.205,0.4749,0.2482,0.2436,3534.81,3452.45
2025-08-18,0.2149,0.1283,0.2479,0.235,3513.69,3470.8
2025-08-19,0.3238,0.1898,0.2764,0.2872,3281.32,3359.42
2025-08-22,0.2905,0.6937,0.287,0.2876,3352.38,3358.57
2025-08-23,0.2114,0.1981,0.2747,0.2812,3521.15,3372.22
2025-08-24,0.3222,0.1804,0.2747,0.2812,3284.74,3372.22
2025-08-28,0.1902,0.182,0.2495,0.2143,3566.39,3514.97
2025-08-29,0.2984,0.1795,0.2495,0.2143,3335.52,3514.97
2025-08-30,0.1722,0.5465,0.2495,0.2143,3604.8,3514.97
2025-08-31,0.3372,0.1,0.2495,0.2143,3252.73,3514.97
2025-09-05,0.3872,0.0941,0.3004,0.237,3146.05,3466.53
2025-09-06,0.2136,0.605,0.3004,0.237,3516.46,3466.53
2025-09-11,0.3217,0.4252,0.3026,0.3005,3285.81,3331.04
2025-09-14,0.2835,0.5322,0.2734,0.2934,3367.31,3346.19
2025-09-17,0.215,0.0864,0.2493,0.2739,3513.47,3387.8
2025-09-22,0.3835,0.079,0.3996,0.3574,3153.94,3209.63
2025-09-23,0.4417,0.2252,0.3996,0.3574,3029.76,3209.63
2025-09-24,0.2929,0.5163,0.3996,0.3574,3347.26,3209.63
2025-09-25,0.4804,0.1,0.3996,0.3574,2947.18,3209.63
2025-10-01,0.366,0.8453,0.3312,0.3366,3191.28,3254.01
2025-10-03,0.3681,0.2578,0.3652,0.3442,3186.8,3237.8
2025-10-04,0.2594,0.4277,0.3268,0.3377,3418.74,3251.67
2025-10-05,0.4675,0.0941,0.3115,0.3049,2974.71,3321.65
2025-10-07,0.1732,0.0633,0.2974,0.2853,3602.66,3363.47
2025-10-08,0.2895,0.2446,0.3101,0.3129,3354.51,3304.58
2025-10-17,0.3484,0.0581,0.3824,0.4056,3228.83,3106.79
2025-10-18,0.4164,0.3072,0.3824,0.4056,3083.74,3106.79
2025-10-22,0.3814,0.0802,0.3814,0.3814,3158.42,3158.42
2025-10-31,0.3912,0.6881,0.3912,0.3912,3137.51,3137.51
