date,meanNIR,MODIS_weight_final,meanNIR_smooth_weighted,predicted_SLA_raw_WLS,predicted_SLA_smoothed_WLS
2000-05-04,0.8489,0.3139,0.8489,3197.43,3197.43
2000-05-09,0.8604,0.5384,0.8604,3183.16,3183.16
2000-05-21,0.7478,0.4194,0.7478,3322.94,3322.94
2000-06-07,0.6925,0.1947,0.6925,3391.59,3391.59
2000-06-12,0.7241,0.2792,0.6702,3352.36,3419.27
2000-06-13,0.6375,0.4598,0.6608,3459.86,3430.94
2000-06-16,0.6132,0.1471,0.6157,3490.03,3486.92
2000-06-17,0.5965,0.5024,0.6003,3510.76,3506.04
2000-06-22,0.739,0.3375,0.6973,3333.86,3385.63
2000-06-25,0.5955,0.1381,0.6627,3512.0,3428.58
2000-06-28,0.6153,0.3479,0.6097,3487.42,3494.37
2000-07-03,0.5253,0.5679,0.5253,3599.15,3599.15
2000-07-09,0.5837,0.1992,0.4935,3526.65,3638.62
2000-07-11,0.4199,0.1653,0.4835,3729.99,3651.04
2000-07-12,0.4803,0.442,0.472,3655.01,3665.31
2000-07-14,0.4664,0.4683,0.4424,3672.26,3702.06
2000-07-15,0.4268,0.3235,0.4443,3721.42,3699.7
2000-07-16,0.4397,0.2129,0.4341,3705.41,3712.36
2000-07-17,0.4092,0.5603,0.4341,3743.27,3712.36
2000-07-22,0.3415,0.2575,0.3653,3827.31,3797.77
2000-07-25,0.3989,0.1822,0.3434,3756.06,3824.95
2000-07-26,0.3383,0.7265,0.3349,3831.29,3835.51
2000-07-28,0.3308,0.4693,0.3279,3840.6,3844.2
2000-07-29,0.2957,0.3096,0.3224,3884.17,3851.02
2000-07-30,0.3224,0.3823,0.3158,3851.02,3859.22
2000-07-31,0.3016,0.373,0.3158,3876.84,3859.22
2000-08-01,0.3251,0.2178,0.3104,3847.67,3865.92
2000-08-05,0.3344,0.2357,0.3344,3836.13,3836.13
2000-08-20,0.339,0.6407,0.3371,3830.42,3832.77
2000-08-23,0.3336,0.3402,0.3371,3837.12,3832.77
2000-09-04,0.5654,0.1595,0.4655,3549.37,3673.38
2000-09-05,0.478,0.5578,0.4655,3657.86,3673.38
2000-09-06,0.3951,0.1903,0.515,3760.77,3611.93
2000-09-07,0.4356,0.3188,0.515,3710.5,3611.93
2000-09-09,0.6626,0.4118,0.4963,3428.7,3635.15
2000-09-11,0.5347,0.2118,0.5229,3587.48,3602.13
2000-09-12,0.4506,0.8303,0.5229,3691.88,3602.13
2000-09-18,0.5468,0.2166,0.5148,3572.46,3612.18
2000-09-19,0.5024,0.5609,0.5148,3627.57,3612.18
2000-09-28,0.7934,0.7394,0.7934,3266.33,3266.33
2000-10-02,0.7786,0.5074,0.7446,3284.7,3326.91
2000-10-03,0.7336,0.4115,0.7451,3340.57,3326.29
2000-10-04,0.7675,0.3098,0.7329,3298.48,3341.43
2000-10-05,0.7126,0.6179,0.7329,3366.63,3341.43
2000-10-06,0.7526,0.125,0.7216,3316.98,3355.46
2000-10-07,0.6919,0.5899,0.7186,3392.33,3359.19
2000-10-14,0.7689,0.6694,0.7436,3296.74,3328.15
2000-10-15,0.7106,0.1552,0.7436,3369.12,3328.15
2000-10-17,0.6821,0.1914,0.7306,3404.5,3344.29
2000-10-19,0.6992,0.4211,0.6939,3383.27,3389.85
2000-10-25,0.7023,0.4388,0.7135,3379.42,3365.52
2000-10-26,0.7261,0.3874,0.7135,3349.88,3365.52
2001-05-06,0.7991,0.3765,0.8081,3259.26,3248.08
2001-05-07,0.8186,0.3233,0.8081,3235.05,3248.08
2001-05-12,0.8536,0.6851,0.8536,3191.6,3191.6
2001-05-22,0.7954,0.4342,0.8158,3263.85,3238.52
2001-05-25,0.8546,0.2284,0.8158,3190.36,3238.52
2001-05-29,0.8131,0.242,0.8157,3241.88,3238.65
2001-06-01,0.8192,0.1844,0.7795,3234.3,3283.59
2001-06-04,0.7591,0.7577,0.7709,3308.91,3294.26
2001-06-13,0.6759,0.5643,0.6574,3412.19,3435.16
2001-06-14,0.6181,0.2665,0.6574,3483.95,3435.16
2001-07-04,0.5587,0.7999,0.5687,3557.68,3545.27
2001-07-06,0.5788,0.7864,0.5687,3532.73,3545.27
2001-07-11,0.6488,0.4234,0.6488,3445.84,3445.84
2001-07-15,0.5051,0.4236,0.4987,3624.22,3632.17
2001-07-16,0.4723,0.3482,0.4987,3664.94,3632.17
2001-07-17,0.5131,0.4492,0.4987,3614.29,3632.17
2001-07-22,0.4363,0.913,0.4213,3709.63,3728.25
2001-07-25,0.3757,0.3011,0.4131,3784.86,3738.43
2001-07-26,0.4688,0.2247,0.3978,3669.28,3757.42
2001-07-27,0.3772,0.6511,0.3879,3783.0,3769.71
2001-07-28,0.4171,0.2118,0.4051,3733.46,3748.36
2001-07-30,0.2911,0.1417,0.4012,3889.88,3753.2
2001-07-31,0.4697,0.4065,0.4217,3668.17,3727.75
2001-08-04,0.4029,0.3226,0.3637,3751.09,3799.75
2001-08-05,0.3452,0.7222,0.3637,3822.72,3799.75
2001-08-06,0.3673,0.1846,0.3637,3795.28,3799.75
2001-08-12,0.2993,0.6212,0.2858,3879.7,3896.46
2001-08-13,0.3309,0.251,0.3009,3840.47,3877.71
2001-08-14,0.2625,0.8479,0.3023,3925.38,3875.97
2001-08-16,0.3685,0.3864,0.3149,3793.8,3860.33
2001-08-17,0.3138,0.2456,0.3127,3861.7,3863.06
2001-08-18,0.3768,0.3223,0.3572,3783.49,3807.82
2001-08-27,0.388,0.3271,0.3235,3769.59,3849.66
2001-08-28,0.323,0.5548,0.3235,3850.28,3849.66
2001-08-29,0.3653,0.1898,0.4161,3797.77,3734.71
2001-08-30,0.2864,0.7747,0.4235,3895.71,3725.52
2001-09-01,0.6444,0.7491,0.4573,3451.3,3683.56
2001-09-02,0.4913,0.284,0.4886,3641.35,3644.7
2001-09-05,0.6591,0.2293,0.5429,3433.05,3577.3
2001-09-06,0.5236,0.6235,0.56,3601.26,3556.07
2001-09-10,0.7806,0.5255,0.6954,3282.22,3387.99
2001-09-11,0.6488,0.3025,0.6954,3445.84,3387.99
2001-09-12,0.6197,0.405,0.6633,3481.96,3427.84
2001-09-15,0.6184,0.8826,0.6312,3483.57,3467.68
2001-09-17,0.6728,0.3836,0.6349,3416.04,3463.09
2001-09-21,0.57,0.3072,0.6937,3543.66,3390.1
2001-09-24,0.7449,0.7416,0.6851,3326.54,3400.77
2001-09-25,0.6429,0.2125,0.7222,3453.16,3354.72
2001-10-01,0.747,0.6928,0.7042,3323.93,3377.06
2001-10-03,0.6648,0.3794,0.6962,3425.97,3386.99
2001-10-04,0.6413,0.2332,0.6962,3455.15,3386.99
2001-10-05,0.6696,0.3934,0.692,3420.01,3392.21
2001-10-08,0.7391,0.6569,0.7108,3333.74,3368.87
2001-10-09,0.7661,0.1307,0.7212,3300.22,3355.96
2001-10-10,0.7092,0.5817,0.7131,3370.86,3366.01
2001-10-11,0.6654,0.1909,0.7131,3425.23,3366.01
2001-10-13,0.6786,0.3653,0.6941,3408.84,3389.6
2001-10-16,0.7115,0.1356,0.6558,3368.0,3437.15
2001-10-17,0.6252,0.5192,0.6362,3475.13,3461.48
2001-10-20,0.6174,0.2398,0.63,3484.81,3469.17
2001-10-21,0.6485,0.2988,0.6347,3446.21,3463.34
2001-10-26,0.6327,0.5736,0.6302,3465.82,3468.92
2001-10-27,0.5652,0.1557,0.6302,3549.61,3468.92
2001-10-28,0.6494,0.4502,0.6302,3445.09,3468.92
2002-05-01,0.8598,0.3985,0.8698,3183.9,3171.49
2002-05-04,0.8765,0.5896,0.8645,3163.17,3178.07
2002-05-07,0.8399,0.2112,0.8651,3208.61,3177.32
2002-05-09,0.8598,0.2674,0.851,3183.9,3194.83
2002-05-13,0.8599,0.926,0.8182,3183.78,3235.54
2002-05-14,0.7584,0.2157,0.8182,3309.78,3235.54
2002-05-15,0.8122,0.7381,0.8182,3242.99,3235.54
2002-05-16,0.7576,0.3519,0.8182,3310.77,3235.54
2002-05-20,0.8417,0.7352,0.8417,3206.37,3206.37
2002-05-25,0.8247,0.4366,0.7722,3227.48,3292.65
2002-05-26,0.7907,0.2987,0.7722,3269.68,3292.65
2002-05-27,0.7238,0.5887,0.7722,3352.73,3292.65
2002-06-04,0.7845,0.1853,0.7845,3277.38,3277.38
2002-06-09,0.745,0.3153,0.6994,3326.41,3383.02
2002-06-10,0.6754,0.3818,0.6994,3412.81,3383.02
2002-06-11,0.6849,0.3579,0.6994,3401.02,3383.02
2002-06-16,0.727,0.4765,0.7067,3348.76,3373.96
2002-06-17,0.6622,0.2172,0.7067,3429.2,3373.96
2002-06-22,0.7746,0.1823,0.7274,3289.67,3348.26
2002-06-25,0.7103,0.5049,0.7115,3369.49,3368.0
2002-06-26,0.6832,0.385,0.6986,3403.13,3384.01
2002-07-07,0.65,0.5873,0.6443,3444.35,3451.42
2002-07-08,0.6368,0.143,0.6443,3460.73,3451.42
2002-07-09,0.6413,0.7444,0.6443,3455.15,3451.42
2002-07-14,0.5876,0.4592,0.5876,3521.81,3521.81
2002-07-19,0.5355,0.2919,0.5487,3586.48,3570.1
2002-07-20,0.5787,0.303,0.5487,3532.86,3570.1
2002-07-21,0.5382,0.497,0.5487,3583.13,3570.1
2002-07-27,0.5864,0.3846,0.5667,3523.3,3547.75
2002-07-29,0.5329,0.2233,0.5667,3589.71,3547.75
2002-08-12,0.4327,0.6227,0.4201,3714.1,3729.74
2002-08-13,0.399,0.3845,0.4201,3755.93,3729.74
2002-08-14,0.4207,0.336,0.4201,3728.99,3729.74
2002-08-24,0.5296,0.515,0.5229,3593.81,3602.13
2002-08-25,0.5037,0.1799,0.5229,3625.96,3602.13
2002-08-29,0.671,0.3342,0.671,3418.28,3418.28
2002-09-04,0.6857,0.5434,0.6857,3400.03,3400.03
2002-09-14,0.7534,0.3652,0.7534,3315.99,3315.99
2002-09-20,0.8013,0.7448,0.7581,3256.52,3310.15
2002-09-22,0.7617,0.453,0.7274,3305.68,3348.26
2002-09-23,0.6852,0.4639,0.7274,3400.65,3348.26
2002-09-25,0.6043,0.4136,0.6861,3501.08,3399.53
2002-09-29,0.5802,0.5534,0.5802,3530.99,3530.99
2002-10-07,0.6532,0.3328,0.6532,3440.37,3440.37
2002-10-11,0.6426,0.6209,0.6426,3453.53,3453.53
2002-10-17,0.7876,0.3941,0.7305,3273.53,3344.41
2002-10-18,0.716,0.5338,0.7305,3362.41,3344.41
2002-10-19,0.779,0.1491,0.7367,3284.21,3336.72
2002-10-20,0.703,0.8002,0.7367,3378.55,3336.72
2002-10-22,0.7566,0.5884,0.7309,3312.01,3343.92
2002-10-28,0.8145,0.1741,0.8145,3240.14,3240.14
2003-05-01,0.7746,0.2191,0.806,3289.67,3250.69
2003-05-02,0.8257,0.7202,0.8071,3226.23,3249.32
2003-05-04,0.7852,0.3527,0.8071,3276.51,3249.32
2003-05-05,0.812,0.284,0.8123,3243.24,3242.87
2003-05-10,0.7305,0.272,0.7572,3344.41,3311.27
2003-05-11,0.7748,0.3663,0.7572,3289.42,3311.27
2003-05-13,0.7603,0.2647,0.7501,3307.42,3320.08
2003-05-15,0.7224,0.2299,0.7427,3354.47,3329.27
2003-05-21,0.6733,0.3974,0.6932,3415.42,3390.72
2003-05-23,0.7167,0.5662,0.6774,3361.55,3410.33
2003-05-24,0.6624,0.1764,0.6774,3428.95,3410.33
2003-05-25,0.6566,0.8679,0.6784,3436.15,3409.09
2003-06-02,0.74,0.1861,0.8125,3332.62,3242.62
2003-06-05,0.8507,0.3531,0.7814,3195.2,3281.23
2003-06-06,0.7876,0.3143,0.7892,3273.53,3271.54
2003-06-07,0.7228,0.3202,0.7353,3353.97,3338.46
2003-06-10,0.6615,0.7195,0.6694,3430.07,3420.26
2003-06-11,0.6033,0.1725,0.6599,3502.32,3432.06
2003-06-14,0.684,0.3575,0.6135,3402.14,3489.66
2003-06-16,0.62,0.1948,0.6322,3481.59,3466.44
2003-06-17,0.5762,0.6617,0.6256,3535.96,3474.64
2003-06-19,0.6663,0.6129,0.611,3424.11,3492.76
2003-06-20,0.58,0.2637,0.6236,3531.24,3477.12
2003-06-21,0.6,0.3972,0.6441,3506.41,3451.67
2003-06-23,0.725,0.2577,0.6498,3351.24,3444.59
2003-06-25,0.7851,0.1392,0.7461,3276.63,3325.05
2003-07-03,0.5754,0.7126,0.5254,3536.95,3599.02
2003-07-04,0.4623,0.2089,0.5254,3677.35,3599.02
2003-07-05,0.5093,0.4741,0.5254,3619.01,3599.02
2003-07-06,0.4575,0.2192,0.5842,3683.31,3526.03
2003-07-09,0.9,0.3008,0.6024,3134.0,3503.44
2003-07-10,0.6177,0.7993,0.6193,3484.44,3482.46
2003-07-11,0.6284,0.1228,0.5977,3471.16,3509.27
2003-07-12,0.4913,0.658,0.5759,3641.35,3536.33
2003-07-14,0.5037,0.4322,0.4853,3625.96,3648.8
2003-07-15,0.3576,0.2309,0.477,3807.33,3659.11
2003-07-18,0.5292,0.1269,0.4333,3594.3,3713.35
2003-07-21,0.444,0.4984,0.4613,3700.07,3678.59
2003-08-01,0.4426,0.37,0.4441,3701.81,3699.95
2003-08-03,0.4467,0.2075,0.4441,3696.72,3699.95
2003-08-07,0.4377,0.2378,0.4377,3707.89,3707.89
2003-08-13,0.4153,0.7628,0.3965,3735.7,3759.04
2003-08-14,0.4049,0.175,0.3944,3748.61,3761.64
2003-08-16,0.3613,0.4481,0.3856,3802.73,3772.57
2003-08-17,0.3833,0.2668,0.3626,3775.42,3801.12
2003-08-18,0.3574,0.5132,0.3591,3807.57,3805.46
2003-08-20,0.3515,0.8665,0.3585,3814.9,3806.21
2003-08-21,0.359,0.1631,0.3543,3805.59,3811.42
2003-08-25,0.464,0.3327,0.3768,3675.24,3783.49
2003-08-26,0.3692,0.2735,0.3768,3792.93,3783.49
2003-08-27,0.3464,0.8117,0.3768,3821.23,3783.49
2003-08-28,0.3634,0.1638,0.3952,3800.13,3760.65
2003-08-31,0.4456,0.5761,0.3636,3698.08,3799.88
2003-09-01,0.3304,0.4494,0.3636,3841.09,3799.88
2003-09-02,0.3667,0.275,0.3636,3796.03,3799.88
2003-09-03,0.2979,0.5056,0.3636,3881.44,3799.88
2003-09-09,0.6535,0.3678,0.5392,3440.0,3581.89
2003-09-10,0.4596,0.3778,0.5392,3680.71,3581.89
2003-09-11,0.4862,0.2253,0.6463,3647.68,3448.94
2003-09-14,0.7899,0.7239,0.7178,3270.68,3360.18
2003-09-19,0.8368,0.3623,0.808,3212.45,3248.21
2003-09-20,0.8564,0.2186,0.808,3188.12,3248.21
2003-09-21,0.7845,0.8922,0.7895,3277.38,3271.17
2003-09-24,0.6957,0.2909,0.7361,3387.61,3337.46
2003-09-25,0.7361,0.4078,0.705,3337.46,3376.07
2003-09-26,0.6775,0.3764,0.705,3410.21,3376.07
2003-09-27,0.7061,0.3125,0.705,3374.7,3376.07
2003-10-04,0.8454,0.1996,0.7792,3201.78,3283.96
2003-10-06,0.6757,0.1277,0.7792,3412.44,3283.96
2003-10-13,0.7515,0.2825,0.7132,3318.34,3365.89
2003-10-14,0.6868,0.6238,0.7132,3398.66,3365.89
2003-10-15,0.7589,0.1242,0.7132,3309.16,3365.89
2003-10-30,0.6307,0.716,0.6307,3468.3,3468.3
2004-05-02,0.847,0.884,0.834,3199.79,3215.93
2004-05-05,0.7791,0.2095,0.834,3284.08,3215.93
2004-05-14,0.7986,0.4061,0.7986,3259.88,3259.88
2004-05-18,0.859,0.8103,0.867,3184.9,3174.97
2004-05-20,0.8776,0.6051,0.8435,3161.81,3204.14
2004-05-22,0.8327,0.4587,0.8141,3217.54,3240.63
2004-05-23,0.7669,0.3688,0.8141,3299.23,3240.63
2004-05-25,0.7609,0.5538,0.7863,3306.68,3275.14
2004-06-05,0.7813,0.7545,0.7813,3281.35,3281.35
2004-06-12,0.8347,0.5942,0.7682,3215.06,3297.61
2004-06-13,0.6876,0.2448,0.7492,3397.67,3321.2
2004-06-14,0.7213,0.421,0.7492,3355.83,3321.2
2004-06-16,0.6688,0.2985,0.6812,3421.01,3405.61
2004-06-18,0.6672,0.191,0.6634,3422.99,3427.71
2004-06-19,0.6591,0.5493,0.6634,3433.05,3427.71
2004-07-02,0.8066,0.4017,0.7505,3249.94,3319.59
2004-07-03,0.6969,0.421,0.7505,3386.12,3319.59
2004-07-07,0.5709,0.5436,0.5939,3542.54,3513.99
2004-07-10,0.625,0.4013,0.5972,3475.38,3509.89
2004-07-11,0.6135,0.1894,0.5695,3489.66,3544.28
2004-07-14,0.5311,0.7987,0.5469,3591.95,3572.33
2004-07-20,0.6867,0.1343,0.6467,3398.79,3448.44
2004-07-21,0.6358,0.4907,0.6467,3461.97,3448.44
2004-07-30,0.4749,0.7046,0.4537,3661.71,3688.03
2004-07-31,0.4244,0.2116,0.4537,3724.4,3688.03
2004-08-01,0.4636,0.5883,0.4537,3675.74,3688.03
2004-08-02,0.4114,0.3444,0.4656,3740.54,3673.26
2004-08-05,0.5765,0.198,0.4717,3535.59,3665.68
2004-08-10,0.4277,0.4581,0.4277,3720.31,3720.31
2004-08-14,0.5685,0.1786,0.4784,3545.52,3657.37
2004-08-15,0.4858,0.7407,0.4511,3648.18,3691.26
2004-08-16,0.443,0.2197,0.4511,3701.31,3691.26
2004-08-17,0.4479,0.4504,0.4511,3695.23,3691.26
2004-08-18,0.3524,0.4401,0.4398,3813.78,3705.28
2004-08-23,0.3611,0.2161,0.3611,3802.98,3802.98
2004-08-27,0.3662,0.4765,0.3429,3796.65,3825.57
2004-08-28,0.3853,0.3167,0.3429,3772.94,3825.57
2004-08-29,0.2906,0.4699,0.3429,3890.5,3825.57
2004-09-04,0.6909,0.2982,0.6909,3393.57,3393.57
2004-09-08,0.6873,0.1754,0.6873,3398.04,3398.04
2004-09-12,0.777,0.4317,0.7546,3286.69,3314.5
2004-09-13,0.7865,0.2766,0.7218,3274.9,3355.21
2004-09-14,0.7342,0.5841,0.7218,3339.82,3355.21
2004-09-15,0.7153,0.1671,0.7372,3363.28,3336.1
2004-09-16,0.6645,0.8348,0.7211,3426.35,3356.08
2004-09-18,0.809,0.4932,0.687,3246.97,3398.41
2004-09-19,0.6698,0.405,0.6847,3419.77,3401.27
2004-09-20,0.6821,0.361,0.6929,3404.5,3391.09
2004-09-21,0.626,0.6107,0.6771,3474.14,3410.7
2004-09-22,0.6749,0.1779,0.6402,3413.43,3456.51
2004-09-24,0.5241,0.2116,0.5851,3600.64,3524.91
2004-09-26,0.4885,0.2905,0.4951,3644.83,3636.64
2004-09-28,0.4771,0.4157,0.4647,3658.98,3674.37
2004-09-29,0.5057,0.304,0.4647,3623.48,3674.37
2004-09-30,0.4314,0.7357,0.46,3715.71,3680.21
2004-10-05,0.6652,0.2624,0.6266,3425.48,3473.39
2004-10-07,0.61,0.6099,0.6266,3494.0,3473.39
2004-10-11,0.7533,0.6942,0.7813,3316.11,3281.35
2004-10-13,0.909,0.3727,0.7813,3122.83,3281.35
2004-10-14,0.7108,0.3984,0.7813,3368.87,3281.35
2004-10-22,0.7251,0.3276,0.6402,3351.12,3456.51
2004-10-23,0.6439,0.511,0.6308,3451.92,3468.18
2004-10-25,0.5972,0.6924,0.6299,3509.89,3469.3
2004-10-26,0.5462,0.1697,0.6324,3573.2,3466.19
2004-10-27,0.6276,0.6586,0.6293,3472.15,3470.04
2004-10-29,0.7337,0.3593,0.6578,3340.44,3434.66
2004-10-31,0.7072,0.235,0.7232,3373.34,3353.48
2005-05-06,0.7999,0.2158,0.7999,3258.26,3258.26
2005-05-10,0.8263,0.5437,0.8019,3225.49,3255.78
2005-05-11,0.8229,0.3108,0.8019,3229.71,3255.78
2005-05-12,0.7754,0.7453,0.8019,3288.68,3255.78
2005-05-17,0.7836,0.4415,0.7776,3278.5,3285.94
2005-05-18,0.801,0.401,0.7624,3256.9,3304.81
2005-05-19,0.7565,0.5685,0.7521,3312.14,3317.6
2005-05-21,0.7253,0.5805,0.7353,3350.87,3338.46
2005-05-22,0.6506,0.2023,0.7222,3443.6,3354.72
2005-05-23,0.7117,0.6581,0.7086,3367.75,3371.6
2005-05-29,0.6767,0.1711,0.7605,3411.2,3307.17
2005-05-30,0.7849,0.589,0.7605,3276.88,3307.17
2005-06-08,0.7393,0.6901,0.6909,3333.49,3393.57
2005-06-10,0.6799,0.355,0.6909,3407.23,3393.57
2005-06-11,0.5976,0.3164,0.6909,3509.39,3393.57
2005-06-19,0.6902,0.2482,0.6902,3394.44,3394.44
2005-06-28,0.7662,0.2046,0.6587,3300.1,3433.55
2005-06-29,0.6521,0.414,0.6535,3441.74,3440.0
2005-07-01,0.6318,0.7157,0.6443,3466.94,3451.42
2005-07-02,0.6041,0.142,0.6293,3501.33,3470.04
2005-07-04,0.6094,0.3881,0.6279,3494.75,3471.78
2005-07-07,0.6609,0.2362,0.6173,3430.81,3484.94
2005-07-08,0.6218,0.6499,0.6194,3479.35,3482.33
2005-07-10,0.6008,0.614,0.6194,3505.42,3482.33
2005-07-16,0.5366,0.1665,0.5366,3585.12,3585.12
2005-07-20,0.5924,0.2333,0.52,3515.85,3605.73
2005-07-21,0.5405,0.3663,0.504,3580.28,3625.59
2005-07-22,0.481,0.5737,0.504,3654.14,3625.59
2005-07-23,0.5097,0.1922,0.504,3618.51,3625.59
2005-07-24,0.4745,0.7447,0.493,3662.21,3639.24
2005-07-28,0.4653,0.4077,0.4271,3673.63,3721.05
2005-07-31,0.4053,0.7165,0.4271,3748.11,3721.05
2005-08-06,0.3952,0.381,0.3772,3760.65,3783.0
2005-08-07,0.3631,0.665,0.378,3800.5,3782.0
2005-08-09,0.38,0.9016,0.378,3779.52,3782.0
2005-08-10,0.3914,0.1223,0.3814,3765.37,3777.78
2005-08-13,0.4079,0.4579,0.369,3744.88,3793.17
2005-08-14,0.3583,0.4177,0.3674,3806.46,3795.16
2005-08-15,0.4054,0.1653,0.3635,3747.99,3800.0
2005-08-16,0.3382,0.7173,0.3635,3831.41,3800.0
2005-08-18,0.3523,0.6226,0.3514,3813.91,3815.02
2005-08-23,0.4094,0.6174,0.4049,3743.02,3748.61
2005-08-24,0.3931,0.2373,0.4049,3763.26,3748.61
2005-08-31,0.752,0.2656,0.5777,3317.72,3534.1
2005-09-01,0.4714,0.4356,0.5777,3666.06,3534.1
2005-09-06,0.8155,0.4437,0.8039,3238.9,3253.3
2005-09-07,0.8439,0.3988,0.8039,3203.64,3253.3
2005-09-08,0.7635,0.5674,0.8039,3303.45,3253.3
2005-09-09,0.8189,0.1243,0.8039,3234.68,3253.3
2005-09-15,0.6373,0.5493,0.6392,3460.11,3457.75
2005-09-16,0.643,0.2642,0.6392,3453.04,3457.75
2005-09-22,0.4173,0.3097,0.4173,3733.22,3733.22
2005-10-06,0.6485,0.2616,0.7356,3446.21,3338.08
2005-10-07,0.6901,0.4467,0.7467,3394.57,3324.3
2005-10-09,0.8429,0.4022,0.7467,3204.88,3324.3
2005-10-10,0.7671,0.6058,0.7523,3298.98,3317.35
2005-10-13,0.6364,0.1525,0.7408,3461.23,3331.63
2005-10-21,0.7817,0.7995,0.7701,3280.86,3295.26
2005-10-22,0.7513,0.2702,0.7701,3318.59,3295.26
2005-10-23,0.7876,0.6231,0.7741,3273.53,3290.29
2005-10-24,0.7355,0.4383,0.7741,3338.21,3290.29
2005-10-26,0.7873,0.66,0.7661,3273.9,3300.22
2005-10-28,0.7507,0.9088,0.7661,3319.34,3300.22
2006-05-01,0.8637,0.6443,0.8637,3179.06,3179.06
2006-05-05,0.8519,0.3914,0.8519,3193.71,3193.71
2006-05-11,0.8034,0.353,0.8034,3253.92,3253.92
2006-05-15,0.853,0.502,0.8508,3192.34,3195.08
2006-05-16,0.8446,0.1795,0.8508,3202.77,3195.08
2006-05-20,0.7571,0.4297,0.7524,3311.39,3317.23
2006-05-21,0.7425,0.2025,0.7512,3329.52,3318.72
2006-05-24,0.7498,0.5509,0.7233,3320.46,3353.35
2006-05-25,0.6916,0.1976,0.7205,3392.7,3356.83
2006-05-26,0.7041,0.6395,0.7205,3377.19,3356.83
2006-05-30,0.7606,0.1896,0.6871,3307.05,3398.29
2006-05-31,0.6907,0.6336,0.6871,3393.82,3398.29
2006-06-01,0.6641,0.1615,0.6844,3426.84,3401.64
2006-06-02,0.6675,0.6355,0.6727,3422.62,3416.17
2006-06-04,0.6748,0.4502,0.6561,3413.56,3436.77
2006-06-05,0.618,0.4448,0.6553,3484.07,3437.77
2006-06-13,0.7736,0.4638,0.7736,3290.91,3290.91
2006-06-20,0.6132,0.4827,0.6044,3490.03,3500.95
2006-06-22,0.5834,0.2022,0.6442,3527.02,3451.55
2006-06-25,0.6999,0.4892,0.6658,3382.4,3424.73
2006-06-30,0.5955,0.3882,0.5955,3512.0,3512.0
2006-07-09,0.6273,0.4185,0.6273,3472.52,3472.52
2006-07-13,0.5002,0.4976,0.5002,3630.3,3630.3
2006-07-17,0.5277,0.2682,0.4695,3596.17,3668.42
2006-07-20,0.4364,0.4709,0.4695,3709.51,3668.42
2006-07-26,0.4298,0.2347,0.4298,3717.7,3717.7
2006-07-31,0.3891,0.5018,0.3713,3768.22,3790.32
2006-08-01,0.3678,0.4347,0.3722,3794.66,3789.2
2006-08-02,0.4045,0.1828,0.3597,3749.11,3804.72
2006-08-03,0.3499,0.6325,0.3586,3816.89,3806.08
2006-08-04,0.3812,0.1792,0.3489,3778.03,3818.13
2006-08-05,0.3328,0.8989,0.3407,3838.11,3828.31
2006-08-06,0.3481,0.2795,0.3368,3819.12,3833.15
2006-08-07,0.332,0.5963,0.3285,3839.11,3843.45
2006-08-08,0.3034,0.3869,0.3253,3874.61,3847.42
2006-08-10,0.3106,0.6286,0.3074,3865.67,3869.64
2006-08-11,0.3277,0.2375,0.3013,3844.44,3877.22
2006-08-12,0.2931,0.9495,0.3009,3887.4,3877.71
2006-08-13,0.2754,0.1948,0.3009,3909.37,3877.71
2006-08-17,0.3144,0.3979,0.3098,3860.95,3866.66
2006-08-18,0.3019,0.2318,0.3098,3876.47,3866.66
2006-08-24,0.2564,0.3209,0.2852,3932.95,3897.2
2006-08-25,0.2694,0.2684,0.2776,3916.82,3906.64
2006-08-27,0.3533,0.1984,0.2811,3812.66,3902.29
2006-08-28,0.2651,0.4849,0.2786,3922.15,3905.4
2006-08-30,0.2885,0.6169,0.2718,3893.11,3913.84
2006-08-31,0.245,0.355,0.2637,3947.11,3923.89
2006-09-02,0.2466,0.5467,0.2632,3945.12,3924.51
2006-09-08,0.7563,0.5149,0.7,3312.39,3382.28
2006-09-09,0.6486,0.2609,0.7,3446.08,3382.28
2006-09-10,0.6564,0.3571,0.7035,3436.4,3377.93
2006-09-13,0.7097,0.6386,0.6906,3370.23,3393.95
2006-09-17,0.8184,0.4985,0.7771,3235.3,3286.57
2006-09-18,0.7475,0.4029,0.7771,3323.31,3286.57
2006-09-19,0.7262,0.17,0.7771,3349.75,3286.57
2006-09-28,0.8044,0.2075,0.8044,3252.68,3252.68
2006-10-02,0.7179,0.2876,0.7092,3360.06,3370.86
2006-10-04,0.6994,0.44,0.7026,3383.02,3379.05
2006-10-05,0.7151,0.2987,0.6766,3363.53,3411.32
2006-10-07,0.6583,0.1513,0.6694,3434.04,3420.26
2006-10-08,0.636,0.7551,0.6584,3461.72,3433.92
2006-10-19,0.7817,0.4505,0.7383,3280.86,3334.73
2006-10-20,0.7109,0.4568,0.7424,3368.75,3329.64
2006-10-22,0.7289,0.7406,0.7397,3346.4,3332.99
2006-10-23,0.7837,0.1625,0.73,3278.37,3345.03
2006-10-24,0.7314,0.6045,0.7254,3343.3,3350.75
2006-10-27,0.6874,0.4126,0.7224,3397.92,3354.47
2006-10-28,0.7544,0.281,0.7145,3314.74,3364.28
2007-05-05,0.7604,0.2567,0.778,3307.3,3285.45
2007-05-08,0.7922,0.318,0.8073,3267.82,3249.08
2007-05-10,0.8533,0.2098,0.804,3191.97,3253.17
2007-05-11,0.8188,0.6308,0.804,3234.8,3253.17
2007-05-12,0.7084,0.1667,0.8138,3371.85,3241.01
2007-05-15,0.832,0.3377,0.735,3218.41,3338.83
2007-05-17,0.7281,0.2543,0.7092,3347.39,3370.86
2007-05-18,0.6879,0.5634,0.6996,3397.3,3382.77
2007-05-19,0.6831,0.1697,0.6724,3403.26,3416.54
2007-05-20,0.6694,0.7478,0.6659,3420.26,3424.61
2007-05-21,0.6034,0.2069,0.6597,3502.19,3432.3
2007-05-22,0.6574,0.5388,0.6517,3435.16,3442.24
2007-05-23,0.6161,0.3244,0.6494,3486.43,3445.09
2007-05-26,0.6545,0.1871,0.6301,3438.76,3469.05
2007-06-11,0.8059,0.1933,0.703,3250.81,3378.55
2007-06-14,0.6723,0.6466,0.66,3416.66,3431.93
2007-06-15,0.6194,0.2545,0.6398,3482.33,3457.01
2007-06-16,0.608,0.4972,0.6398,3496.48,3457.01
2007-06-22,0.6213,0.1739,0.5848,3479.97,3525.28
2007-06-23,0.6283,0.6178,0.5848,3471.28,3525.28
2007-06-24,0.5228,0.4058,0.5767,3602.25,3535.34
2007-06-25,0.5503,0.2318,0.5534,3568.11,3564.26
2007-06-27,0.5253,0.2265,0.5176,3599.15,3608.7
2007-06-28,0.5026,0.7582,0.5159,3627.33,3610.82
2007-07-04,0.5774,0.3165,0.5197,3534.47,3606.1
2007-07-05,0.5038,0.7416,0.5298,3625.84,3593.56
2007-07-06,0.4845,0.1823,0.5298,3649.79,3593.56
2007-07-08,0.5858,0.2239,0.5129,3524.04,3614.54
2007-07-10,0.5116,0.4018,0.5286,3616.15,3595.05
2007-07-11,0.5015,0.3432,0.5286,3628.69,3595.05
2007-07-13,0.5533,0.1327,0.514,3564.39,3613.17
2007-07-19,0.436,0.5417,0.4061,3710.0,3747.12
2007-07-20,0.43,0.2758,0.4061,3717.45,3747.12
2007-07-21,0.3759,0.7533,0.4061,3784.61,3747.12
2007-07-25,0.3584,0.6232,0.3394,3806.33,3829.92
2007-07-26,0.3102,0.404,0.3524,3866.17,3813.78
2007-07-29,0.4223,0.1908,0.3589,3727.01,3805.71
2007-07-30,0.3644,0.8094,0.3708,3798.88,3790.94
2007-07-31,0.3177,0.1408,0.3708,3856.86,3790.94
2007-08-01,0.3764,0.5153,0.3708,3783.99,3790.94
2007-08-05,0.3903,0.2258,0.3117,3766.73,3864.31
2007-08-06,0.2956,0.766,0.3117,3884.29,3864.31
2007-08-08,0.3054,0.8519,0.3063,3872.13,3871.01
2007-08-11,0.2834,0.4371,0.2962,3899.44,3883.55
2007-08-12,0.333,0.3314,0.3153,3837.86,3859.84
2007-08-13,0.2617,0.4176,0.3153,3926.38,3859.84
2007-08-15,0.35,0.8766,0.3239,3816.76,3849.16
2007-08-20,0.4315,0.4476,0.4359,3715.59,3710.13
2007-08-21,0.4479,0.1648,0.4359,3695.23,3710.13
2007-08-31,0.3452,0.5743,0.3099,3822.72,3866.54
2007-09-01,0.2831,0.2133,0.3048,3899.81,3872.87
2007-09-02,0.2898,0.7228,0.3048,3891.49,3872.87
2007-09-04,0.2887,0.4828,0.2873,3892.86,3894.6
2007-09-06,0.3195,0.2782,0.2849,3854.62,3897.58
2007-09-07,0.2648,0.4733,0.3208,3922.53,3853.01
2007-09-08,0.2705,0.1345,0.4231,3915.45,3726.02
2007-09-10,0.6673,0.1417,0.4396,3422.87,3705.53
2007-09-11,0.5897,0.5378,0.5727,3519.2,3540.3
2007-09-12,0.4225,0.4357,0.6037,3726.76,3501.82
2007-09-14,0.7059,0.6269,0.5988,3374.95,3507.9
2007-09-15,0.6593,0.2421,0.5917,3432.8,3516.72
2007-09-18,0.5667,0.5665,0.51,3547.75,3618.14
2007-09-19,0.4459,0.3249,0.4757,3697.71,3660.72
2007-09-20,0.4612,0.4041,0.4416,3678.72,3703.05
2007-09-21,0.433,0.3605,0.4416,3713.73,3703.05
2007-09-22,0.378,0.2108,0.4056,3782.0,3747.74
2007-09-23,0.3463,0.669,0.3976,3821.35,3757.67
2007-09-27,0.7376,0.5812,0.7243,3335.6,3352.11
2007-09-28,0.7131,0.3257,0.7164,3366.01,3361.92
2007-09-29,0.7137,0.3905,0.7164,3365.27,3361.92
2007-10-01,0.672,0.2296,0.6742,3417.04,3414.3
2007-10-04,0.633,0.6709,0.6306,3465.45,3468.43
2007-10-05,0.602,0.3486,0.6254,3503.93,3474.88
2007-10-06,0.6425,0.4177,0.6254,3453.66,3474.88
2007-10-07,0.6149,0.3851,0.6254,3487.92,3474.88
2007-10-12,0.5705,0.1878,0.5705,3543.04,3543.04
2007-10-17,0.8704,0.1881,0.7681,3170.74,3297.74
2007-10-18,0.7691,0.9321,0.7597,3296.5,3308.17
2007-10-19,0.7149,0.2103,0.7595,3363.78,3308.41
2007-10-20,0.7563,0.7553,0.7531,3312.39,3316.36
2007-10-21,0.7096,0.3527,0.7499,3370.36,3320.33
2007-10-22,0.7582,0.4016,0.7426,3310.03,3329.39
2007-10-23,0.7107,0.4245,0.7452,3368.99,3326.17
2007-10-24,0.7905,0.3002,0.7395,3269.93,3333.24
2007-10-29,0.7794,0.617,0.7501,3283.71,3320.08
2007-10-30,0.6868,0.2861,0.7501,3398.66,3320.08
2008-05-01,0.8589,0.2544,0.8589,3185.02,3185.02
2008-05-08,0.864,0.6014,0.8519,3178.69,3193.71
2008-05-11,0.8381,0.5247,0.8519,3210.84,3193.71
2008-05-18,0.7864,0.5197,0.7864,3275.02,3275.02
2008-05-22,0.7558,0.6136,0.7379,3313.01,3335.23
2008-05-23,0.689,0.2238,0.7379,3395.93,3335.23
2008-06-04,0.8567,0.1602,0.8037,3187.75,3253.54
2008-06-05,0.7896,0.6012,0.8037,3271.05,3253.54
2008-06-15,0.6864,0.1085,0.7118,3399.16,3367.63
2008-06-16,0.7168,0.5491,0.7118,3361.42,3367.63
2008-06-27,0.6321,0.3842,0.6321,3466.57,3466.57
2008-07-05,0.6603,0.5034,0.6504,3431.56,3443.85
2008-07-06,0.6343,0.3079,0.6454,3463.84,3450.06
2008-07-09,0.6408,0.8889,0.6137,3455.77,3489.41
2008-07-10,0.576,0.1431,0.6026,3536.21,3503.19
2008-07-11,0.603,0.5215,0.5916,3502.69,3516.84
2008-07-12,0.5569,0.3414,0.5916,3559.92,3516.84
2008-07-13,0.5656,0.3965,0.5838,3549.12,3526.53
2008-07-14,0.534,0.4409,0.5842,3588.35,3526.03
2008-07-16,0.6259,0.6985,0.6126,3474.26,3490.77
2008-07-18,0.7649,0.402,0.6156,3301.71,3487.05
2008-07-19,0.5572,0.3115,0.6055,3559.55,3499.59
2008-07-20,0.5696,0.3571,0.57,3544.15,3543.66
2008-07-21,0.5266,0.3668,0.5662,3597.53,3548.37
2008-07-22,0.5185,0.2468,0.5124,3607.59,3615.16
2008-07-23,0.5007,0.6571,0.5069,3629.68,3621.99
2008-07-24,0.5161,0.1806,0.4968,3610.57,3634.53
2008-07-25,0.4674,0.7602,0.4909,3671.02,3641.85
2008-08-06,0.4161,0.4824,0.421,3734.71,3728.62
2008-08-07,0.417,0.2855,0.4118,3733.59,3740.04
2008-08-08,0.4229,0.554,0.4118,3726.26,3740.04
2008-08-09,0.4342,0.1807,0.4118,3712.24,3740.04
2008-08-10,0.3922,0.699,0.4106,3764.37,3741.53
2008-08-24,0.3117,0.6116,0.3091,3864.31,3867.53
2008-08-26,0.3073,0.8524,0.3079,3869.77,3869.02
2008-08-28,0.305,0.5982,0.3114,3872.62,3864.68
2008-08-30,0.3404,0.2502,0.3231,3828.68,3850.15
2008-09-01,0.3633,0.1953,0.3313,3800.25,3839.97
2008-09-02,0.3215,0.8672,0.3313,3852.14,3839.97
2008-09-08,0.5225,0.2608,0.5225,3602.62,3602.62
2008-09-15,0.6176,0.3131,0.537,3484.57,3584.62
2008-09-16,0.5039,0.5794,0.537,3625.71,3584.62
2008-09-17,0.5049,0.1889,0.537,3624.47,3584.62
2008-09-29,0.6794,0.6194,0.7074,3407.85,3373.09
2008-10-02,0.7374,0.5763,0.7082,3335.85,3372.1
2008-10-04,0.7099,0.5879,0.7235,3369.99,3353.1
2008-10-10,0.7853,0.2756,0.7398,3276.39,3332.87
2008-10-11,0.7248,0.489,0.7274,3351.49,3348.26
2008-10-12,0.7869,0.1426,0.7274,3274.4,3348.26
2008-10-13,0.7202,0.6111,0.7274,3357.2,3348.26
2008-10-14,0.6261,0.1859,0.7162,3474.01,3362.17
2008-10-18,0.727,0.5592,0.717,3348.76,3361.17
2008-10-19,0.7715,0.1317,0.7238,3293.52,3352.73
2008-10-20,0.6972,0.6416,0.7238,3385.75,3352.73
2008-10-22,0.7359,0.7508,0.7227,3337.71,3354.1
2008-10-27,0.746,0.4078,0.695,3325.17,3388.48
2008-10-29,0.6896,0.7286,0.6956,3395.19,3387.74
2008-10-30,0.6318,0.266,0.6956,3466.94,3387.74
2008-10-31,0.6977,0.418,0.6811,3385.13,3405.74
2009-05-04,0.846,0.4519,0.846,3201.03,3201.03
2009-05-09,0.8349,0.7728,0.8349,3214.81,3214.81
2009-05-19,0.6591,0.2923,0.6738,3433.05,3414.8
2009-05-20,0.6844,0.4068,0.6738,3401.64,3414.8
2009-05-30,0.8271,0.659,0.8271,3224.5,3224.5
2009-06-03,0.7256,0.5663,0.712,3350.5,3367.38
2009-06-04,0.6765,0.2175,0.712,3411.45,3367.38
2009-06-20,0.5946,0.3083,0.6039,3513.12,3501.57
2009-06-21,0.6123,0.4788,0.6039,3491.15,3501.57
2009-06-23,0.599,0.2336,0.6039,3507.66,3501.57
2009-07-05,0.6322,0.4464,0.5683,3466.44,3545.77
2009-07-08,0.5041,0.4449,0.5626,3625.46,3552.84
2009-07-11,0.5345,0.1786,0.4885,3587.73,3644.83
2009-07-13,0.394,0.1601,0.4681,3762.14,3670.15
2009-07-31,0.5876,0.2554,0.5876,3521.81,3521.81
2009-08-06,0.379,0.6012,0.379,3780.76,3780.76
2009-08-11,0.49,0.4917,0.6647,3642.97,3426.1
2009-08-13,0.7774,0.7622,0.61,3286.19,3494.0
2009-08-15,0.496,0.6022,0.5994,3635.52,3507.16
2009-08-17,0.4012,0.37,0.4232,3753.2,3725.89
2009-08-19,0.4933,0.2066,0.3922,3638.87,3764.37
2009-08-20,0.3547,0.7338,0.3922,3810.93,3764.37
2009-08-21,0.4322,0.1171,0.3869,3714.72,3770.95
2009-08-22,0.3902,0.7124,0.3757,3766.86,3784.86
2009-08-24,0.3751,0.5,0.3681,3785.6,3794.29
2009-08-25,0.329,0.5466,0.3694,3842.83,3792.68
2009-08-27,0.3602,0.6671,0.3616,3804.1,3802.36
2009-08-28,0.4276,0.1807,0.3567,3720.43,3808.44
2009-09-07,0.3826,0.61,0.3826,3776.29,3776.29
2009-09-24,0.7506,0.3544,0.7555,3319.46,3313.38
2009-09-25,0.8045,0.3312,0.7555,3252.55,3313.38
2009-09-26,0.7048,0.2858,0.7555,3376.32,3313.38
2009-09-30,0.8136,0.8977,0.7832,3241.25,3278.99
2009-10-01,0.6844,0.2058,0.7832,3401.64,3278.99
2009-10-02,0.8154,0.6178,0.7656,3239.02,3300.84
2009-10-03,0.7224,0.4422,0.7656,3354.47,3300.84
2009-10-05,0.6916,0.5138,0.7489,3392.7,3321.57
2009-10-12,0.6536,0.3814,0.6536,3439.88,3439.88
2009-10-16,0.6184,0.8177,0.6231,3483.57,3477.74
2009-10-17,0.5962,0.1975,0.6225,3511.13,3478.48
2009-10-18,0.6466,0.388,0.6154,3448.57,3487.3
2009-10-20,0.6201,0.3011,0.615,3481.46,3487.79
2009-10-21,0.5902,0.484,0.6113,3518.58,3492.39
2009-10-22,0.6248,0.2015,0.6024,3475.63,3503.44
2009-10-24,0.5549,0.1568,0.6039,3562.4,3501.57
2009-10-25,0.6075,0.6754,0.6078,3497.1,3496.73
2009-10-26,0.5915,0.2578,0.6056,3516.97,3499.46
2009-10-27,0.6301,0.4176,0.6056,3469.05,3499.46
2010-05-01,0.8154,0.6251,0.8154,3239.02,3239.02
2010-05-06,0.794,0.3442,0.8047,3265.59,3252.3
2010-05-07,0.8128,0.4518,0.8047,3242.25,3252.3
2010-05-14,0.7597,0.4842,0.7388,3308.17,3334.11
2010-05-17,0.7132,0.396,0.7869,3365.89,3274.4
2010-05-19,0.8342,0.8965,0.7971,3215.68,3261.74
2010-05-26,0.78,0.589,0.776,3282.97,3287.93
2010-05-27,0.7598,0.1448,0.776,3308.04,3287.93
2010-05-31,0.6858,0.307,0.6768,3399.9,3411.08
2010-06-01,0.6688,0.3433,0.6555,3421.01,3437.52
2010-06-04,0.639,0.8374,0.6477,3458.0,3447.2
2010-06-13,0.6218,0.811,0.6218,3479.35,3479.35
2010-07-03,0.5506,0.3966,0.5212,3567.74,3604.24
2010-07-06,0.5038,0.6726,0.4844,3625.84,3649.92
2010-07-08,0.4588,0.6682,0.4503,3681.7,3692.25
2010-07-09,0.4176,0.3325,0.449,3732.84,3693.86
2010-07-11,0.3893,0.5043,0.4277,3767.97,3720.31
2010-07-12,0.436,0.2239,0.408,3710.0,3744.76
2010-07-16,0.4485,0.1408,0.4356,3694.48,3710.5
2010-07-17,0.4314,0.4386,0.4356,3715.71,3710.5
2010-07-27,0.3216,0.4579,0.3372,3852.02,3832.65
2010-07-28,0.3615,0.299,0.3302,3802.48,3841.34
2010-07-30,0.3361,0.0933,0.3292,3834.02,3842.58
2010-07-31,0.323,0.8282,0.3309,3850.28,3840.47
2010-08-01,0.295,0.2756,0.3344,3885.04,3836.13
2010-08-02,0.3451,0.4822,0.3299,3822.84,3841.71
2010-08-04,0.3731,0.3865,0.336,3788.08,3834.14
2010-08-05,0.3162,0.6701,0.3379,3858.72,3831.78
2010-08-06,0.4061,0.2064,0.3344,3747.12,3836.13
2010-08-07,0.3242,0.7282,0.3335,3848.79,3837.24
2010-08-08,0.3071,0.2172,0.3325,3870.02,3838.49
2010-08-09,0.3288,0.7458,0.337,3843.08,3832.9
2010-08-10,0.321,0.2054,0.3306,3852.76,3840.84
2010-08-11,0.3677,0.3554,0.3337,3794.79,3837.0
2010-08-20,0.359,0.3958,0.3386,3805.59,3830.91
2010-08-21,0.3527,0.5284,0.3365,3813.41,3833.52
2010-08-22,0.401,0.187,0.3373,3753.45,3832.53
2010-08-23,0.3072,0.8669,0.3373,3869.89,3832.53
2010-08-24,0.3171,0.2102,0.3543,3857.6,3811.42
2010-08-25,0.3402,0.601,0.3547,3828.93,3810.93
2010-08-27,0.489,0.3662,0.3323,3644.21,3838.73
2010-08-29,0.3155,0.285,0.3033,3859.59,3874.73
2010-08-30,0.2649,0.8045,0.3033,3922.4,3874.73
2010-08-31,0.3231,0.1802,0.2691,3850.15,3917.19
2010-09-01,0.2417,0.7153,0.2643,3951.2,3923.15
2010-09-04,0.2429,0.4431,0.2518,3949.71,3938.66
2010-09-05,0.2798,0.3995,0.2604,3903.91,3927.99
2010-09-10,0.411,0.6683,0.3941,3741.04,3762.02
2010-09-11,0.3724,0.3546,0.3941,3788.95,3762.02
2010-09-12,0.3869,0.5005,0.3941,3770.95,3762.02
2010-09-17,0.558,0.8363,0.5445,3558.55,3575.31
2010-09-18,0.4768,0.1672,0.5277,3659.35,3596.17
2010-09-21,0.4758,0.3254,0.5247,3660.59,3599.89
2010-09-24,0.5577,0.7233,0.5156,3558.93,3611.19
2010-09-25,0.426,0.1948,0.5136,3722.42,3613.67
2010-09-28,0.4744,0.3777,0.4579,3662.33,3682.82
2010-10-05,0.7764,0.3498,0.7984,3287.43,3260.12
2010-10-07,0.8176,0.4014,0.7984,3236.29,3260.12
2010-10-12,0.6406,0.6114,0.6846,3456.01,3401.39
2010-10-14,0.746,0.4376,0.6846,3325.17,3401.39
2010-10-24,0.6611,0.627,0.6707,3430.57,3418.65
2010-10-25,0.7573,0.1817,0.6707,3311.14,3418.65
2010-10-26,0.6569,0.7068,0.6707,3435.78,3418.65
2010-10-31,0.7333,0.4018,0.7333,3340.94,3340.94
2011-05-02,0.7694,0.3557,0.7694,3296.12,3296.12
2011-05-09,0.8134,0.3338,0.8134,3241.5,3241.5
2011-05-16,0.819,0.2407,0.8075,3234.55,3248.83
2011-05-17,0.8441,0.6131,0.8075,3203.39,3248.83
2011-05-18,0.7507,0.4433,0.8075,3319.34,3248.83
2011-05-28,0.7358,0.3002,0.7358,3337.83,3337.83
2011-06-01,0.6167,0.2359,0.6167,3485.68,3485.68
2011-06-06,0.8096,0.1545,0.8096,3246.22,3246.22
2011-06-10,0.645,0.1929,0.645,3450.55,3450.55
2011-06-22,0.6749,0.1862,0.6632,3413.43,3427.96
2011-06-25,0.6598,0.6522,0.6108,3432.18,3493.01
2011-06-26,0.5822,0.3138,0.5978,3528.51,3509.15
2011-06-28,0.5244,0.4041,0.5978,3600.26,3509.15
2011-06-29,0.5719,0.23,0.5551,3541.3,3562.15
2011-07-04,0.574,0.5102,0.5338,3538.69,3588.59
2011-07-05,0.482,0.2454,0.5338,3652.9,3588.59
2011-07-06,0.5122,0.3635,0.5338,3615.41,3588.59
2011-07-14,0.3945,0.2946,0.3945,3761.52,3761.52
2011-07-22,0.3953,0.3828,0.3692,3760.53,3792.93
2011-07-25,0.3484,0.4798,0.3432,3818.75,3825.2
2011-07-26,0.3081,0.1889,0.3284,3868.77,3843.57
2011-07-27,0.323,0.6847,0.3284,3850.28,3843.57
2011-07-28,0.3343,0.2154,0.3295,3836.25,3842.21
2011-07-29,0.3216,0.4999,0.3196,3852.02,3854.5
2011-07-31,0.3381,0.2741,0.3206,3831.53,3853.26
2011-08-01,0.3046,0.6233,0.3186,3873.12,3855.74
2011-08-02,0.3346,0.1194,0.3172,3835.88,3857.48
2011-08-07,0.41,0.2423,0.338,3742.28,3831.66
2011-08-10,0.317,0.8294,0.329,3857.73,3842.83
2011-08-11,0.2843,0.2175,0.3102,3898.32,3866.17
2011-08-19,0.3314,0.5389,0.3096,3839.85,3866.91
2011-08-20,0.2846,0.2809,0.3147,3897.95,3860.58
2011-08-21,0.3119,0.5937,0.3179,3864.06,3856.61
2011-08-22,0.2951,0.423,0.3179,3884.91,3856.61
2011-08-23,0.3469,0.2912,0.3142,3820.61,3861.2
2011-08-24,0.3357,0.3866,0.3612,3834.51,3802.86
2011-08-27,0.7287,0.194,0.5467,3346.65,3572.58
2011-08-28,0.6746,0.5694,0.5444,3413.81,3575.44
2011-08-29,0.5353,0.2599,0.5444,3586.73,3575.44
2011-08-30,0.4874,0.3981,0.5444,3646.19,3575.44
2011-08-31,0.3782,0.5104,0.5238,3781.75,3601.01
2011-09-05,0.5777,0.246,0.5809,3534.1,3530.13
2011-09-06,0.6354,0.589,0.5809,3462.47,3530.13
2011-09-07,0.5307,0.4452,0.5809,3592.44,3530.13
2011-09-08,0.5544,0.341,0.5436,3563.02,3576.43
2011-09-11,0.478,0.9208,0.4895,3657.86,3643.59
2011-09-13,0.5164,0.5988,0.4665,3610.19,3672.14
2011-09-14,0.4096,0.3466,0.4665,3742.77,3672.14
2011-09-15,0.41,0.3687,0.5328,3742.28,3589.84
2011-09-18,0.6707,0.7097,0.537,3418.65,3584.62
2011-09-19,0.5877,0.1716,0.5283,3521.68,3595.42
2011-09-20,0.4885,0.7263,0.5283,3644.83,3595.42
2011-09-21,0.4225,0.188,0.5283,3726.76,3595.42
2011-09-22,0.4179,0.5656,0.4671,3732.47,3671.39
2011-09-26,0.7543,0.1883,0.6566,3314.87,3436.15
2011-09-27,0.6688,0.7514,0.6566,3421.01,3436.15
2011-09-28,0.594,0.1633,0.6796,3513.86,3407.6
2011-09-29,0.6309,0.6779,0.6796,3468.06,3407.6
2011-10-01,0.7784,0.4157,0.6986,3284.95,3384.01
2011-10-03,0.833,0.2217,0.7974,3217.17,3261.37
2011-10-07,0.6213,0.1694,0.6506,3479.97,3443.6
2011-10-08,0.6805,0.4245,0.6031,3406.48,3502.57
2011-10-09,0.6234,0.283,0.6031,3477.37,3502.57
2011-10-11,0.519,0.4962,0.6005,3606.97,3505.79
2011-10-22,0.7675,0.8728,0.7661,3298.48,3300.22
2011-10-24,0.7653,0.6094,0.7527,3301.21,3316.86
2011-10-25,0.7629,0.234,0.7549,3304.19,3314.12
2011-10-26,0.775,0.4005,0.7356,3289.17,3338.08
2011-10-27,0.704,0.6557,0.7323,3377.31,3342.18
2011-10-28,0.7796,0.2425,0.7204,3283.46,3356.95
2011-10-29,0.704,0.9515,0.7172,3377.31,3360.92
2011-10-30,0.6644,0.1523,0.7085,3426.47,3371.72
2011-10-31,0.7034,0.6557,0.7099,3378.06,3369.99
2012-05-10,0.7305,0.7073,0.7305,3344.41,3344.41
2012-05-19,0.6888,0.5404,0.6888,3396.18,3396.18
2012-06-03,0.6741,0.249,0.6847,3414.43,3401.27
2012-06-04,0.6847,0.3674,0.6847,3401.27,3401.27
2012-06-06,0.6919,0.3721,0.6847,3392.33,3401.27
2012-06-10,0.5608,0.2114,0.5762,3555.08,3535.96
2012-06-11,0.5891,0.6694,0.5693,3519.95,3544.53
2012-06-13,0.5649,0.4821,0.5693,3549.99,3544.53
2012-06-14,0.5475,0.4297,0.5679,3571.59,3546.26
2012-06-17,0.5265,0.0962,0.5353,3597.66,3586.73
2012-06-20,0.524,0.3919,0.5245,3600.76,3600.14
2012-07-07,0.525,0.2546,0.525,3599.52,3599.52
2012-07-13,0.4416,0.4651,0.4043,3703.05,3749.35
2012-07-16,0.3714,0.5269,0.3972,3790.2,3758.17
2012-07-17,0.3983,0.2424,0.3744,3756.8,3786.47
2012-07-18,0.3756,0.701,0.373,3784.98,3788.21
2012-07-19,0.4527,0.1424,0.3707,3689.27,3791.06
2012-07-20,0.3562,0.8957,0.3718,3809.06,3789.7
2012-07-21,0.3589,0.2501,0.3692,3805.71,3792.93
2012-07-22,0.3584,0.506,0.3538,3806.33,3812.04
2012-07-23,0.3792,0.4436,0.3488,3780.51,3818.25
2012-07-24,0.3653,0.3059,0.3461,3797.77,3821.6
2012-07-25,0.3016,0.6649,0.3446,3876.84,3823.46
2012-07-26,0.3441,0.2414,0.3404,3824.09,3828.68
2012-08-04,0.3655,0.1794,0.3119,3797.52,3864.06
2012-08-07,0.2933,0.5175,0.3119,3887.15,3864.06
2012-08-16,0.26,0.2518,0.26,3928.49,3928.49
2012-08-21,0.7447,0.7421,0.6256,3326.79,3474.64
2012-08-23,0.5475,0.537,0.5475,3571.59,3571.59
2012-08-24,0.4651,0.289,0.5353,3673.88,3586.73
2012-08-25,0.4494,0.3669,0.4558,3693.37,3685.42
2012-08-26,0.3812,0.5203,0.4558,3778.03,3685.42
2012-08-27,0.4115,0.2426,0.4185,3740.42,3731.73
2012-08-30,0.4128,0.6653,0.3822,3738.8,3776.79
2012-08-31,0.3179,0.2116,0.3787,3856.61,3781.13
2012-09-02,0.3525,0.468,0.3598,3813.66,3804.6
2012-09-03,0.3868,0.2925,0.3308,3771.08,3840.6
2012-09-04,0.3114,0.7688,0.3287,3864.68,3843.2
2012-09-05,0.4015,0.1499,0.3304,3752.83,3841.09
2012-09-06,0.306,0.7875,0.3265,3871.38,3845.93
2012-09-07,0.299,0.2619,0.319,3880.07,3855.24
2012-09-08,0.3413,0.4063,0.3692,3827.56,3792.93
2012-09-11,0.5072,0.5406,0.4001,3621.62,3754.57
2012-09-12,0.4398,0.2221,0.4737,3705.28,3663.2
2012-09-13,0.3501,0.8581,0.4626,3816.64,3676.98
2012-09-15,0.6249,0.6313,0.4418,3475.5,3702.8
2012-09-16,0.3918,0.3545,0.4361,3764.87,3709.88
2012-09-17,0.3994,0.439,0.4805,3755.44,3654.76
2012-09-19,0.3795,0.2389,0.3922,3780.14,3764.37
2012-09-24,0.8109,0.6174,0.731,3244.61,3343.79
2012-09-25,0.7047,0.443,0.7257,3376.44,3350.37
2012-09-26,0.7312,0.3723,0.6988,3343.55,3383.77
2012-09-27,0.6632,0.5576,0.6887,3427.96,3396.3
2012-09-28,0.6809,0.2366,0.6441,3405.99,3451.67
2012-09-29,0.6207,0.7652,0.6227,3480.72,3478.24
2012-09-30,0.5502,0.218,0.6006,3568.24,3505.67
2012-10-01,0.5851,0.6836,0.5878,3524.91,3521.56
2012-10-02,0.5218,0.3335,0.579,3603.49,3532.48
2012-10-03,0.5571,0.4936,0.5923,3559.67,3515.97
2012-10-06,0.7213,0.427,0.6419,3355.83,3454.4
2012-10-07,0.7303,0.0897,0.7229,3344.66,3353.85
2012-10-13,0.7261,0.6234,0.7146,3349.88,3364.15
2012-10-15,0.7176,0.7605,0.7021,3360.43,3379.67
2012-10-16,0.6478,0.1404,0.7074,3447.08,3373.09
2012-10-17,0.6894,0.6803,0.701,3395.43,3381.03
2012-10-18,0.6723,0.3483,0.7052,3416.66,3375.82
2012-10-19,0.7489,0.3214,0.695,3321.57,3388.48
2012-10-20,0.6922,0.3162,0.7004,3391.96,3381.78
2012-10-21,0.7564,0.2107,0.7045,3312.26,3376.69
2012-10-22,0.6746,0.5346,0.712,3413.81,3367.38
2012-10-23,0.7629,0.1003,0.705,3304.19,3376.07
2012-10-26,0.7151,0.3676,0.6717,3363.53,3417.41
2012-10-29,0.6196,0.4821,0.6609,3482.08,3430.81
2013-05-02,0.6968,0.4568,0.6968,3386.25,3386.25
2013-05-06,0.837,0.4949,0.796,3212.21,3263.1
2013-05-09,0.7635,0.6229,0.7916,3303.45,3268.57
2013-05-10,0.7645,0.1847,0.7637,3302.21,3303.2
2013-05-20,0.8045,0.7227,0.7538,3252.55,3315.49
2013-05-23,0.6658,0.4168,0.7538,3424.73,3315.49
2013-06-02,0.6712,0.1671,0.6548,3418.03,3438.39
2013-06-05,0.6513,0.7771,0.6548,3442.73,3438.39
2013-06-13,0.5359,0.1536,0.5359,3585.99,3585.99
2013-06-19,0.7076,0.4072,0.7076,3372.84,3372.84
2013-06-28,0.5388,0.6598,0.5238,3582.39,3601.01
2013-06-30,0.5235,0.7494,0.5238,3601.38,3601.01
2013-07-01,0.4703,0.1798,0.5238,3667.42,3601.01
2013-07-20,0.4447,0.3114,0.4395,3699.2,3705.66
2013-07-22,0.4239,0.105,0.4214,3725.02,3728.13
2013-07-25,0.406,0.487,0.4092,3747.24,3743.27
2013-08-01,0.7665,0.4453,0.7665,3299.72,3299.72
2013-08-05,0.7475,0.2659,0.6154,3323.31,3487.3
2013-08-06,0.5628,0.6683,0.6154,3552.59,3487.3
2013-08-11,0.3978,0.4429,0.4052,3757.42,3748.24
2013-08-12,0.4134,0.4001,0.3856,3738.06,3772.57
2013-08-15,0.3645,0.7809,0.3811,3798.76,3778.15
2013-08-20,0.4063,0.403,0.456,3746.87,3685.17
2013-08-22,0.4991,0.5666,0.456,3631.67,3685.17
2013-08-23,0.4273,0.1525,0.4768,3720.8,3659.35
2013-08-26,0.5274,0.4607,0.4012,3596.54,3753.2
2013-08-28,0.3884,0.341,0.3984,3769.09,3756.68
2013-08-29,0.3122,0.6493,0.3984,3863.69,3756.68
2013-09-02,0.6678,0.6743,0.6678,3422.25,3422.25
2013-09-07,0.7858,0.4411,0.7527,3275.77,3316.86
2013-09-08,0.7549,0.1729,0.7527,3314.12,3316.86
2013-09-10,0.6585,0.1591,0.7191,3433.79,3358.57
2013-09-13,0.6408,0.3319,0.6465,3455.77,3448.69
2013-10-07,0.761,0.5477,0.7677,3306.55,3298.23
2013-10-08,0.819,0.2765,0.7564,3234.55,3312.26
2013-10-09,0.7432,0.6838,0.7486,3328.65,3321.94
2013-10-10,0.8038,0.1732,0.7494,3253.42,3320.95
2013-10-11,0.7329,0.8074,0.7404,3341.43,3332.12
2013-10-12,0.6752,0.2641,0.7325,3413.06,3341.93
2013-10-13,0.7539,0.4648,0.7289,3315.37,3346.4
2013-10-14,0.6909,0.3582,0.7251,3393.57,3351.12
2013-10-17,0.7514,0.219,0.7139,3318.47,3365.02
2013-10-21,0.635,0.3084,0.7253,3462.97,3350.87
2013-10-24,0.815,0.3106,0.7136,3239.52,3365.39
2013-10-25,0.7031,0.7625,0.7269,3378.43,3348.88
2013-10-26,0.7757,0.1573,0.7269,3288.3,3348.88
2013-10-27,0.6984,0.5899,0.712,3384.26,3367.38
2013-10-30,0.6396,0.3746,0.6838,3457.26,3402.39
2013-10-31,0.7037,0.3966,0.6726,3377.68,3416.29
2014-05-04,0.8696,0.2438,0.8696,3171.74,3171.74
2014-05-11,0.8426,0.3054,0.8426,3205.25,3205.25
2014-05-15,0.7137,0.1296,0.6849,3365.27,3401.02
2014-05-16,0.7004,0.6761,0.6849,3381.78,3401.02
2014-05-17,0.6419,0.331,0.6849,3454.4,3401.02
2014-05-30,0.6957,0.9133,0.6957,3387.61,3387.61
2014-06-05,0.6944,0.2364,0.6944,3389.23,3389.23
2014-06-13,0.7548,0.5665,0.7548,3314.25,3314.25
2014-06-25,0.508,0.2039,0.4988,3620.62,3632.04
2014-06-26,0.5125,0.5456,0.4988,3615.04,3632.04
2014-06-27,0.4618,0.2515,0.5294,3677.97,3594.06
2014-06-30,0.7256,0.1559,0.5181,3350.5,3608.08
2014-07-01,0.5197,0.9463,0.5098,3606.1,3618.39
2014-07-03,0.4769,0.4791,0.5004,3659.23,3630.06
2014-07-04,0.4124,0.2805,0.4829,3739.3,3651.78
2014-07-05,0.4427,0.3028,0.4501,3701.68,3692.5
2014-07-10,0.424,0.8726,0.4085,3724.9,3744.14
2014-07-11,0.3695,0.2645,0.4085,3792.55,3744.14
2014-07-12,0.4017,0.4672,0.4085,3752.58,3744.14
2014-07-16,0.3922,0.2359,0.3527,3764.37,3813.41
2014-07-17,0.3398,0.7221,0.3527,3829.42,3813.41
2014-07-23,0.4094,0.2889,0.3491,3743.02,3817.88
2014-07-24,0.3285,0.7622,0.3491,3843.45,3817.88
2014-07-26,0.3471,0.8865,0.3491,3820.36,3817.88
2014-07-30,0.3233,0.2196,0.3226,3849.91,3850.77
2014-08-01,0.4022,0.2033,0.3173,3751.96,3857.35
2014-08-02,0.3056,0.9581,0.3173,3871.88,3857.35
2014-08-03,0.279,0.1917,0.3163,3904.9,3858.6
2014-08-08,0.4422,0.2024,0.4422,3702.31,3702.31
2014-08-12,0.3371,0.162,0.3115,3832.77,3864.55
2014-08-14,0.2924,0.4444,0.3143,3888.26,3861.08
2014-08-15,0.3225,0.3987,0.3143,3850.9,3861.08
2014-08-17,0.3259,0.2419,0.3109,3846.68,3865.3
2014-08-22,0.3345,0.4267,0.302,3836.0,3876.35
2014-08-24,0.3347,0.2947,0.2869,3835.75,3895.09
2014-08-25,0.2702,0.7408,0.2801,3915.82,3903.53
2014-08-27,0.2593,0.7986,0.2687,3929.35,3917.69
2014-08-28,0.2006,0.193,0.2699,4002.22,3916.2
2014-08-31,0.3373,0.3199,0.2977,3832.53,3881.69
2014-09-02,0.3226,0.243,0.331,3850.77,3840.35
2014-09-06,0.3899,0.3074,0.3899,3767.23,3767.23
2014-09-14,0.4314,0.5441,0.4314,3715.71,3715.71
2014-09-23,0.7015,0.3023,0.7216,3380.41,3355.46
2014-09-26,0.7315,0.6133,0.7216,3343.17,3355.46
2014-09-30,0.8384,0.6176,0.7485,3210.47,3322.07
2014-10-01,0.4293,0.2661,0.7485,3718.32,3322.07
2014-10-02,0.8228,0.4007,0.7485,3229.83,3322.07
2014-10-03,0.7479,0.5284,0.7485,3322.81,3322.07
2014-10-07,0.7376,0.7116,0.7262,3335.6,3349.75
2014-10-10,0.7098,0.4969,0.718,3370.11,3359.93
2014-10-11,0.7603,0.26,0.7084,3307.42,3371.85
2014-10-12,0.6877,0.6866,0.7084,3397.55,3371.85
2014-10-19,0.6447,0.5213,0.7164,3450.92,3361.92
2014-10-20,0.8017,0.1602,0.7063,3256.03,3374.46
2014-10-21,0.7445,0.8443,0.7063,3327.03,3374.46
2014-10-23,0.6738,0.4737,0.728,3414.8,3347.52
2014-10-28,0.6488,0.4999,0.6548,3445.84,3438.39
2014-10-29,0.7411,0.1305,0.6548,3331.26,3438.39
2014-10-30,0.6445,0.8026,0.6548,3451.17,3438.39
2015-05-03,0.794,0.392,0.7878,3265.59,3273.28
2015-05-06,0.7805,0.3342,0.7878,3282.34,3273.28
2015-05-10,0.8033,0.8342,0.8033,3254.04,3254.04
2015-05-19,0.764,0.6461,0.7159,3302.83,3362.54
2015-05-20,0.6719,0.2369,0.7106,3417.16,3369.12
2015-05-21,0.7108,0.3392,0.7106,3368.87,3369.12
2015-05-22,0.6636,0.3622,0.7106,3427.46,3369.12
2015-05-23,0.682,0.2949,0.6826,3404.62,3403.88
2015-06-01,0.8178,0.1288,0.6968,3236.04,3386.25
2015-06-02,0.6914,0.8209,0.6968,3392.95,3386.25
2015-06-04,0.6733,0.4755,0.6935,3415.42,3390.35
2015-06-07,0.6837,0.4698,0.6697,3402.51,3419.89
2015-06-08,0.6377,0.2584,0.6674,3459.61,3422.75
2015-06-18,0.6502,0.6325,0.6167,3444.1,3485.68
2015-06-21,0.5144,0.2075,0.6167,3612.68,3485.68
2015-07-02,0.4694,0.6202,0.4664,3668.54,3672.26
2015-07-03,0.4585,0.2333,0.4623,3682.07,3677.35
2015-07-06,0.4567,0.6267,0.4572,3684.31,3683.68
2015-07-10,0.4027,0.3219,0.4027,3751.34,3751.34
2015-07-14,0.373,0.233,0.3447,3788.21,3823.34
2015-07-16,0.3202,0.2691,0.3621,3853.75,3801.74
2015-07-18,0.3588,0.6041,0.353,3805.84,3813.04
2015-07-19,0.4107,0.2203,0.353,3741.41,3813.04
2015-07-20,0.3522,0.9376,0.3523,3814.03,3813.91
2015-07-21,0.3212,0.212,0.3513,3852.51,3815.15
2015-07-23,0.3231,0.3477,0.3354,3850.15,3834.89
2015-07-24,0.3468,0.4963,0.3255,3820.73,3847.17
2015-07-25,0.3091,0.5364,0.3262,3867.53,3846.31
2015-07-29,0.3229,0.91,0.3129,3850.4,3862.82
2015-07-30,0.3005,0.1956,0.3129,3878.21,3862.82
2015-07-31,0.3002,0.5276,0.3129,3878.58,3862.82
2015-08-04,0.3385,0.2404,0.363,3831.04,3800.62
2015-08-05,0.3657,0.6939,0.3717,3797.27,3789.82
2015-08-07,0.3724,0.4272,0.348,3788.95,3819.24
2015-08-08,0.437,0.181,0.3454,3708.76,3822.47
2015-08-09,0.3321,0.5089,0.3379,3838.98,3831.78
2015-08-10,0.2831,0.4369,0.3376,3899.81,3832.15
2015-08-11,0.3196,0.3209,0.3283,3854.5,3843.7
2015-08-13,0.3348,0.1487,0.2888,3835.63,3892.73
2015-08-15,0.2172,0.1989,0.2931,3981.62,3887.4
2015-08-18,0.3175,0.3651,0.2701,3857.11,3915.95
2015-08-19,0.2585,0.5893,0.2811,3930.35,3902.29
2015-08-23,0.3035,0.4911,0.3035,3874.49,3874.49
2015-08-27,0.7082,0.2365,0.5704,3372.1,3543.16
2015-08-29,0.6423,0.1832,0.5328,3453.9,3589.84
2015-08-30,0.5195,0.8984,0.5328,3606.35,3589.84
2015-08-31,0.4573,0.2781,0.4974,3683.56,3633.78
2015-09-01,0.4792,0.5333,0.4669,3656.37,3671.64
2015-09-03,0.4304,0.3823,0.4242,3716.95,3724.65
2015-09-04,0.3626,0.6635,0.4184,3801.12,3731.85
2015-09-15,0.3491,0.4772,0.3335,3817.88,3837.24
2015-09-16,0.3101,0.2817,0.3342,3866.29,3836.37
2015-09-17,0.346,0.4828,0.3228,3821.73,3850.53
2015-09-18,0.3166,0.4061,0.3238,3858.22,3849.29
2015-09-19,0.3368,0.3978,0.3189,3833.15,3855.37
2015-09-20,0.2853,0.6183,0.32,3897.08,3854.0
2015-09-21,0.3351,0.2393,0.3125,3835.26,3863.31
2015-09-27,0.4861,0.3249,0.5475,3647.81,3571.59
2015-09-29,0.5755,0.7119,0.5475,3536.83,3571.59
2015-10-06,0.62,0.4643,0.7134,3481.59,3365.64
2015-10-08,0.7668,0.9407,0.7153,3299.35,3363.28
2015-10-09,0.6574,0.1214,0.7153,3435.16,3363.28
2015-10-10,0.7218,0.4446,0.7447,3355.21,3326.79
2015-10-15,0.7153,0.7039,0.718,3363.28,3359.93
2015-10-17,0.7214,0.5419,0.718,3355.71,3359.93
2015-10-27,0.614,0.3406,0.6861,3489.04,3399.53
2015-10-28,0.7173,0.4331,0.6861,3360.8,3399.53
2015-10-29,0.672,0.4313,0.6861,3417.04,3399.53
2015-10-30,0.7595,0.2328,0.6861,3308.41,3399.53
2016-05-02,0.8984,0.233,0.8414,3135.99,3206.74
2016-05-03,0.8266,0.896,0.8414,3225.12,3206.74
2016-05-09,0.8519,0.2925,0.8602,3193.71,3183.41
2016-05-12,0.8644,0.5729,0.8602,3178.19,3183.41
2016-05-25,0.8464,0.2621,0.8464,3200.54,3200.54
2016-06-11,0.8056,0.5712,0.7858,3251.19,3275.77
2016-06-13,0.7682,0.6413,0.7858,3297.61,3275.77
2016-06-26,0.5875,0.2521,0.5781,3521.93,3533.6
2016-06-27,0.5543,0.555,0.5781,3563.15,3533.6
2016-06-29,0.5992,0.5135,0.5781,3507.41,3533.6
2016-07-09,0.5824,0.3508,0.616,3528.26,3486.55
2016-07-12,0.6808,0.1817,0.5323,3406.11,3590.46
2016-07-13,0.535,0.7778,0.5118,3587.1,3615.9
2016-07-14,0.5234,0.1828,0.5004,3601.5,3630.06
2016-07-15,0.4786,0.838,0.4895,3657.12,3643.59
2016-07-16,0.4288,0.2773,0.4778,3718.94,3658.11
2016-07-17,0.4527,0.5406,0.4576,3689.27,3683.19
2016-07-18,0.4046,0.358,0.4516,3748.98,3690.64
2016-07-29,0.4485,0.5461,0.4494,3694.48,3693.37
2016-07-30,0.4528,0.1402,0.4436,3689.15,3700.57
2016-08-02,0.4348,0.4562,0.407,3711.49,3746.0
2016-08-03,0.3598,0.4039,0.3996,3804.6,3755.19
2016-08-12,0.3302,0.4849,0.3316,3841.34,3839.6
2016-08-13,0.3339,0.2915,0.3316,3836.75,3839.6
2016-08-19,0.2987,0.3637,0.2941,3880.44,3886.15
2016-08-20,0.3168,0.3783,0.2941,3857.97,3886.15
2016-08-21,0.2777,0.6242,0.2941,3906.51,3886.15
2016-08-25,0.3001,0.7222,0.3001,3878.71,3878.71
2016-08-29,0.3874,0.1772,0.3874,3770.33,3770.33
2016-09-02,0.2945,0.1971,0.3443,3885.66,3823.84
2016-09-03,0.3696,0.389,0.3443,3792.43,3823.84
2016-09-07,0.768,0.1665,0.541,3297.86,3579.66
2016-09-08,0.5705,0.9351,0.5247,3543.04,3599.89
2016-09-09,0.4734,0.189,0.5113,3663.57,3616.53
2016-09-10,0.4617,0.6627,0.4935,3678.1,3638.62
2016-09-11,0.4291,0.3341,0.4728,3718.57,3664.32
2016-09-12,0.4363,0.4089,0.4339,3709.63,3712.61
2016-09-13,0.385,0.4409,0.4366,3773.31,3709.26
2016-09-14,0.4217,0.3091,0.4337,3727.75,3712.86
2016-09-16,0.5507,0.1166,0.4286,3567.61,3719.19
2016-09-17,0.4505,0.7133,0.4235,3692.0,3725.52
2016-09-18,0.3863,0.2011,0.4239,3771.7,3725.02
2016-09-20,0.3655,0.448,0.4131,3797.52,3738.43
2016-09-27,0.6502,0.2867,0.6502,3444.1,3444.1
2016-10-01,0.7138,0.6803,0.6607,3365.15,3431.06
2016-10-02,0.7177,0.1317,0.658,3360.3,3434.41
2016-10-03,0.6279,0.8372,0.6467,3471.78,3448.44
2016-10-04,0.5846,0.2135,0.6467,3525.53,3448.44
2016-10-05,0.6456,0.4072,0.606,3449.81,3498.97
2016-10-06,0.58,0.3834,0.6,3531.24,3506.41
2016-10-08,0.5468,0.5832,0.5854,3572.46,3524.54
2016-10-15,0.6995,0.3417,0.7257,3382.9,3350.37
2016-10-18,0.792,0.135,0.7112,3268.07,3368.37
2016-10-19,0.7053,0.6415,0.7008,3375.7,3381.28
2016-10-21,0.7046,0.4792,0.7008,3376.57,3381.28
2016-10-22,0.6535,0.3598,0.6925,3440.0,3391.59
2016-10-26,0.6945,0.8296,0.6604,3389.1,3431.44
2016-10-28,0.6341,0.5395,0.6604,3464.08,3431.44
2016-10-29,0.6023,0.2431,0.6604,3503.56,3431.44
2017-05-01,0.8077,0.4094,0.8077,3248.58,3248.58
2017-05-12,0.8835,0.2466,0.8835,3154.48,3154.48
2017-06-03,0.7034,0.3445,0.6964,3378.06,3386.75
2017-06-05,0.6919,0.5425,0.6964,3392.33,3386.75
2017-06-09,0.6664,0.5785,0.6664,3423.99,3423.99
2017-06-13,0.7061,0.2204,0.7061,3374.7,3374.7
2017-06-18,0.6779,0.5806,0.6779,3409.71,3409.71
2017-06-24,0.6177,0.1453,0.5961,3484.44,3511.26
2017-06-26,0.5745,0.2566,0.5983,3538.07,3508.53
2017-06-27,0.602,0.407,0.5983,3503.93,3508.53
2017-06-29,0.6099,0.1578,0.5687,3494.12,3545.27
2017-07-02,0.543,0.8377,0.5266,3577.17,3597.53
2017-07-03,0.4981,0.2853,0.5195,3632.91,3606.35
2017-07-04,0.5086,0.4889,0.5195,3619.88,3606.35
2017-07-05,0.4859,0.2437,0.5195,3648.06,3606.35
2017-07-12,0.4515,0.3364,0.485,3690.76,3649.17
2017-07-13,0.5285,0.2953,0.4643,3595.17,3674.87
2017-07-14,0.4807,0.3777,0.4643,3654.51,3674.87
2017-07-16,0.4302,0.6098,0.4502,3717.2,3692.37
2017-07-18,0.407,0.5193,0.4012,3746.0,3753.2
2017-07-21,0.3383,0.3281,0.3804,3831.29,3779.02
2017-07-26,0.3542,0.2153,0.3601,3811.55,3804.22
2017-07-27,0.3774,0.5892,0.3601,3782.75,3804.22
2017-07-28,0.3271,0.2691,0.3567,3845.19,3808.44
2017-07-31,0.3437,0.2829,0.3272,3824.58,3845.06
2017-08-01,0.3322,0.7623,0.3273,3838.86,3844.94
2017-08-02,0.3585,0.1729,0.3273,3806.21,3844.94
2017-08-03,0.3097,0.7873,0.3273,3866.79,3844.94
2017-08-07,0.3159,0.3985,0.294,3859.09,3886.28
2017-08-08,0.2767,0.6292,0.2922,3907.75,3888.51
2017-08-10,0.2977,0.5908,0.2918,3881.69,3889.01
2017-08-11,0.2776,0.1982,0.2878,3906.64,3893.97
2017-08-12,0.2965,0.6361,0.2918,3883.17,3889.01
2017-08-13,0.2808,0.3297,0.2918,3902.66,3889.01
2017-08-21,0.4149,0.4418,0.3232,3736.2,3850.03
2017-08-22,0.2686,0.3822,0.3232,3917.81,3850.03
2017-08-23,0.2458,0.2535,0.3232,3946.11,3850.03
2017-09-02,0.4135,0.8023,0.3743,3737.93,3786.6
2017-09-03,0.4564,0.1481,0.3743,3684.68,3786.6
2017-09-04,0.3453,0.8978,0.3743,3822.6,3786.6
2017-09-05,0.3118,0.2802,0.4144,3864.18,3736.82
2017-09-08,0.6791,0.3219,0.4799,3408.22,3655.51
2017-09-09,0.5161,0.5072,0.4938,3610.57,3638.25
2017-09-10,0.5095,0.1308,0.4534,3618.76,3688.4
2017-09-11,0.4252,0.7193,0.4403,3723.41,3704.66
2017-09-12,0.3727,0.1948,0.4004,3788.58,3754.2
2017-09-13,0.3358,0.6454,0.3637,3834.39,3799.75
2017-09-14,0.3378,0.32,0.3572,3831.91,3807.82
2017-09-15,0.348,0.4509,0.3254,3819.24,3847.3
2017-09-16,0.3053,0.5451,0.3243,3872.25,3848.66
2017-09-17,0.3587,0.3157,0.3129,3805.96,3862.82
2017-09-18,0.2886,0.8019,0.3083,3892.98,3868.53
2017-09-19,0.3552,0.1815,0.3022,3810.31,3876.1
2017-09-20,0.288,0.8983,0.3015,3893.73,3876.97
2017-09-21,0.2774,0.2196,0.2929,3906.89,3887.64
2017-09-26,0.4406,0.2376,0.4076,3704.29,3745.26
2017-09-29,0.3947,0.6108,0.3907,3761.27,3766.24
2017-09-30,0.3415,0.291,0.3775,3827.31,3782.62
2017-10-04,0.7586,0.7402,0.7019,3309.53,3379.92
2017-10-05,0.7758,0.1578,0.6626,3288.18,3428.7
2017-10-06,0.6572,0.6509,0.6378,3435.41,3459.49
2017-10-07,0.5571,0.17,0.6378,3559.67,3459.49
2017-10-08,0.5446,0.5723,0.589,3575.19,3520.07
2017-10-09,0.438,0.2845,0.5715,3707.52,3541.79
2017-10-13,0.7465,0.951,0.7116,3324.55,3367.88
2017-10-15,0.6444,0.5545,0.6783,3451.3,3409.21
2017-10-16,0.7249,0.3098,0.6755,3351.37,3412.69
2017-10-18,0.5663,0.5394,0.6262,3548.25,3473.89
2017-10-19,0.6489,0.2524,0.621,3445.71,3480.35
2017-10-20,0.6051,0.6837,0.6013,3500.08,3504.8
2017-10-21,0.628,0.1626,0.6013,3471.66,3504.8
2017-10-27,0.5657,0.5137,0.5657,3548.99,3548.99
2018-05-01,0.7599,0.1498,0.7119,3307.92,3367.5
2018-05-02,0.7254,0.5852,0.7119,3350.75,3367.5
2018-05-03,0.6442,0.2227,0.7119,3451.55,3367.5
2018-05-16,0.7974,0.6548,0.7413,3261.37,3331.01
2018-05-18,0.6974,0.838,0.7413,3385.5,3331.01
2018-05-27,0.6838,0.5522,0.6838,3402.39,3402.39
2018-06-01,0.7249,0.5614,0.6784,3351.37,3409.09
2018-06-03,0.6432,0.741,0.6784,3452.79,3409.09
2018-06-09,0.6915,0.1663,0.6915,3392.83,3392.83
2018-06-13,0.5423,0.3159,0.549,3578.04,3569.73
2018-06-14,0.5534,0.4726,0.549,3564.26,3569.73
2018-06-21,0.608,0.5541,0.608,3496.48,3496.48
2018-06-27,0.4927,0.1083,0.4555,3639.62,3685.79
2018-06-28,0.4641,0.7679,0.4338,3675.12,3712.73
2018-06-30,0.4323,0.4597,0.4136,3714.59,3737.81
2018-07-01,0.3753,0.4961,0.41,3785.35,3742.28
2018-07-02,0.4125,0.2028,0.3846,3739.17,3773.81
2018-07-03,0.3365,0.4763,0.3846,3833.52,3773.81
2018-07-08,0.395,0.3264,0.3787,3760.9,3781.13
2018-07-10,0.3668,0.3826,0.3637,3795.91,3799.75
2018-07-11,0.3735,0.1522,0.3637,3787.59,3799.75
2018-07-12,0.3489,0.8683,0.3564,3818.13,3808.82
2018-07-18,0.4467,0.325,0.4467,3696.72,3696.72
2018-07-22,0.3333,0.2522,0.3333,3837.49,3837.49
2018-07-26,0.3091,0.5285,0.307,3867.53,3870.14
2018-07-29,0.2974,0.1188,0.3378,3882.06,3831.91
2018-07-30,0.3987,0.4061,0.3576,3756.31,3807.33
2018-07-31,0.3175,0.2377,0.3576,3857.11,3807.33
2018-08-06,0.3351,0.5214,0.3351,3835.26,3835.26
2018-08-15,0.3118,0.6097,0.2987,3864.18,3880.44
2018-08-16,0.2833,0.3454,0.3341,3899.56,3836.5
2018-08-17,0.2932,0.4947,0.3306,3887.27,3840.84
2018-08-19,0.5164,0.2815,0.3421,3610.19,3826.57
2018-08-20,0.3229,0.7788,0.3545,3850.4,3811.17
2018-08-21,0.4309,0.1173,0.371,3716.33,3790.69
2018-08-23,0.3564,0.1801,0.3224,3808.82,3851.02
2018-08-24,0.3486,0.3516,0.3215,3818.5,3852.14
2018-08-25,0.2679,0.3188,0.3126,3918.68,3863.19
2018-08-26,0.2935,0.3811,0.2888,3886.9,3892.73
2018-08-27,0.3192,0.3831,0.284,3855.0,3898.69
2018-08-28,0.3058,0.2346,0.2738,3871.63,3911.35
2018-08-29,0.2396,0.8949,0.2748,3953.81,3910.11
2018-09-04,0.3493,0.287,0.2805,3817.63,3903.04
2018-09-05,0.2526,0.7074,0.2805,3937.67,3903.04
2018-09-09,0.4753,0.5305,0.4753,3661.22,3661.22
2018-09-13,0.6008,0.1882,0.6008,3505.42,3505.42
2018-09-18,0.4802,0.4841,0.4384,3655.13,3707.02
2018-09-19,0.4575,0.3923,0.4384,3683.31,3707.02
2018-09-20,0.4611,0.3234,0.4384,3678.84,3707.02
2018-09-21,0.3692,0.5065,0.4384,3792.93,3707.02
2018-09-25,0.4922,0.5929,0.4922,3640.24,3640.24
2018-09-29,0.8349,0.23,0.7138,3214.81,3365.15
2018-10-01,0.5595,0.1806,0.7138,3556.69,3365.15
2018-10-05,0.6109,0.3123,0.5724,3492.88,3540.68
2018-10-06,0.5966,0.2264,0.5186,3510.64,3607.46
2018-10-07,0.539,0.5512,0.5186,3582.14,3607.46
2018-10-08,0.5802,0.1239,0.5186,3530.99,3607.46
2018-10-09,0.4068,0.5854,0.5197,3746.25,3606.1
2018-10-12,0.6369,0.2613,0.5155,3460.61,3611.31
2018-10-13,0.5975,0.3353,0.5544,3509.52,3563.02
2018-10-14,0.5255,0.4365,0.5544,3598.9,3563.02
2018-10-16,0.5275,0.8695,0.5296,3596.42,3593.81
2018-10-18,0.5101,0.5216,0.515,3618.02,3611.93
2018-10-19,0.4942,0.2527,0.515,3637.75,3611.93
2018-10-20,0.5076,0.4135,0.5058,3621.12,3623.35
2018-10-27,0.7392,0.5381,0.7169,3333.61,3361.3
2018-10-28,0.6991,0.4371,0.7197,3383.39,3357.82
2018-10-29,0.7382,0.3581,0.7197,3334.86,3357.82
2018-10-30,0.6945,0.5262,0.7197,3389.1,3357.82
2018-10-31,0.7467,0.192,0.7128,3324.3,3366.39
2019-05-09,0.7958,0.362,0.8151,3263.35,3239.39
2019-05-10,0.8271,0.5795,0.8151,3224.5,3239.39
2019-05-14,0.75,0.5849,0.7061,3320.21,3374.7
2019-05-15,0.6748,0.2827,0.7061,3413.56,3374.7
2019-05-16,0.6663,0.4233,0.7061,3424.11,3374.7
2019-05-28,0.8436,0.8959,0.7442,3204.01,3327.41
2019-05-30,0.662,0.6246,0.6928,3429.45,3391.21
2019-05-31,0.5998,0.2616,0.6928,3506.66,3391.21
2019-06-01,0.6147,0.3934,0.6163,3488.17,3486.18
2019-06-02,0.568,0.4883,0.6163,3546.14,3486.18
2019-06-10,0.5392,0.3229,0.5392,3581.89,3581.89
2019-06-15,0.5665,0.6066,0.5177,3548.0,3608.58
2019-06-18,0.4221,0.3097,0.5177,3727.26,3608.58
2019-06-25,0.4187,0.2556,0.4506,3731.48,3691.88
2019-06-26,0.4789,0.2872,0.4506,3656.75,3691.88
2019-07-02,0.5358,0.3226,0.5007,3586.11,3629.68
2019-07-03,0.4777,0.4929,0.4563,3658.24,3684.8
2019-07-06,0.3851,0.5075,0.4114,3773.19,3740.54
2019-07-07,0.4759,0.1308,0.3892,3660.47,3768.1
2019-07-08,0.3565,0.5049,0.3892,3808.69,3768.1
2019-07-10,0.4032,0.5137,0.391,3750.72,3765.86
2019-07-20,0.3339,0.5135,0.3339,3836.75,3836.75
2019-07-27,0.41,0.363,0.3798,3742.28,3779.77
2019-07-29,0.3456,0.4621,0.3798,3822.22,3779.77
2019-07-30,0.4094,0.1619,0.3626,3743.02,3801.12
2019-08-02,0.3307,0.5309,0.3698,3840.72,3792.18
2019-08-05,0.404,0.4195,0.3866,3749.73,3771.33
2019-08-06,0.46,0.1892,0.3598,3680.21,3804.6
2019-08-08,0.4345,0.1771,0.3471,3711.86,3820.36
2019-08-09,0.3026,0.887,0.3263,3875.6,3846.18
2019-08-10,0.3387,0.2095,0.3126,3830.79,3863.19
2019-08-11,0.3129,0.5728,0.3002,3862.82,3878.58
2019-08-12,0.2775,0.3773,0.2936,3906.76,3886.77
2019-08-13,0.2976,0.3488,0.2775,3881.81,3906.76
2019-08-14,0.2523,0.6663,0.2734,3938.04,3911.85
2019-08-15,0.3092,0.2379,0.256,3867.41,3933.45
2019-08-16,0.2449,0.948,0.2475,3947.23,3944.0
2019-08-18,0.216,0.5547,0.2346,3983.11,3960.02
2019-08-19,0.2003,0.3275,0.227,4002.6,3969.45
2019-08-21,0.2228,0.5058,0.2163,3974.66,3982.73
2019-08-23,0.2212,0.4445,0.2221,3976.65,3975.53
2019-08-29,0.3098,0.3125,0.3186,3866.66,3855.74
2019-08-31,0.3312,0.218,0.4462,3840.1,3697.34
2019-09-03,0.6078,0.4187,0.4618,3496.73,3677.97
2019-09-05,0.3533,0.3009,0.5014,3812.66,3628.82
2019-09-09,0.5228,0.1314,0.4417,3602.25,3702.93
2019-09-12,0.4231,0.5718,0.4254,3726.02,3723.16
2019-09-13,0.3908,0.3243,0.4039,3766.11,3749.85
2019-09-14,0.4243,0.2456,0.4039,3724.53,3749.85
2019-09-16,0.3488,0.2139,0.4392,3818.25,3706.03
2019-09-18,0.5804,0.1302,0.457,3530.75,3683.93
2019-09-19,0.4666,0.7415,0.539,3672.02,3582.14
2019-09-22,0.7126,0.5128,0.5672,3366.63,3547.13
2019-09-29,0.6903,0.2409,0.652,3394.32,3441.86
2019-10-01,0.626,0.4485,0.6208,3474.14,3480.59
2019-10-02,0.666,0.1723,0.6065,3424.48,3498.35
2019-10-03,0.5861,0.7746,0.5965,3523.67,3510.76
2019-10-05,0.5683,0.6108,0.588,3545.77,3521.31
2019-10-10,0.681,0.7508,0.6836,3405.86,3402.63
2019-10-12,0.7103,0.6088,0.6789,3369.49,3408.47
2019-10-13,0.6124,0.2005,0.6789,3491.02,3408.47
2019-10-14,0.6899,0.4408,0.6688,3394.81,3421.01
2019-10-15,0.6373,0.2955,0.665,3460.11,3425.72
2019-10-17,0.6346,0.4075,0.6516,3463.46,3442.36
2019-10-18,0.6058,0.1243,0.6269,3499.21,3473.02
2019-10-21,0.6199,0.5056,0.5475,3481.71,3571.59
2019-10-22,0.6023,0.2503,0.5425,3503.56,3577.79
2019-10-23,0.3572,0.3705,0.5425,3807.82,3577.79
2019-10-24,0.5869,0.3274,0.5425,3522.68,3577.79
2019-10-28,0.5979,0.4933,0.5979,3509.02,3509.02
2020-05-12,0.7883,0.5078,0.7883,3272.66,3272.66
2020-05-16,0.7049,0.5958,0.6737,3376.19,3414.92
2020-05-17,0.6488,0.2612,0.6694,3445.84,3420.26
2020-05-19,0.6433,0.3964,0.6694,3452.66,3420.26
2020-05-20,0.6483,0.2543,0.6463,3446.46,3448.94
2020-05-27,0.7854,0.2612,0.7854,3276.26,3276.26
2020-06-06,0.6752,0.7101,0.6332,3413.06,3465.2
2020-06-07,0.6204,0.161,0.6332,3481.09,3465.2
2020-06-08,0.5897,0.6377,0.6332,3519.2,3465.2
2020-06-23,0.5484,0.0907,0.5392,3570.47,3581.89
2020-06-26,0.5376,0.5041,0.4715,3583.88,3665.93
2020-06-28,0.4614,0.3922,0.4668,3678.47,3671.77
2020-06-29,0.4115,0.6063,0.4668,3740.42,3671.77
2020-07-03,0.4098,0.6812,0.4098,3742.53,3742.53
2020-07-07,0.4421,0.2755,0.4421,3702.43,3702.43
2020-07-11,0.3449,0.2868,0.3449,3823.09,3823.09
2020-07-15,0.3314,0.4019,0.3471,3839.85,3820.36
2020-07-16,0.3738,0.2368,0.3471,3787.22,3820.36
2020-07-20,0.2509,0.2411,0.3376,3939.78,3832.15
2020-07-23,0.4349,0.215,0.345,3711.37,3822.97
2020-07-25,0.3732,0.1181,0.337,3787.96,3832.9
2020-07-28,0.2589,0.3245,0.3325,3929.85,3838.49
2020-07-30,0.3851,0.3634,0.3256,3773.19,3847.05
2020-08-04,0.3697,0.6709,0.3402,3792.31,3828.93
2020-08-05,0.3258,0.3423,0.3378,3846.8,3831.91
2020-08-06,0.3536,0.3515,0.3378,3812.29,3831.91
2020-08-07,0.2987,0.4723,0.3378,3880.44,3831.91
2020-08-08,0.3239,0.3081,0.3233,3849.16,3849.91
2020-08-14,0.3093,0.3915,0.324,3867.29,3849.04
2020-08-15,0.3448,0.2556,0.3048,3823.22,3872.87
2020-08-16,0.2993,0.461,0.3041,3879.7,3873.74
2020-08-17,0.399,0.1577,0.2913,3755.93,3889.63
2020-08-18,0.2693,0.682,0.2884,3916.94,3893.23
2020-08-19,0.2933,0.1257,0.2816,3887.15,3901.67
2020-08-20,0.2539,0.7114,0.2768,3936.06,3907.63
2020-08-24,0.7095,0.2164,0.4799,3370.48,3655.51
2020-08-25,0.5217,0.7522,0.4697,3603.62,3668.17
2020-08-26,0.4873,0.1762,0.4454,3646.32,3698.33
2020-08-27,0.3817,0.8395,0.4265,3777.41,3721.79
2020-08-28,0.3847,0.238,0.3969,3773.68,3758.54
2020-08-29,0.3565,0.6067,0.3421,3808.69,3826.57
2020-08-30,0.3073,0.4491,0.3352,3869.77,3835.13
2020-08-31,0.3218,0.3921,0.3058,3851.77,3871.63
2020-09-01,0.2558,0.6283,0.2962,3933.7,3883.55
2020-09-02,0.3644,0.1402,0.2768,3798.88,3907.63
2020-09-03,0.267,0.858,0.2721,3919.8,3913.46
2020-09-04,0.2474,0.2179,0.2645,3944.13,3922.9
2020-09-05,0.2547,0.7082,0.2674,3935.06,3919.3
2020-09-10,0.3031,0.8158,0.2949,3874.98,3885.16
2020-09-11,0.3532,0.176,0.2903,3812.79,3890.87
2020-09-12,0.2783,0.7502,0.2857,3905.77,3896.58
2020-09-13,0.2719,0.1934,0.287,3913.71,3894.97
2020-09-14,0.274,0.5452,0.2755,3911.11,3909.24
2020-09-15,0.2512,0.3336,0.2706,3939.41,3915.33
2020-09-16,0.2967,0.3919,0.2737,3882.93,3911.48
2020-09-17,0.2489,0.5384,0.2729,3942.26,3912.47
2020-09-19,0.2874,0.8806,0.2773,3894.47,3907.01
2020-09-20,0.2615,0.2211,0.276,3926.62,3908.62
2020-09-21,0.2898,0.6642,0.2821,3891.49,3901.05
2020-09-22,0.2514,0.2359,0.2856,3939.16,3896.71
2020-09-23,0.2869,0.399,0.2847,3895.09,3897.82
2020-09-25,0.3154,0.2858,0.2867,3859.71,3895.34
2020-10-04,0.6818,0.1601,0.6576,3404.87,3434.91
2020-10-06,0.6878,0.1988,0.6283,3397.42,3471.28
2020-10-07,0.6402,0.5703,0.6088,3456.51,3495.49
2020-10-08,0.5893,0.2218,0.5934,3519.7,3514.61
2020-10-09,0.5805,0.3879,0.5693,3530.62,3544.53
2020-10-10,0.5416,0.4454,0.56,3578.91,3556.07
2020-10-11,0.5394,0.3031,0.5202,3581.64,3605.48
2020-10-12,0.5028,0.7741,0.5115,3627.08,3616.28
2020-10-13,0.549,0.1273,0.4958,3569.73,3635.77
2020-10-14,0.4641,0.7896,0.4836,3675.12,3650.91
2020-10-15,0.469,0.2179,0.4743,3669.04,3662.46
2020-10-16,0.4673,0.5255,0.4647,3671.15,3674.37
2020-10-17,0.4404,0.3005,0.4598,3704.54,3680.46
2020-10-18,0.4495,0.3486,0.4826,3693.24,3652.15
2020-10-21,0.5507,0.5175,0.4961,3567.61,3635.39
2020-10-24,0.4608,0.3388,0.4734,3679.22,3663.57
2020-10-25,0.4518,0.4611,0.4379,3690.39,3707.64
2020-10-26,0.4259,0.5009,0.4379,3722.54,3707.64
2020-10-27,0.4616,0.1683,0.4379,3678.22,3707.64
2020-10-28,0.4149,0.5245,0.4333,3736.2,3713.35
2021-05-02,0.7234,0.2138,0.7921,3353.23,3267.94
2021-05-03,0.7695,0.4887,0.7897,3296.0,3270.92
2021-05-05,0.863,0.3626,0.7897,3179.93,3270.92
2021-05-06,0.7829,0.3823,0.8011,3279.37,3256.77
2021-05-13,0.7092,0.3346,0.7,3370.86,3382.28
2021-05-14,0.7401,0.2054,0.7,3332.5,3382.28
2021-05-15,0.6701,0.3772,0.7,3419.39,3382.28
2021-05-20,0.7464,0.2718,0.6963,3324.68,3386.87
2021-05-21,0.7309,0.2952,0.6963,3343.92,3386.87
2021-05-22,0.6101,0.2766,0.6963,3493.88,3386.87
2021-05-31,0.6966,0.6403,0.6966,3386.5,3386.5
2021-06-16,0.5613,0.4209,0.5731,3554.46,3539.81
2021-06-18,0.5801,0.7089,0.542,3531.12,3578.42
2021-06-20,0.5058,0.5932,0.5371,3623.35,3584.5
2021-06-21,0.5038,0.3594,0.5319,3625.84,3590.95
2021-06-24,0.5043,0.3105,0.496,3625.22,3635.52
2021-06-25,0.4822,0.6889,0.4935,3652.65,3638.62
2021-06-26,0.5283,0.1281,0.4935,3595.42,3638.62
2021-06-30,0.4491,0.4481,0.4321,3693.74,3714.84
2021-07-01,0.448,0.3784,0.4321,3695.11,3714.84
2021-07-02,0.4094,0.6,0.4321,3743.02,3714.84
2021-07-03,0.4319,0.2015,0.4394,3715.09,3705.78
2021-07-06,0.4587,0.62,0.4521,3681.82,3690.02
2021-07-11,0.3686,0.5109,0.3686,3793.67,3793.67
2021-07-15,0.4274,0.5312,0.3931,3720.68,3763.26
2021-07-16,0.3649,0.3008,0.3928,3798.26,3763.63
2021-07-17,0.3861,0.3939,0.373,3771.95,3788.21
2021-07-18,0.3804,0.5546,0.373,3779.02,3788.21
2021-07-19,0.3904,0.2381,0.3608,3766.61,3803.35
2021-07-20,0.3278,0.8824,0.3602,3844.32,3804.1
2021-07-26,0.3519,0.2969,0.3519,3814.4,3814.4
2021-08-06,0.3083,0.148,0.3083,3868.53,3868.53
2021-08-17,0.4202,0.272,0.4202,3729.62,3729.62
2021-08-21,0.3009,0.8068,0.3009,3877.71,3877.71
2021-08-25,0.3725,0.4685,0.3106,3788.83,3865.67
2021-08-26,0.295,0.4469,0.3109,3885.04,3865.3
2021-08-27,0.3265,0.1921,0.2953,3845.93,3884.66
2021-08-28,0.278,0.7715,0.2953,3906.14,3884.66
2021-08-29,0.3148,0.1675,0.2837,3860.46,3899.06
2021-08-30,0.2592,0.8871,0.2818,3929.48,3901.42
2021-09-01,0.2979,0.5477,0.3523,3881.44,3813.91
2021-09-04,0.5903,0.4988,0.4464,3518.46,3697.09
2021-09-05,0.5109,0.1477,0.5177,3617.02,3608.58
2021-09-08,0.4424,0.4669,0.4338,3702.06,3712.73
2021-09-09,0.3953,0.241,0.4241,3760.53,3724.77
2021-09-10,0.4207,0.469,0.4241,3728.99,3724.77
2021-09-15,0.4634,0.7097,0.4634,3675.99,3675.99
2021-09-26,0.8229,0.4837,0.773,3229.71,3291.66
2021-09-27,0.7055,0.3571,0.773,3375.45,3291.66
2021-10-04,0.7553,0.4472,0.7798,3313.63,3283.21
2021-10-05,0.7904,0.3957,0.7157,3270.06,3362.79
2021-10-07,0.8255,0.1484,0.7098,3226.48,3370.11
2021-10-08,0.6103,0.603,0.686,3493.63,3399.66
2021-10-09,0.6577,0.1816,0.6499,3434.79,3444.47
2021-10-11,0.6331,0.2125,0.6238,3465.32,3476.87
2021-10-15,0.6129,0.4762,0.6557,3490.4,3437.27
2021-10-16,0.6917,0.1055,0.6557,3392.58,3437.27
2021-10-17,0.6863,0.5432,0.6512,3399.28,3442.86
2021-10-20,0.6323,0.2693,0.6754,3466.32,3412.81
2021-10-21,0.6968,0.2667,0.6644,3386.25,3426.47
2021-10-26,0.7231,0.4193,0.7231,3353.6,3353.6
2021-10-31,0.6318,0.563,0.6318,3466.94,3466.94
2022-05-03,0.8588,0.2262,0.8588,3185.14,3185.14
2022-05-10,0.86,0.3179,0.8449,3183.65,3202.4
2022-05-13,0.8373,0.6341,0.8069,3211.83,3249.57
2022-05-14,0.7153,0.2587,0.7948,3363.28,3264.59
2022-05-15,0.7819,0.4965,0.7948,3280.61,3264.59
2022-05-22,0.742,0.6469,0.742,3330.14,3330.14
2022-05-26,0.8461,0.2144,0.6724,3200.91,3416.54
2022-05-28,0.6681,0.1744,0.6559,3421.88,3437.02
2022-05-29,0.6258,0.7821,0.6559,3474.39,3437.02
2022-05-30,0.5787,0.2507,0.6224,3532.86,3478.61
2022-06-02,0.6232,0.3166,0.6035,3477.61,3502.07
2022-06-07,0.6022,0.4582,0.6022,3503.68,3503.68
2022-06-21,0.4798,0.6272,0.4798,3655.63,3655.63
2022-06-30,0.4783,0.5698,0.4783,3657.49,3657.49
2022-07-04,0.5542,0.2248,0.4896,3563.27,3643.46
2022-07-06,0.4593,0.2421,0.4896,3681.08,3643.46
2022-07-07,0.4802,0.7624,0.4896,3655.13,3643.46
2022-07-15,0.3632,0.1809,0.34,3800.37,3829.17
2022-07-16,0.335,0.8438,0.34,3835.38,3829.17
2022-07-28,0.3236,0.5262,0.322,3849.53,3851.52
2022-07-29,0.3588,0.3128,0.3124,3805.84,3863.44
2022-07-30,0.3056,0.7541,0.3124,3871.88,3863.44
2022-08-01,0.2945,0.8498,0.3008,3885.66,3877.84
2022-08-04,0.2614,0.4144,0.2836,3926.75,3899.19
2022-08-09,0.2921,0.2164,0.2783,3888.64,3905.77
2022-08-10,0.2739,0.6766,0.2853,3911.23,3897.08
2022-08-13,0.3014,0.3869,0.2743,3877.09,3910.73
2022-08-14,0.2084,0.1788,0.2491,3992.54,3942.02
2022-08-16,0.2915,0.0947,0.2455,3889.38,3946.49
2022-08-17,0.2291,0.8519,0.2288,3966.84,3967.22
2022-08-18,0.2143,0.1711,0.2392,3985.22,3954.31
2022-08-21,0.2609,0.3627,0.2863,3927.37,3895.84
2022-08-23,0.3238,0.2452,0.2873,3849.29,3894.6
2022-08-24,0.301,0.8362,0.2873,3877.59,3894.6
2022-08-25,0.2361,0.2111,0.2826,3958.15,3900.43
2022-08-28,0.2449,0.4153,0.2372,3947.23,3956.79
2022-08-29,0.2322,0.2931,0.2374,3963.0,3956.54
2022-08-30,0.2789,0.3101,0.2374,3905.02,3956.54
2022-08-31,0.2085,0.5004,0.2374,3992.42,3956.54
2022-09-06,0.5506,0.3703,0.4766,3567.74,3659.6
2022-09-07,0.4664,0.659,0.4766,3672.26,3659.6
2022-09-08,0.5503,0.2046,0.4456,3568.11,3698.08
2022-09-09,0.4328,0.8164,0.4404,3713.97,3704.54
2022-09-11,0.3592,0.7353,0.4754,3805.34,3661.09
2022-09-12,0.3668,0.1992,0.4682,3795.91,3670.03
2022-09-14,0.789,0.4032,0.4899,3271.79,3643.09
2022-09-18,0.4815,0.7196,0.4815,3653.52,3653.52
2022-09-25,0.7655,0.8733,0.7459,3300.97,3325.3
2022-09-26,0.6625,0.2053,0.7459,3428.83,3325.3
2022-10-01,0.6887,0.1802,0.6887,3396.3,3396.3
2022-10-07,0.6922,0.4386,0.7094,3391.96,3370.61
2022-10-08,0.7341,0.3054,0.7094,3339.95,3370.61
2022-10-26,0.6545,0.2195,0.6241,3438.76,3476.5
2022-10-28,0.537,0.345,0.6393,3584.62,3457.63
2022-10-29,0.7559,0.1771,0.6393,3312.88,3457.63
2022-10-30,0.6605,0.5345,0.6362,3431.31,3461.48
2023-05-04,0.8343,0.6686,0.8343,3215.56,3215.56
2023-05-16,0.8659,0.9043,0.8608,3176.33,3182.66
2023-05-18,0.8491,0.3929,0.8608,3197.19,3182.66
2023-05-24,0.7667,0.2484,0.7903,3299.48,3270.18
2023-05-25,0.8068,0.3536,0.7903,3249.7,3270.18
2023-06-08,0.694,0.1712,0.694,3389.72,3389.72
2023-06-23,0.6916,0.5408,0.603,3392.7,3502.69
2023-06-25,0.5747,0.3192,0.5843,3537.82,3525.9
2023-06-26,0.5539,0.7907,0.5843,3563.64,3525.9
2023-06-28,0.542,0.7331,0.5528,3578.42,3565.01
2023-07-02,0.5961,0.219,0.5272,3511.26,3596.79
2023-07-03,0.5065,0.9033,0.5079,3622.48,3620.75
2023-07-04,0.5469,0.1835,0.504,3572.33,3625.59
2023-07-06,0.4544,0.4705,0.4931,3687.16,3639.12
2023-07-07,0.4807,0.3002,0.4805,3654.51,3654.76
2023-07-12,0.6962,0.3091,0.5749,3386.99,3537.57
2023-07-13,0.5277,0.6623,0.5749,3596.17,3537.57
2023-07-14,0.5324,0.1477,0.5749,3590.33,3537.57
2023-07-20,0.4209,0.5762,0.3963,3728.75,3759.28
2023-07-21,0.3026,0.1264,0.3963,3875.6,3759.28
2023-07-22,0.3931,0.7111,0.4056,3763.26,3747.74
2023-07-25,0.4437,0.343,0.3858,3700.44,3772.32
2023-07-26,0.423,0.2109,0.3857,3726.14,3772.44
2023-07-27,0.3503,0.9276,0.3853,3816.39,3772.94
2023-07-29,0.3974,0.4333,0.3606,3757.92,3803.6
2023-07-30,0.3832,0.3662,0.3558,3775.55,3809.56
2023-07-31,0.3888,0.2577,0.3569,3768.6,3808.2
2023-08-01,0.3137,0.7466,0.3569,3861.82,3808.2
2023-08-03,0.3511,0.5563,0.3357,3815.4,3834.51
2023-08-05,0.3789,0.3488,0.3332,3780.88,3837.62
2023-08-06,0.3035,0.6456,0.3331,3874.49,3837.74
2023-08-07,0.4595,0.1939,0.3286,3680.83,3843.33
2023-08-08,0.2981,0.8905,0.3286,3881.19,3843.33
2023-08-09,0.3322,0.1442,0.3122,3838.86,3863.69
2023-08-12,0.2248,0.1514,0.2979,3972.18,3881.44
2023-08-13,0.2709,0.7666,0.2883,3914.95,3893.35
2023-08-14,0.2429,0.2048,0.292,3949.71,3888.76
2023-08-15,0.3983,0.3797,0.2998,3756.8,3879.08
2023-08-16,0.2641,0.3946,0.3041,3923.4,3873.74
2023-08-17,0.309,0.4112,0.3062,3867.66,3871.13
2023-08-18,0.3383,0.4679,0.3115,3831.29,3864.55
2023-08-20,0.2789,0.7911,0.2929,3905.02,3887.64
2023-08-23,0.2607,0.5245,0.2759,3927.62,3908.75
2023-08-24,0.2963,0.2719,0.2747,3883.42,3910.24
2023-08-27,0.2771,0.5978,0.2631,3907.26,3924.64
2023-08-28,0.2445,0.398,0.2636,3947.73,3924.02
2023-08-30,0.248,0.6659,0.256,3943.38,3933.45
2023-08-31,0.3127,0.2011,0.2502,3863.06,3940.65
2023-09-01,0.2405,0.9056,0.2515,3952.69,3939.04
2023-09-10,0.7519,0.3066,0.6572,3317.85,3435.41
2023-09-11,0.5962,0.476,0.6572,3511.13,3435.41
2023-09-15,0.7977,0.3245,0.6415,3260.99,3454.9
2023-09-16,0.6467,0.4594,0.6329,3448.44,3465.57
2023-09-18,0.5618,0.6665,0.6083,3553.84,3496.11
2023-09-19,0.5289,0.1198,0.5671,3594.68,3547.26
2023-09-20,0.539,0.5581,0.5121,3582.14,3615.53
2023-09-22,0.5256,0.31,0.4909,3598.77,3641.85
2023-09-23,0.418,0.5777,0.4846,3732.35,3649.67
2023-09-26,0.4659,0.2502,0.4433,3672.88,3700.94
2023-09-27,0.4896,0.4788,0.4557,3643.46,3685.55
2023-09-28,0.4137,0.4473,0.4557,3737.68,3685.55
2023-10-04,0.8906,0.3117,0.7641,3145.67,3302.7
2023-10-05,0.7572,0.7067,0.7564,3311.27,3312.26
2023-10-07,0.7041,0.5769,0.7564,3377.19,3312.26
2023-10-08,0.7023,0.2269,0.7334,3379.42,3340.81
2023-10-11,0.7831,0.1445,0.6628,3279.12,3428.46
2023-10-12,0.6649,0.5597,0.6553,3425.85,3437.77
2023-10-13,0.5632,0.174,0.643,3552.1,3453.04
2023-10-14,0.6311,0.3228,0.6208,3467.81,3480.59
2023-10-16,0.5704,0.203,0.5799,3543.16,3531.37
2023-10-17,0.5552,0.4747,0.5992,3562.03,3507.41
2023-10-20,0.6474,0.3397,0.6028,3447.57,3502.94
2023-10-22,0.6033,0.4888,0.5992,3502.32,3507.41
2023-10-23,0.655,0.1386,0.5992,3438.14,3507.41
2023-10-25,0.4586,0.1859,0.579,3681.95,3532.48
2023-10-30,0.4653,0.1049,0.5124,3673.63,3615.16
2023-10-31,0.524,0.4242,0.5124,3600.76,3615.16
2024-05-18,0.9315,0.234,0.9146,3094.9,3115.88
2024-05-21,0.9082,0.6193,0.8386,3123.82,3210.22
2024-05-23,0.8099,0.2724,0.8235,3245.85,3228.97
2024-05-24,0.7333,0.5408,0.8235,3340.94,3228.97
2024-06-02,0.7877,0.4778,0.6664,3273.41,3423.99
2024-06-04,0.6619,0.2424,0.6486,3429.57,3446.08
2024-06-05,0.5922,0.7673,0.6486,3516.1,3446.08
2024-06-06,0.5348,0.2315,0.5951,3587.35,3512.5
2024-06-17,0.5078,0.4999,0.5047,3620.87,3624.72
2024-06-18,0.4995,0.2917,0.5206,3631.17,3604.98
2024-06-21,0.6139,0.1342,0.4563,3489.16,3684.8
2024-06-22,0.4359,0.7466,0.4293,3710.13,3718.32
2024-06-23,0.4092,0.1353,0.4293,3743.27,3718.32
2024-06-24,0.4363,0.606,0.4293,3709.63,3718.32
2024-06-25,0.3528,0.407,0.4163,3813.28,3734.46
2024-07-04,0.375,0.8643,0.3787,3785.73,3781.13
2024-07-06,0.385,0.499,0.3731,3773.31,3788.08
2024-07-09,0.3614,0.6402,0.3956,3802.61,3760.15
2024-07-11,0.4793,0.325,0.3723,3656.25,3789.08
2024-07-14,0.3299,0.6556,0.3574,3841.71,3807.57
2024-07-16,0.3167,0.5296,0.323,3858.1,3850.28
2024-07-19,0.3215,0.7345,0.3195,3852.14,3854.62
2024-07-23,0.3516,0.2661,0.3516,3814.77,3814.77
2024-07-29,0.3492,0.4823,0.3571,3817.75,3807.95
2024-07-30,0.3704,0.287,0.3457,3791.44,3822.1
2024-08-02,0.3283,0.5061,0.3147,3843.7,3860.58
2024-08-03,0.3017,0.3494,0.3061,3876.72,3871.26
2024-08-04,0.3577,0.3011,0.2993,3807.2,3879.7
2024-08-05,0.2701,0.7023,0.2993,3915.95,3879.7
2024-08-07,0.2829,0.764,0.2953,3900.06,3884.66
2024-08-09,0.3157,0.4057,0.2943,3859.34,3885.91
2024-08-13,0.2455,0.2536,0.2653,3946.49,3921.91
2024-08-14,0.3093,0.3331,0.2645,3867.29,3922.9
2024-08-15,0.2477,0.5506,0.2618,3943.75,3926.25
2024-08-17,0.2635,0.8042,0.2579,3924.14,3931.09
2024-08-18,0.2405,0.25,0.2581,3952.69,3930.84
2024-08-19,0.2584,0.5452,0.2606,3930.47,3927.74
2024-08-20,0.2312,0.4431,0.2606,3964.24,3927.74
2024-08-21,0.3147,0.312,0.2591,3860.58,3929.6
2024-08-27,0.3954,0.4624,0.2826,3760.4,3900.43
2024-08-29,0.1858,0.4295,0.3128,4020.6,3862.94
2024-08-30,0.2454,0.2856,0.3103,3946.61,3866.04
2024-08-31,0.3799,0.3844,0.2802,3779.64,3903.41
2024-09-01,0.3418,0.3406,0.2838,3826.94,3898.94
2024-09-02,0.2801,0.1616,0.3033,3903.53,3874.73
2024-09-03,0.2687,0.7644,0.3122,3917.69,3863.69
2024-09-04,0.3227,0.2153,0.2946,3850.65,3885.53
2024-09-11,0.3176,0.3161,0.3176,3856.98,3856.98
2024-09-15,0.3506,0.5725,0.3506,3816.02,3816.02
2024-09-22,0.6544,0.3517,0.6544,3438.88,3438.88
2024-09-26,0.6182,0.1998,0.5586,3483.82,3557.81
2024-09-27,0.587,0.3049,0.5326,3522.55,3590.08
2024-09-28,0.4927,0.3718,0.5326,3639.62,3590.08
2024-09-29,0.5768,0.2137,0.5326,3535.21,3590.08
2024-09-30,0.4921,0.6992,0.5621,3640.36,3553.46
2024-10-03,0.7424,0.3546,0.6044,3329.64,3500.95
2024-10-05,0.6528,0.6048,0.6484,3440.87,3446.33
2024-10-06,0.6068,0.1349,0.651,3497.97,3443.1
2024-10-07,0.6021,0.6544,0.6306,3503.81,3468.43
2024-10-09,0.674,0.1956,0.6626,3414.55,3428.7
2024-10-12,0.738,0.5956,0.7222,3335.1,3354.72
2024-10-19,0.893,0.3216,0.893,3142.69,3142.69
2024-10-23,0.7379,0.2055,0.7379,3335.23,3335.23
2024-10-27,0.7799,0.8894,0.7694,3283.09,3296.12
2024-10-29,0.7887,0.6738,0.7775,3272.17,3286.07
2024-10-30,0.7188,0.4404,0.7775,3358.94,3286.07
2024-10-31,0.8236,0.3525,0.7761,3228.84,3287.81
2025-05-07,0.9064,0.6108,0.8996,3126.05,3134.5
2025-05-09,0.8759,0.1761,0.8996,3163.92,3134.5
2025-05-15,0.8887,0.6653,0.8618,3148.03,3181.42
2025-05-16,0.8239,0.2086,0.8618,3228.47,3181.42
2025-05-17,0.8372,0.4054,0.8548,3211.96,3190.11
2025-05-20,0.8395,0.5872,0.8336,3209.1,3216.43
2025-05-22,0.8247,0.5447,0.8311,3227.48,3219.53
2025-05-24,0.7411,0.3142,0.8278,3331.26,3223.63
2025-05-25,0.8707,0.6757,0.8278,3170.37,3223.63
2025-06-04,0.7177,0.5207,0.6687,3360.3,3421.13
2025-06-06,0.6605,0.653,0.6649,3431.31,3425.85
2025-06-07,0.5865,0.2458,0.6649,3523.17,3425.85
2025-06-08,0.6461,0.289,0.6417,3449.19,3454.65
2025-06-13,0.6263,0.3926,0.6263,3473.77,3473.77
2025-06-18,0.8174,0.445,0.7328,3236.54,3341.56
2025-06-19,0.6843,0.5476,0.7328,3401.77,3341.56
2025-06-20,0.6645,0.162,0.7206,3426.35,3356.7
2025-06-23,0.6615,0.2379,0.6341,3430.07,3464.08
2025-06-24,0.6668,0.4715,0.621,3423.49,3480.35
2025-06-25,0.6651,0.1305,0.6086,3425.6,3495.74
2025-06-26,0.5941,0.7733,0.6086,3513.74,3495.74
2025-06-27,0.5235,0.1667,0.6024,3601.38,3503.44
2025-06-28,0.5634,0.486,0.5821,3551.85,3528.64
2025-07-01,0.5804,0.7977,0.574,3530.75,3538.69
2025-07-08,0.5156,0.4152,0.5111,3611.19,3616.77
2025-07-10,0.5014,0.1656,0.4857,3628.82,3648.3
2025-07-11,0.5107,0.7368,0.477,3617.27,3659.11
2025-07-12,0.4302,0.222,0.4688,3717.2,3669.28
2025-07-13,0.4297,0.3763,0.4688,3717.82,3669.28
2025-07-14,0.4406,0.4622,0.4658,3704.29,3673.01
2025-07-18,0.4517,0.4449,0.4517,3690.51,3690.51
2025-07-22,0.4602,0.1514,0.4417,3679.96,3702.93
2025-07-23,0.4605,0.4827,0.4417,3679.59,3702.93
2025-07-24,0.4098,0.3353,0.431,3742.53,3716.21
2025-07-25,0.4368,0.2523,0.4184,3709.01,3731.85
2025-07-27,0.3484,0.1568,0.3817,3818.75,3777.41
2025-07-28,0.3828,0.4916,0.362,3776.04,3801.86
2025-07-29,0.3266,0.4325,0.3534,3845.81,3812.54
2025-07-30,0.3991,0.296,0.3497,3755.81,3817.13
2025-07-31,0.334,0.809,0.3498,3836.62,3817.01
2025-08-02,0.3352,0.5545,0.3368,3835.13,3833.15
2025-08-05,0.3173,0.7872,0.3274,3857.35,3844.82
2025-08-06,0.4244,0.1997,0.3246,3724.4,3848.29
2025-08-07,0.3002,0.5788,0.3246,3878.58,3848.29
2025-08-11,0.3092,0.1376,0.3304,3867.41,3841.09
2025-08-12,0.3425,0.4592,0.3178,3826.07,3856.73
2025-08-13,0.2907,0.4146,0.3178,3890.37,3856.73
2025-08-14,0.385,0.2527,0.3265,3773.31,3845.93
2025-08-15,0.288,0.5343,0.3172,3893.73,3857.48
2025-08-17,0.3524,0.6003,0.2972,3813.78,3882.31
2025-08-18,0.2588,0.3991,0.2881,3929.98,3893.6
2025-08-19,0.3443,0.3385,0.3021,3823.84,3876.22
2025-08-20,0.204,0.5463,0.2996,3998.0,3879.33
2025-08-22,0.3405,0.6901,0.2916,3828.55,3889.26
2025-08-23,0.2809,0.3535,0.2803,3902.54,3903.29
2025-08-27,0.1989,0.4012,0.2361,4004.33,3958.15
2025-08-28,0.2261,0.2235,0.2354,3970.57,3959.02
2025-08-29,0.2939,0.359,0.2435,3886.4,3948.97
2025-08-30,0.2305,0.6381,0.2435,3965.11,3948.97
2025-08-31,0.2254,0.1079,0.2521,3971.44,3938.29
2025-09-01,0.262,0.7475,0.2552,3926.0,3934.44
2025-09-05,0.3159,0.1138,0.3325,3859.09,3838.49
2025-09-06,0.3355,0.6288,0.3325,3834.76,3838.49
2025-09-13,0.776,0.2225,0.6811,3287.93,3405.74
2025-09-14,0.7029,0.4476,0.6811,3378.68,3405.74
2025-09-15,0.7031,0.1705,0.6811,3378.43,3405.74
2025-09-16,0.6011,0.433,0.6811,3505.05,3405.74
2025-09-21,0.8957,0.8306,0.8415,3139.34,3206.62
2025-09-22,0.8283,0.3499,0.8423,3223.01,3205.63
2025-09-23,0.8713,0.4351,0.8423,3169.63,3205.63
2025-09-24,0.759,0.6462,0.8423,3309.03,3205.63
2025-09-25,0.8548,0.1321,0.8139,3190.11,3240.88
2025-10-01,0.8226,0.7267,0.8061,3230.08,3250.57
2025-10-03,0.8549,0.2439,0.8012,3189.99,3256.65
2025-10-04,0.7552,0.4693,0.784,3313.75,3278.0
2025-10-05,0.8722,0.1175,0.7655,3168.51,3300.97
2025-10-06,0.768,0.4653,0.7655,3297.86,3300.97
2025-10-07,0.6202,0.2116,0.7482,3481.34,3322.44
2025-10-14,0.732,0.3884,0.7325,3342.55,3341.93
2025-10-16,0.7386,0.4756,0.7325,3334.36,3341.93
2025-10-17,0.7228,0.2839,0.7325,3353.97,3341.93
2025-10-21,0.7181,0.693,0.7116,3359.81,3367.88
2025-10-22,0.6849,0.1693,0.7116,3401.02,3367.88
2025-10-31,0.8409,0.7099,0.8409,3207.37,3207.37
