date,SLA_weighted_20day,predicted_SLA_smoothed_WLS,Final_Composite_SLA,Data_Source,glacier_glims_id
2000-05-04,,2783.07,2783.07,MODIS WLS (Proxy),G043043E42994N
2000-05-15,,2822.18,2822.18,MODIS WLS (Proxy),G043043E42994N
2000-05-21,,2970.53,2970.53,MODIS WLS (Proxy),G043043E42994N
2000-05-22,,2970.53,2970.53,MODIS WLS (Proxy),G043043E42994N
2000-06-16,,3162.15,3162.15,MODIS WLS (Proxy),G043043E42994N
2000-06-25,,3091.29,3091.29,MODIS WLS (Proxy),G043043E42994N
2000-07-04,,3344.33,3344.33,MODIS WLS (Proxy),G043043E42994N
2000-07-09,,3272.61,3272.61,MODIS WLS (Proxy),G043043E42994N
2000-07-10,,3272.61,3272.61,MODIS WLS (Proxy),G043043E42994N
2000-07-14,,3334.65,3334.65,MODIS WLS (Proxy),G043043E42994N
2000-07-15,,3334.65,3334.65,MODIS WLS (Proxy),G043043E42994N
2000-07-16,,3334.65,3334.65,MODIS WLS (Proxy),G043043E42994N
2000-07-17,,3339.55,3339.55,MODIS WLS (Proxy),G043043E42994N
2000-07-20,,3384.18,3384.18,MODIS WLS (Proxy),G043043E42994N
2000-07-21,,3392.27,3392.27,MODIS WLS (Proxy),G043043E42994N
2000-07-22,,3386.38,3386.38,MODIS WLS (Proxy),G043043E42994N
2000-07-25,,3392.27,3392.27,MODIS WLS (Proxy),G043043E42994N
2000-07-29,,3426.23,3426.23,MODIS WLS (Proxy),G043043E42994N
2000-07-30,,3426.23,3426.23,MODIS WLS (Proxy),G043043E42994N
2000-08-20,,3430.89,3430.89,MODIS WLS (Proxy),G043043E42994N
2000-09-02,,3328.39,3328.39,MODIS WLS (Proxy),G043043E42994N
2000-09-05,,3328.39,3328.39,MODIS WLS (Proxy),G043043E42994N
2000-09-09,,3336.61,3336.61,MODIS WLS (Proxy),G043043E42994N
2000-09-11,,3336.61,3336.61,MODIS WLS (Proxy),G043043E42994N
2000-09-19,,3360.39,3360.39,MODIS WLS (Proxy),G043043E42994N
2000-10-14,,2782.83,2782.83,MODIS WLS (Proxy),G043043E42994N
2000-10-15,,2782.83,2782.83,MODIS WLS (Proxy),G043043E42994N
2001-05-01,,2872.69,2872.69,MODIS WLS (Proxy),G043043E42994N
2001-05-07,,2889.73,2889.73,MODIS WLS (Proxy),G043043E42994N
2001-05-25,,2881.4,2881.4,MODIS WLS (Proxy),G043043E42994N
2001-05-26,,2881.4,2881.4,MODIS WLS (Proxy),G043043E42994N
2001-06-13,,3101.46,3101.46,MODIS WLS (Proxy),G043043E42994N
2001-06-14,,3101.46,3101.46,MODIS WLS (Proxy),G043043E42994N
2001-07-06,,3229.33,3229.33,MODIS WLS (Proxy),G043043E42994N
2001-07-15,,3247.48,3247.48,MODIS WLS (Proxy),G043043E42994N
2001-07-16,,3247.48,3247.48,MODIS WLS (Proxy),G043043E42994N
2001-07-17,,3247.48,3247.48,MODIS WLS (Proxy),G043043E42994N
2001-07-22,,3318.95,3318.95,MODIS WLS (Proxy),G043043E42994N
2001-07-25,,3329.25,3329.25,MODIS WLS (Proxy),G043043E42994N
2001-07-26,,3371.3,3371.3,MODIS WLS (Proxy),G043043E42994N
2001-07-27,,3375.1,3375.1,MODIS WLS (Proxy),G043043E42994N
2001-07-29,,3373.02,3373.02,MODIS WLS (Proxy),G043043E42994N
2001-07-30,,3379.27,3379.27,MODIS WLS (Proxy),G043043E42994N
2001-08-02,,3365.91,3365.91,MODIS WLS (Proxy),G043043E42994N
2001-08-04,,3364.32,3364.32,MODIS WLS (Proxy),G043043E42994N
2001-08-06,,3354.51,3354.51,MODIS WLS (Proxy),G043043E42994N
2001-08-11,,3449.28,3449.28,MODIS WLS (Proxy),G043043E42994N
2001-08-12,,3449.28,3449.28,MODIS WLS (Proxy),G043043E42994N
2001-08-13,,3449.28,3449.28,MODIS WLS (Proxy),G043043E42994N
2001-08-14,,3449.28,3449.28,MODIS WLS (Proxy),G043043E42994N
2001-08-29,,3056.22,3056.22,MODIS WLS (Proxy),G043043E42994N
2001-09-01,,3132.85,3132.85,MODIS WLS (Proxy),G043043E42994N
2001-09-03,,3146.82,3146.82,MODIS WLS (Proxy),G043043E42994N
2001-09-06,,3254.83,3254.83,MODIS WLS (Proxy),G043043E42994N
2001-09-07,,3137.63,3137.63,MODIS WLS (Proxy),G043043E42994N
2001-09-10,,3119.85,3119.85,MODIS WLS (Proxy),G043043E42994N
2001-09-11,,3097.17,3097.17,MODIS WLS (Proxy),G043043E42994N
2001-09-15,,3146.46,3146.46,MODIS WLS (Proxy),G043043E42994N
2001-09-24,,3211.92,3211.92,MODIS WLS (Proxy),G043043E42994N
2001-10-01,,2907.27,2907.27,MODIS WLS (Proxy),G043043E42994N
2001-10-03,,2907.27,2907.27,MODIS WLS (Proxy),G043043E42994N
2001-10-08,,3093.98,3093.98,MODIS WLS (Proxy),G043043E42994N
2001-10-09,,3093.98,3093.98,MODIS WLS (Proxy),G043043E42994N
2001-10-10,,3093.98,3093.98,MODIS WLS (Proxy),G043043E42994N
2001-10-26,,2796.68,2796.68,MODIS WLS (Proxy),G043043E42994N
2001-10-27,,2796.68,2796.68,MODIS WLS (Proxy),G043043E42994N
2002-05-01,,2744.09,2744.09,MODIS WLS (Proxy),G043043E42994N
2002-05-14,,2921.24,2921.24,MODIS WLS (Proxy),G043043E42994N
2002-05-15,,2921.24,2921.24,MODIS WLS (Proxy),G043043E42994N
2002-05-16,,2921.24,2921.24,MODIS WLS (Proxy),G043043E42994N
2002-05-20,,2924.67,2924.67,MODIS WLS (Proxy),G043043E42994N
2002-05-22,,2924.67,2924.67,MODIS WLS (Proxy),G043043E42994N
2002-05-27,,3010.13,3010.13,MODIS WLS (Proxy),G043043E42994N
2002-06-04,,2882.5,2882.5,MODIS WLS (Proxy),G043043E42994N
2002-06-10,,2987.32,2987.32,MODIS WLS (Proxy),G043043E42994N
2002-06-11,,2987.32,2987.32,MODIS WLS (Proxy),G043043E42994N
2002-06-15,,3024.96,3024.96,MODIS WLS (Proxy),G043043E42994N
2002-06-16,,3024.96,3024.96,MODIS WLS (Proxy),G043043E42994N
2002-06-22,,3033.42,3033.42,MODIS WLS (Proxy),G043043E42994N
2002-06-23,,3048.99,3048.99,MODIS WLS (Proxy),G043043E42994N
2002-06-24,,3048.99,3048.99,MODIS WLS (Proxy),G043043E42994N
2002-06-25,,3048.99,3048.99,MODIS WLS (Proxy),G043043E42994N
2002-06-26,,3054.75,3054.75,MODIS WLS (Proxy),G043043E42994N
2002-07-11,,3152.1,3152.1,MODIS WLS (Proxy),G043043E42994N
2002-07-19,,3333.3,3333.3,MODIS WLS (Proxy),G043043E42994N
2002-07-20,,3333.3,3333.3,MODIS WLS (Proxy),G043043E42994N
2002-07-21,,3333.3,3333.3,MODIS WLS (Proxy),G043043E42994N
2002-07-27,,3130.52,3130.52,MODIS WLS (Proxy),G043043E42994N
2002-07-31,,3130.89,3130.89,MODIS WLS (Proxy),G043043E42994N
2002-08-13,,3309.27,3309.27,MODIS WLS (Proxy),G043043E42994N
2002-08-14,,3309.27,3309.27,MODIS WLS (Proxy),G043043E42994N
2002-08-25,,3290.76,3290.76,MODIS WLS (Proxy),G043043E42994N
2002-08-31,,3361.99,3361.99,MODIS WLS (Proxy),G043043E42994N
2002-09-05,,3268.81,3268.81,MODIS WLS (Proxy),G043043E42994N
2002-09-06,,3268.81,3268.81,MODIS WLS (Proxy),G043043E42994N
2002-09-14,,3142.41,3142.41,MODIS WLS (Proxy),G043043E42994N
2002-09-20,,2920.38,2920.38,MODIS WLS (Proxy),G043043E42994N
2002-09-23,,3035.26,3035.26,MODIS WLS (Proxy),G043043E42994N
2002-09-25,,3220.38,3220.38,MODIS WLS (Proxy),G043043E42994N
2002-10-06,,2920.51,2920.51,MODIS WLS (Proxy),G043043E42994N
2002-10-07,,2920.51,2920.51,MODIS WLS (Proxy),G043043E42994N
2002-10-13,,3152.1,3152.1,MODIS WLS (Proxy),G043043E42994N
2002-10-18,,3029.25,3029.25,MODIS WLS (Proxy),G043043E42994N
2002-10-19,,2818.14,2818.14,MODIS WLS (Proxy),G043043E42994N
2002-10-22,,2699.46,2699.46,MODIS WLS (Proxy),G043043E42994N
2003-05-01,,2933.5,2933.5,MODIS WLS (Proxy),G043043E42994N
2003-05-02,,2933.5,2933.5,MODIS WLS (Proxy),G043043E42994N
2003-05-10,,2958.14,2958.14,MODIS WLS (Proxy),G043043E42994N
2003-05-21,,3110.04,3110.04,MODIS WLS (Proxy),G043043E42994N
2003-05-24,,3129.05,3129.05,MODIS WLS (Proxy),G043043E42994N
2003-05-25,,3140.57,3140.57,MODIS WLS (Proxy),G043043E42994N
2003-06-07,,3001.67,3001.67,MODIS WLS (Proxy),G043043E42994N
2003-06-11,,3202.85,3202.85,MODIS WLS (Proxy),G043043E42994N
2003-06-18,,3090.67,3090.67,MODIS WLS (Proxy),G043043E42994N
2003-06-19,,3090.67,3090.67,MODIS WLS (Proxy),G043043E42994N
2003-06-20,,3090.67,3090.67,MODIS WLS (Proxy),G043043E42994N
2003-06-25,,3061.74,3061.74,MODIS WLS (Proxy),G043043E42994N
2003-07-03,,3196.35,3196.35,MODIS WLS (Proxy),G043043E42994N
2003-07-04,,3196.35,3196.35,MODIS WLS (Proxy),G043043E42994N
2003-07-11,,3275.92,3275.92,MODIS WLS (Proxy),G043043E42994N
2003-07-14,,3275.92,3275.92,MODIS WLS (Proxy),G043043E42994N
2003-08-16,,3388.59,3388.59,MODIS WLS (Proxy),G043043E42994N
2003-08-17,,3388.59,3388.59,MODIS WLS (Proxy),G043043E42994N
2003-08-18,,3395.33,3395.33,MODIS WLS (Proxy),G043043E42994N
2003-08-21,,3420.1,3420.1,MODIS WLS (Proxy),G043043E42994N
2003-08-25,,3387.49,3387.49,MODIS WLS (Proxy),G043043E42994N
2003-08-27,,3387.49,3387.49,MODIS WLS (Proxy),G043043E42994N
2003-09-01,,3399.99,3399.99,MODIS WLS (Proxy),G043043E42994N
2003-09-02,,3450.38,3450.38,MODIS WLS (Proxy),G043043E42994N
2003-09-05,,3456.14,3456.14,MODIS WLS (Proxy),G043043E42994N
2003-09-09,,3053.04,3053.04,MODIS WLS (Proxy),G043043E42994N
2003-09-23,,3050.95,3050.95,MODIS WLS (Proxy),G043043E42994N
2003-10-05,,3108.94,3108.94,MODIS WLS (Proxy),G043043E42994N
2003-10-07,,3108.94,3108.94,MODIS WLS (Proxy),G043043E42994N
2003-10-15,,3333.3,3333.3,MODIS WLS (Proxy),G043043E42994N
2004-05-02,,2866.07,2866.07,MODIS WLS (Proxy),G043043E42994N
2004-05-05,,2866.07,2866.07,MODIS WLS (Proxy),G043043E42994N
2004-05-22,,2906.9,2906.9,MODIS WLS (Proxy),G043043E42994N
2004-05-23,,2906.9,2906.9,MODIS WLS (Proxy),G043043E42994N
2004-06-05,,2844.86,2844.86,MODIS WLS (Proxy),G043043E42994N
2004-06-12,,2924.92,2924.92,MODIS WLS (Proxy),G043043E42994N
2004-06-13,,2924.92,2924.92,MODIS WLS (Proxy),G043043E42994N
2004-06-14,,2924.92,2924.92,MODIS WLS (Proxy),G043043E42994N
2004-06-15,,2930.44,2930.44,MODIS WLS (Proxy),G043043E42994N
2004-06-18,,3074.37,3074.37,MODIS WLS (Proxy),G043043E42994N
2004-06-30,,2948.83,2948.83,MODIS WLS (Proxy),G043043E42994N
2004-07-02,,2959.62,2959.62,MODIS WLS (Proxy),G043043E42994N
2004-07-03,,2959.62,2959.62,MODIS WLS (Proxy),G043043E42994N
2004-07-04,,3065.79,3065.79,MODIS WLS (Proxy),G043043E42994N
2004-07-07,,3146.95,3146.95,MODIS WLS (Proxy),G043043E42994N
2004-07-11,,3173.92,3173.92,MODIS WLS (Proxy),G043043E42994N
2004-07-14,,3173.92,3173.92,MODIS WLS (Proxy),G043043E42994N
2004-07-28,,3269.42,3269.42,MODIS WLS (Proxy),G043043E42994N
2004-07-29,,3271.02,3271.02,MODIS WLS (Proxy),G043043E42994N
2004-07-30,,3276.66,3276.66,MODIS WLS (Proxy),G043043E42994N
2004-07-31,,3276.66,3276.66,MODIS WLS (Proxy),G043043E42994N
2004-08-01,,3275.55,3275.55,MODIS WLS (Proxy),G043043E42994N
2004-08-02,,3278.01,3278.01,MODIS WLS (Proxy),G043043E42994N
2004-08-14,,3237.18,3237.18,MODIS WLS (Proxy),G043043E42994N
2004-08-15,,3258.27,3258.27,MODIS WLS (Proxy),G043043E42994N
2004-08-16,,3258.27,3258.27,MODIS WLS (Proxy),G043043E42994N
2004-08-18,,3265.13,3265.13,MODIS WLS (Proxy),G043043E42994N
2004-08-28,,3310.13,3310.13,MODIS WLS (Proxy),G043043E42994N
2004-09-08,,3081.97,3081.97,MODIS WLS (Proxy),G043043E42994N
2004-09-14,,3176.74,3176.74,MODIS WLS (Proxy),G043043E42994N
2004-09-15,,3176.74,3176.74,MODIS WLS (Proxy),G043043E42994N
2004-09-21,,3319.08,3319.08,MODIS WLS (Proxy),G043043E42994N
2004-09-25,,3347.64,3347.64,MODIS WLS (Proxy),G043043E42994N
2004-09-26,,3347.64,3347.64,MODIS WLS (Proxy),G043043E42994N
2004-09-28,,3358.68,3358.68,MODIS WLS (Proxy),G043043E42994N
2004-09-30,,3378.54,3378.54,MODIS WLS (Proxy),G043043E42994N
2004-10-07,,3093.0,3093.0,MODIS WLS (Proxy),G043043E42994N
2004-10-08,,2884.22,2884.22,MODIS WLS (Proxy),G043043E42994N
2004-10-11,,2808.45,2808.45,MODIS WLS (Proxy),G043043E42994N
2004-10-14,,2778.66,2778.66,MODIS WLS (Proxy),G043043E42994N
2004-10-23,,2766.4,2766.4,MODIS WLS (Proxy),G043043E42994N
2004-10-26,,2831.01,2831.01,MODIS WLS (Proxy),G043043E42994N
2004-10-27,,2905.43,2905.43,MODIS WLS (Proxy),G043043E42994N
2005-05-06,,2838.61,2838.61,MODIS WLS (Proxy),G043043E42994N
2005-05-10,,2857.98,2857.98,MODIS WLS (Proxy),G043043E42994N
2005-05-11,,2857.98,2857.98,MODIS WLS (Proxy),G043043E42994N
2005-05-17,,2910.82,2910.82,MODIS WLS (Proxy),G043043E42994N
2005-05-18,,2991.86,2991.86,MODIS WLS (Proxy),G043043E42994N
2005-05-21,,3016.5,3016.5,MODIS WLS (Proxy),G043043E42994N
2005-05-22,,3040.9,3040.9,MODIS WLS (Proxy),G043043E42994N
2005-05-28,,2977.51,2977.51,MODIS WLS (Proxy),G043043E42994N
2005-05-29,,2977.51,2977.51,MODIS WLS (Proxy),G043043E42994N
2005-06-08,,3036.85,3036.85,MODIS WLS (Proxy),G043043E42994N
2005-06-09,,3036.85,3036.85,MODIS WLS (Proxy),G043043E42994N
2005-06-10,,3036.85,3036.85,MODIS WLS (Proxy),G043043E42994N
2005-06-11,,3036.85,3036.85,MODIS WLS (Proxy),G043043E42994N
2005-06-24,,2976.41,2976.41,MODIS WLS (Proxy),G043043E42994N
2005-07-04,,3201.26,3201.26,MODIS WLS (Proxy),G043043E42994N
2005-07-10,,3174.9,3174.9,MODIS WLS (Proxy),G043043E42994N
2005-07-16,,3246.62,3246.62,MODIS WLS (Proxy),G043043E42994N
2005-07-18,,3245.27,3245.27,MODIS WLS (Proxy),G043043E42994N
2005-07-21,,3304.0,3304.0,MODIS WLS (Proxy),G043043E42994N
2005-07-22,,3307.92,3307.92,MODIS WLS (Proxy),G043043E42994N
2005-07-24,,3307.92,3307.92,MODIS WLS (Proxy),G043043E42994N
2005-07-28,,3370.81,3370.81,MODIS WLS (Proxy),G043043E42994N
2005-07-29,,3370.81,3370.81,MODIS WLS (Proxy),G043043E42994N
2005-07-31,,3370.81,3370.81,MODIS WLS (Proxy),G043043E42994N
2005-08-07,,3348.25,3348.25,MODIS WLS (Proxy),G043043E42994N
2005-08-08,,3348.25,3348.25,MODIS WLS (Proxy),G043043E42994N
2005-08-09,,3348.25,3348.25,MODIS WLS (Proxy),G043043E42994N
2005-08-10,,3348.25,3348.25,MODIS WLS (Proxy),G043043E42994N
2005-08-15,,3410.17,3410.17,MODIS WLS (Proxy),G043043E42994N
2005-08-16,,3418.14,3418.14,MODIS WLS (Proxy),G043043E42994N
2005-08-17,,3418.14,3418.14,MODIS WLS (Proxy),G043043E42994N
2005-08-19,,3429.78,3429.78,MODIS WLS (Proxy),G043043E42994N
2005-08-23,,3366.64,3366.64,MODIS WLS (Proxy),G043043E42994N
2005-08-24,,3361.5,3361.5,MODIS WLS (Proxy),G043043E42994N
2005-08-25,,3361.5,3361.5,MODIS WLS (Proxy),G043043E42994N
2005-08-27,,3375.23,3375.23,MODIS WLS (Proxy),G043043E42994N
2005-09-15,,3235.46,3235.46,MODIS WLS (Proxy),G043043E42994N
2005-09-16,,3235.46,3235.46,MODIS WLS (Proxy),G043043E42994N
2005-10-21,,2688.06,2688.06,MODIS WLS (Proxy),G043043E42994N
2005-10-22,,2688.06,2688.06,MODIS WLS (Proxy),G043043E42994N
2005-10-23,,2715.15,2715.15,MODIS WLS (Proxy),G043043E42994N
2005-10-24,,2715.15,2715.15,MODIS WLS (Proxy),G043043E42994N
2005-10-26,,2763.09,2763.09,MODIS WLS (Proxy),G043043E42994N
2006-05-05,,2825.25,2825.25,MODIS WLS (Proxy),G043043E42994N
2006-05-08,,2834.44,2834.44,MODIS WLS (Proxy),G043043E42994N
2006-05-11,,2847.93,2847.93,MODIS WLS (Proxy),G043043E42994N
2006-05-15,,2823.16,2823.16,MODIS WLS (Proxy),G043043E42994N
2006-05-16,,2823.16,2823.16,MODIS WLS (Proxy),G043043E42994N
2006-05-21,,2902.24,2902.24,MODIS WLS (Proxy),G043043E42994N
2006-05-22,,2932.15,2932.15,MODIS WLS (Proxy),G043043E42994N
2006-05-25,,2991.12,2991.12,MODIS WLS (Proxy),G043043E42994N
2006-05-26,,3052.3,3052.3,MODIS WLS (Proxy),G043043E42994N
2006-06-01,,3098.03,3098.03,MODIS WLS (Proxy),G043043E42994N
2006-06-02,,3102.81,3102.81,MODIS WLS (Proxy),G043043E42994N
2006-06-03,,3102.81,3102.81,MODIS WLS (Proxy),G043043E42994N
2006-06-04,,3102.81,3102.81,MODIS WLS (Proxy),G043043E42994N
2006-06-05,,3102.44,3102.44,MODIS WLS (Proxy),G043043E42994N
2006-06-18,,3150.13,3150.13,MODIS WLS (Proxy),G043043E42994N
2006-06-20,,3150.13,3150.13,MODIS WLS (Proxy),G043043E42994N
2006-07-09,,3276.41,3276.41,MODIS WLS (Proxy),G043043E42994N
2006-07-10,,3287.57,3287.57,MODIS WLS (Proxy),G043043E42994N
2006-07-13,,3291.74,3291.74,MODIS WLS (Proxy),G043043E42994N
2006-07-17,,3243.92,3243.92,MODIS WLS (Proxy),G043043E42994N
2006-07-23,,3354.75,3354.75,MODIS WLS (Proxy),G043043E42994N
2006-07-26,,3372.04,3372.04,MODIS WLS (Proxy),G043043E42994N
2006-07-28,,3348.38,3348.38,MODIS WLS (Proxy),G043043E42994N
2006-07-31,,3359.04,3359.04,MODIS WLS (Proxy),G043043E42994N
2006-08-04,,3405.51,3405.51,MODIS WLS (Proxy),G043043E42994N
2006-08-05,,3416.17,3416.17,MODIS WLS (Proxy),G043043E42994N
2006-08-06,,3416.17,3416.17,MODIS WLS (Proxy),G043043E42994N
2006-08-07,,3416.17,3416.17,MODIS WLS (Proxy),G043043E42994N
2006-08-08,,3418.26,3418.26,MODIS WLS (Proxy),G043043E42994N
2006-08-11,,3462.76,3462.76,MODIS WLS (Proxy),G043043E42994N
2006-08-13,,3452.1,3452.1,MODIS WLS (Proxy),G043043E42994N
2006-08-14,,3463.38,3463.38,MODIS WLS (Proxy),G043043E42994N
2006-08-15,,3462.64,3462.64,MODIS WLS (Proxy),G043043E42994N
2006-08-16,,3462.64,3462.64,MODIS WLS (Proxy),G043043E42994N
2006-08-17,,3460.19,3460.19,MODIS WLS (Proxy),G043043E42994N
2006-08-18,,3458.84,3458.84,MODIS WLS (Proxy),G043043E42994N
2006-08-28,,3463.74,3463.74,MODIS WLS (Proxy),G043043E42994N
2006-08-30,,3469.63,3469.63,MODIS WLS (Proxy),G043043E42994N
2006-09-02,,3461.9,3461.9,MODIS WLS (Proxy),G043043E42994N
2006-09-08,,3110.53,3110.53,MODIS WLS (Proxy),G043043E42994N
2006-09-09,,3110.53,3110.53,MODIS WLS (Proxy),G043043E42994N
2006-09-10,,3110.53,3110.53,MODIS WLS (Proxy),G043043E42994N
2006-09-17,,2969.79,2969.79,MODIS WLS (Proxy),G043043E42994N
2006-09-18,,2969.79,2969.79,MODIS WLS (Proxy),G043043E42994N
2006-10-04,,3158.72,3158.72,MODIS WLS (Proxy),G043043E42994N
2006-10-05,,3158.72,3158.72,MODIS WLS (Proxy),G043043E42994N
2006-10-06,,3158.72,3158.72,MODIS WLS (Proxy),G043043E42994N
2006-10-07,,3158.72,3158.72,MODIS WLS (Proxy),G043043E42994N
2006-10-19,,2647.72,2647.72,MODIS WLS (Proxy),G043043E42994N
2006-10-24,,2901.26,2901.26,MODIS WLS (Proxy),G043043E42994N
2006-10-27,,2901.26,2901.26,MODIS WLS (Proxy),G043043E42994N
2007-05-01,,2739.43,2739.43,MODIS WLS (Proxy),G043043E42994N
2007-05-08,,2873.67,2873.67,MODIS WLS (Proxy),G043043E42994N
2007-05-10,,2873.67,2873.67,MODIS WLS (Proxy),G043043E42994N
2007-05-15,,2990.76,2990.76,MODIS WLS (Proxy),G043043E42994N
2007-05-16,,2994.43,2994.43,MODIS WLS (Proxy),G043043E42994N
2007-05-17,,3016.01,3016.01,MODIS WLS (Proxy),G043043E42994N
2007-05-18,,3021.28,3021.28,MODIS WLS (Proxy),G043043E42994N
2007-05-19,,3048.38,3048.38,MODIS WLS (Proxy),G043043E42994N
2007-05-20,,3066.03,3066.03,MODIS WLS (Proxy),G043043E42994N
2007-05-21,,3070.2,3070.2,MODIS WLS (Proxy),G043043E42994N
2007-05-23,,3081.97,3081.97,MODIS WLS (Proxy),G043043E42994N
2007-05-26,,3050.95,3050.95,MODIS WLS (Proxy),G043043E42994N
2007-05-29,,3014.54,3014.54,MODIS WLS (Proxy),G043043E42994N
2007-06-14,,3109.68,3109.68,MODIS WLS (Proxy),G043043E42994N
2007-06-16,,3109.68,3109.68,MODIS WLS (Proxy),G043043E42994N
2007-06-23,,3142.53,3142.53,MODIS WLS (Proxy),G043043E42994N
2007-06-24,,3149.77,3149.77,MODIS WLS (Proxy),G043043E42994N
2007-06-27,,3248.21,3248.21,MODIS WLS (Proxy),G043043E42994N
2007-06-28,,3248.7,3248.7,MODIS WLS (Proxy),G043043E42994N
2007-07-04,,3251.52,3251.52,MODIS WLS (Proxy),G043043E42994N
2007-07-05,,3252.75,3252.75,MODIS WLS (Proxy),G043043E42994N
2007-07-06,,3252.75,3252.75,MODIS WLS (Proxy),G043043E42994N
2007-07-08,,3290.02,3290.02,MODIS WLS (Proxy),G043043E42994N
2007-07-10,,3309.51,3309.51,MODIS WLS (Proxy),G043043E42994N
2007-07-11,,3309.51,3309.51,MODIS WLS (Proxy),G043043E42994N
2007-07-13,,3314.29,3314.29,MODIS WLS (Proxy),G043043E42994N
2007-07-19,,3314.91,3314.91,MODIS WLS (Proxy),G043043E42994N
2007-07-20,,3314.91,3314.91,MODIS WLS (Proxy),G043043E42994N
2007-07-25,,3400.6,3400.6,MODIS WLS (Proxy),G043043E42994N
2007-07-28,,3379.27,3379.27,MODIS WLS (Proxy),G043043E42994N
2007-07-29,,3401.71,3401.71,MODIS WLS (Proxy),G043043E42994N
2007-07-30,,3401.71,3401.71,MODIS WLS (Proxy),G043043E42994N
2007-07-31,,3401.71,3401.71,MODIS WLS (Proxy),G043043E42994N
2007-08-01,,3391.66,3391.66,MODIS WLS (Proxy),G043043E42994N
2007-08-06,,3455.9,3455.9,MODIS WLS (Proxy),G043043E42994N
2007-08-07,,3421.45,3421.45,MODIS WLS (Proxy),G043043E42994N
2007-08-10,,3420.83,3420.83,MODIS WLS (Proxy),G043043E42994N
2007-08-12,,3422.92,3422.92,MODIS WLS (Proxy),G043043E42994N
2007-08-13,,3422.92,3422.92,MODIS WLS (Proxy),G043043E42994N
2007-08-31,,3316.38,3316.38,MODIS WLS (Proxy),G043043E42994N
2007-09-05,,3462.52,3462.52,MODIS WLS (Proxy),G043043E42994N
2007-09-06,,3462.52,3462.52,MODIS WLS (Proxy),G043043E42994N
2007-09-07,,3462.52,3462.52,MODIS WLS (Proxy),G043043E42994N
2007-09-11,,3188.63,3188.63,MODIS WLS (Proxy),G043043E42994N
2007-09-12,,3188.63,3188.63,MODIS WLS (Proxy),G043043E42994N
2007-09-14,,3188.63,3188.63,MODIS WLS (Proxy),G043043E42994N
2007-09-18,,3190.22,3190.22,MODIS WLS (Proxy),G043043E42994N
2007-09-19,,3190.22,3190.22,MODIS WLS (Proxy),G043043E42994N
2007-09-21,,3190.22,3190.22,MODIS WLS (Proxy),G043043E42994N
2007-09-29,,3237.92,3237.92,MODIS WLS (Proxy),G043043E42994N
2007-10-01,,3313.8,3313.8,MODIS WLS (Proxy),G043043E42994N
2007-10-04,,3354.26,3354.26,MODIS WLS (Proxy),G043043E42994N
2007-10-18,,2873.06,2873.06,MODIS WLS (Proxy),G043043E42994N
2007-10-19,,2873.06,2873.06,MODIS WLS (Proxy),G043043E42994N
2007-10-20,,2873.06,2873.06,MODIS WLS (Proxy),G043043E42994N
2007-10-21,,2873.06,2873.06,MODIS WLS (Proxy),G043043E42994N
2008-05-02,,2906.41,2906.41,MODIS WLS (Proxy),G043043E42994N
2008-05-08,,2762.72,2762.72,MODIS WLS (Proxy),G043043E42994N
2008-05-23,,3071.06,3071.06,MODIS WLS (Proxy),G043043E42994N
2008-05-31,,2842.16,2842.16,MODIS WLS (Proxy),G043043E42994N
2008-06-04,,2951.03,2951.03,MODIS WLS (Proxy),G043043E42994N
2008-06-05,,2951.03,2951.03,MODIS WLS (Proxy),G043043E42994N
2008-06-10,,2921.61,2921.61,MODIS WLS (Proxy),G043043E42994N
2008-06-14,,2999.95,2999.95,MODIS WLS (Proxy),G043043E42994N
2008-06-27,,3141.43,3141.43,MODIS WLS (Proxy),G043043E42994N
2008-07-05,,3146.58,3146.58,MODIS WLS (Proxy),G043043E42994N
2008-07-09,,3171.34,3171.34,MODIS WLS (Proxy),G043043E42994N
2008-07-12,,3177.47,3177.47,MODIS WLS (Proxy),G043043E42994N
2008-07-13,,3226.51,3226.51,MODIS WLS (Proxy),G043043E42994N
2008-07-19,,3320.06,3320.06,MODIS WLS (Proxy),G043043E42994N
2008-07-21,,3315.89,3315.89,MODIS WLS (Proxy),G043043E42994N
2008-07-24,,3332.44,3332.44,MODIS WLS (Proxy),G043043E42994N
2008-07-25,,3336.61,3336.61,MODIS WLS (Proxy),G043043E42994N
2008-07-26,,3336.61,3336.61,MODIS WLS (Proxy),G043043E42994N
2008-08-04,,3382.83,3382.83,MODIS WLS (Proxy),G043043E42994N
2008-08-09,,3410.17,3410.17,MODIS WLS (Proxy),G043043E42994N
2008-08-10,,3410.17,3410.17,MODIS WLS (Proxy),G043043E42994N
2008-08-24,,3461.05,3461.05,MODIS WLS (Proxy),G043043E42994N
2008-08-28,,3404.53,3404.53,MODIS WLS (Proxy),G043043E42994N
2008-08-30,,3405.51,3405.51,MODIS WLS (Proxy),G043043E42994N
2008-09-01,,3393.74,3393.74,MODIS WLS (Proxy),G043043E42994N
2008-09-02,,3393.74,3393.74,MODIS WLS (Proxy),G043043E42994N
2008-09-16,,3358.55,3358.55,MODIS WLS (Proxy),G043043E42994N
2008-09-17,,3358.55,3358.55,MODIS WLS (Proxy),G043043E42994N
2008-10-02,,2916.34,2916.34,MODIS WLS (Proxy),G043043E42994N
2008-10-04,,2916.34,2916.34,MODIS WLS (Proxy),G043043E42994N
2008-10-14,,3112.62,3112.62,MODIS WLS (Proxy),G043043E42994N
2008-10-18,,2895.01,2895.01,MODIS WLS (Proxy),G043043E42994N
2008-10-20,,2895.01,2895.01,MODIS WLS (Proxy),G043043E42994N
2008-10-29,,2962.31,2962.31,MODIS WLS (Proxy),G043043E42994N
2008-10-30,,2962.31,2962.31,MODIS WLS (Proxy),G043043E42994N
2009-05-02,,2803.18,2803.18,MODIS WLS (Proxy),G043043E42994N
2009-05-04,,2803.18,2803.18,MODIS WLS (Proxy),G043043E42994N
2009-05-16,,2910.7,2910.7,MODIS WLS (Proxy),G043043E42994N
2009-05-19,,2927.13,2927.13,MODIS WLS (Proxy),G043043E42994N
2009-05-20,,2991.49,2991.49,MODIS WLS (Proxy),G043043E42994N
2009-05-30,,2872.08,2872.08,MODIS WLS (Proxy),G043043E42994N
2009-05-31,,2946.13,2946.13,MODIS WLS (Proxy),G043043E42994N
2009-06-03,,2997.87,2997.87,MODIS WLS (Proxy),G043043E42994N
2009-06-25,,3159.82,3159.82,MODIS WLS (Proxy),G043043E42994N
2009-06-26,,3159.82,3159.82,MODIS WLS (Proxy),G043043E42994N
2009-07-08,,3295.17,3295.17,MODIS WLS (Proxy),G043043E42994N
2009-07-31,,3258.63,3258.63,MODIS WLS (Proxy),G043043E42994N
2009-08-06,,3303.63,3303.63,MODIS WLS (Proxy),G043043E42994N
2009-08-13,,3107.59,3107.59,MODIS WLS (Proxy),G043043E42994N
2009-08-15,,3139.84,3139.84,MODIS WLS (Proxy),G043043E42994N
2009-08-17,,3298.11,3298.11,MODIS WLS (Proxy),G043043E42994N
2009-08-22,,3347.64,3347.64,MODIS WLS (Proxy),G043043E42994N
2009-08-24,,3347.64,3347.64,MODIS WLS (Proxy),G043043E42994N
2009-08-25,,3347.64,3347.64,MODIS WLS (Proxy),G043043E42994N
2009-08-30,,3429.17,3429.17,MODIS WLS (Proxy),G043043E42994N
2009-09-07,,3292.23,3292.23,MODIS WLS (Proxy),G043043E42994N
2009-09-24,,2892.31,2892.31,MODIS WLS (Proxy),G043043E42994N
2009-10-03,,2900.03,2900.03,MODIS WLS (Proxy),G043043E42994N
2009-10-04,,2900.03,2900.03,MODIS WLS (Proxy),G043043E42994N
2009-10-12,,3019.44,3019.44,MODIS WLS (Proxy),G043043E42994N
2009-10-16,,3137.38,3137.38,MODIS WLS (Proxy),G043043E42994N
2009-10-18,,3137.38,3137.38,MODIS WLS (Proxy),G043043E42994N
2009-10-24,,3184.95,3184.95,MODIS WLS (Proxy),G043043E42994N
2009-10-27,,3184.95,3184.95,MODIS WLS (Proxy),G043043E42994N
2010-05-06,,2895.62,2895.62,MODIS WLS (Proxy),G043043E42994N
2010-05-07,,2895.62,2895.62,MODIS WLS (Proxy),G043043E42994N
2010-05-19,,2969.3,2969.3,MODIS WLS (Proxy),G043043E42994N
2010-05-26,,2920.26,2920.26,MODIS WLS (Proxy),G043043E42994N
2010-05-27,,2920.26,2920.26,MODIS WLS (Proxy),G043043E42994N
2010-05-31,,3047.15,3047.15,MODIS WLS (Proxy),G043043E42994N
2010-06-04,,3092.51,3092.51,MODIS WLS (Proxy),G043043E42994N
2010-06-13,,3070.94,3070.94,MODIS WLS (Proxy),G043043E42994N
2010-06-14,,3070.94,3070.94,MODIS WLS (Proxy),G043043E42994N
2010-07-01,,3247.23,3247.23,MODIS WLS (Proxy),G043043E42994N
2010-07-03,,3247.23,3247.23,MODIS WLS (Proxy),G043043E42994N
2010-07-09,,3320.18,3320.18,MODIS WLS (Proxy),G043043E42994N
2010-07-10,,3320.18,3320.18,MODIS WLS (Proxy),G043043E42994N
2010-07-11,,3320.18,3320.18,MODIS WLS (Proxy),G043043E42994N
2010-07-12,,3320.18,3320.18,MODIS WLS (Proxy),G043043E42994N
2010-07-27,,3392.64,3392.64,MODIS WLS (Proxy),G043043E42994N
2010-07-28,,3385.4,3385.4,MODIS WLS (Proxy),G043043E42994N
2010-07-29,,3390.06,3390.06,MODIS WLS (Proxy),G043043E42994N
2010-07-31,,3395.46,3395.46,MODIS WLS (Proxy),G043043E42994N
2010-08-01,,3392.39,3392.39,MODIS WLS (Proxy),G043043E42994N
2010-08-02,,3404.53,3404.53,MODIS WLS (Proxy),G043043E42994N
2010-08-03,,3404.53,3404.53,MODIS WLS (Proxy),G043043E42994N
2010-08-04,,3430.76,3430.76,MODIS WLS (Proxy),G043043E42994N
2010-08-05,,3428.8,3428.8,MODIS WLS (Proxy),G043043E42994N
2010-08-07,,3432.48,3432.48,MODIS WLS (Proxy),G043043E42994N
2010-08-09,,3434.93,3434.93,MODIS WLS (Proxy),G043043E42994N
2010-08-11,,3423.65,3423.65,MODIS WLS (Proxy),G043043E42994N
2010-08-12,,3423.65,3423.65,MODIS WLS (Proxy),G043043E42994N
2010-08-16,,3419.36,3419.36,MODIS WLS (Proxy),G043043E42994N
2010-08-22,,3433.58,3433.58,MODIS WLS (Proxy),G043043E42994N
2010-08-23,,3433.58,3433.58,MODIS WLS (Proxy),G043043E42994N
2010-08-24,,3433.58,3433.58,MODIS WLS (Proxy),G043043E42994N
2010-08-25,,3433.58,3433.58,MODIS WLS (Proxy),G043043E42994N
2010-08-29,,3464.11,3464.11,MODIS WLS (Proxy),G043043E42994N
2010-08-30,,3464.11,3464.11,MODIS WLS (Proxy),G043043E42994N
2010-09-05,,3439.59,3439.59,MODIS WLS (Proxy),G043043E42994N
2010-09-07,,3295.29,3295.29,MODIS WLS (Proxy),G043043E42994N
2010-09-10,,3291.12,3291.12,MODIS WLS (Proxy),G043043E42994N
2010-09-12,,3275.19,3275.19,MODIS WLS (Proxy),G043043E42994N
2010-09-17,,3215.11,3215.11,MODIS WLS (Proxy),G043043E42994N
2010-09-20,,3215.11,3215.11,MODIS WLS (Proxy),G043043E42994N
2010-09-24,,3222.84,3222.84,MODIS WLS (Proxy),G043043E42994N
2010-10-07,,2692.23,2692.23,MODIS WLS (Proxy),G043043E42994N
2010-10-19,,2822.79,2822.79,MODIS WLS (Proxy),G043043E42994N
2010-10-26,,2979.48,2979.48,MODIS WLS (Proxy),G043043E42994N
2011-05-02,,2911.31,2911.31,MODIS WLS (Proxy),G043043E42994N
2011-05-09,,2839.84,2839.84,MODIS WLS (Proxy),G043043E42994N
2011-05-17,,2912.66,2912.66,MODIS WLS (Proxy),G043043E42994N
2011-05-18,,2912.66,2912.66,MODIS WLS (Proxy),G043043E42994N
2011-05-31,,2998.72,2998.72,MODIS WLS (Proxy),G043043E42994N
2011-06-08,,3048.87,3048.87,MODIS WLS (Proxy),G043043E42994N
2011-06-09,,3048.87,3048.87,MODIS WLS (Proxy),G043043E42994N
2011-06-25,,3113.35,3113.35,MODIS WLS (Proxy),G043043E42994N
2011-06-26,,3118.87,3118.87,MODIS WLS (Proxy),G043043E42994N
2011-06-29,,3245.88,3245.88,MODIS WLS (Proxy),G043043E42994N
2011-06-30,,3248.83,3248.83,MODIS WLS (Proxy),G043043E42994N
2011-07-04,,3185.32,3185.32,MODIS WLS (Proxy),G043043E42994N
2011-07-27,,3363.33,3363.33,MODIS WLS (Proxy),G043043E42994N
2011-07-28,,3362.23,3362.23,MODIS WLS (Proxy),G043043E42994N
2011-07-29,,3385.03,3385.03,MODIS WLS (Proxy),G043043E42994N
2011-07-31,,3385.4,3385.4,MODIS WLS (Proxy),G043043E42994N
2011-08-01,,3380.01,3380.01,MODIS WLS (Proxy),G043043E42994N
2011-08-02,,3399.13,3399.13,MODIS WLS (Proxy),G043043E42994N
2011-08-07,,3409.8,3409.8,MODIS WLS (Proxy),G043043E42994N
2011-08-10,,3420.71,3420.71,MODIS WLS (Proxy),G043043E42994N
2011-08-11,,3438.12,3438.12,MODIS WLS (Proxy),G043043E42994N
2011-08-18,,3441.8,3441.8,MODIS WLS (Proxy),G043043E42994N
2011-08-20,,3441.8,3441.8,MODIS WLS (Proxy),G043043E42994N
2011-08-21,,3449.15,3449.15,MODIS WLS (Proxy),G043043E42994N
2011-08-24,,3456.26,3456.26,MODIS WLS (Proxy),G043043E42994N
2011-08-28,,3396.93,3396.93,MODIS WLS (Proxy),G043043E42994N
2011-08-29,,3396.31,3396.31,MODIS WLS (Proxy),G043043E42994N
2011-08-30,,3396.31,3396.31,MODIS WLS (Proxy),G043043E42994N
2011-08-31,,3396.31,3396.31,MODIS WLS (Proxy),G043043E42994N
2011-09-01,,3432.36,3432.36,MODIS WLS (Proxy),G043043E42994N
2011-09-06,,3176.74,3176.74,MODIS WLS (Proxy),G043043E42994N
2011-09-08,,3169.38,3169.38,MODIS WLS (Proxy),G043043E42994N
2011-09-11,,3224.18,3224.18,MODIS WLS (Proxy),G043043E42994N
2011-09-14,,3202.85,3202.85,MODIS WLS (Proxy),G043043E42994N
2011-09-19,,3435.91,3435.91,MODIS WLS (Proxy),G043043E42994N
2011-09-20,,3435.91,3435.91,MODIS WLS (Proxy),G043043E42994N
2011-09-22,,3435.91,3435.91,MODIS WLS (Proxy),G043043E42994N
2011-09-26,,2929.58,2929.58,MODIS WLS (Proxy),G043043E42994N
2011-10-06,,2906.53,2906.53,MODIS WLS (Proxy),G043043E42994N
2011-10-07,,2906.53,2906.53,MODIS WLS (Proxy),G043043E42994N
2011-10-22,,2832.36,2832.36,MODIS WLS (Proxy),G043043E42994N
2011-10-23,,2832.36,2832.36,MODIS WLS (Proxy),G043043E42994N
2011-10-27,,2777.19,2777.19,MODIS WLS (Proxy),G043043E42994N
2011-10-29,,2777.19,2777.19,MODIS WLS (Proxy),G043043E42994N
2012-06-03,,3041.51,3041.51,MODIS WLS (Proxy),G043043E42994N
2012-06-04,,3041.51,3041.51,MODIS WLS (Proxy),G043043E42994N
2012-06-10,,3158.96,3158.96,MODIS WLS (Proxy),G043043E42994N
2012-06-11,,3177.6,3177.6,MODIS WLS (Proxy),G043043E42994N
2012-06-12,,3177.6,3177.6,MODIS WLS (Proxy),G043043E42994N
2012-06-13,,3177.6,3177.6,MODIS WLS (Proxy),G043043E42994N
2012-06-14,,3177.72,3177.72,MODIS WLS (Proxy),G043043E42994N
2012-06-20,,3152.59,3152.59,MODIS WLS (Proxy),G043043E42994N
2012-07-13,,3281.81,3281.81,MODIS WLS (Proxy),G043043E42994N
2012-07-16,,3297.25,3297.25,MODIS WLS (Proxy),G043043E42994N
2012-07-17,,3326.19,3326.19,MODIS WLS (Proxy),G043043E42994N
2012-07-18,,3329.01,3329.01,MODIS WLS (Proxy),G043043E42994N
2012-07-19,,3329.01,3329.01,MODIS WLS (Proxy),G043043E42994N
2012-07-20,,3336.12,3336.12,MODIS WLS (Proxy),G043043E42994N
2012-07-21,,3344.21,3344.21,MODIS WLS (Proxy),G043043E42994N
2012-07-23,,3365.79,3365.79,MODIS WLS (Proxy),G043043E42994N
2012-07-25,,3404.77,3404.77,MODIS WLS (Proxy),G043043E42994N
2012-07-26,,3404.77,3404.77,MODIS WLS (Proxy),G043043E42994N
2012-07-31,,3241.1,3241.1,MODIS WLS (Proxy),G043043E42994N
2012-08-04,,3405.39,3405.39,MODIS WLS (Proxy),G043043E42994N
2012-08-07,,3405.39,3405.39,MODIS WLS (Proxy),G043043E42994N
2012-08-15,,3430.76,3430.76,MODIS WLS (Proxy),G043043E42994N
2012-08-24,,3406.86,3406.86,MODIS WLS (Proxy),G043043E42994N
2012-08-25,,3406.86,3406.86,MODIS WLS (Proxy),G043043E42994N
2012-08-26,,3406.86,3406.86,MODIS WLS (Proxy),G043043E42994N
2012-08-27,,3406.86,3406.86,MODIS WLS (Proxy),G043043E42994N
2012-09-03,,3494.52,3494.52,MODIS WLS (Proxy),G043043E42994N
2012-09-04,,3495.62,3495.62,MODIS WLS (Proxy),G043043E42994N
2012-09-05,,3495.62,3495.62,MODIS WLS (Proxy),G043043E42994N
2012-09-06,,3498.44,3498.44,MODIS WLS (Proxy),G043043E42994N
2012-09-07,,3510.21,3510.21,MODIS WLS (Proxy),G043043E42994N
2012-09-09,,3495.01,3495.01,MODIS WLS (Proxy),G043043E42994N
2012-09-12,,3490.35,3490.35,MODIS WLS (Proxy),G043043E42994N
2012-09-13,,3483.24,3483.24,MODIS WLS (Proxy),G043043E42994N
2012-09-16,,3473.18,3473.18,MODIS WLS (Proxy),G043043E42994N
2012-09-17,,3452.71,3452.71,MODIS WLS (Proxy),G043043E42994N
2012-09-19,,3452.71,3452.71,MODIS WLS (Proxy),G043043E42994N
2012-09-24,,3021.77,3021.77,MODIS WLS (Proxy),G043043E42994N
2012-09-25,,3062.84,3062.84,MODIS WLS (Proxy),G043043E42994N
2012-09-28,,3328.88,3328.88,MODIS WLS (Proxy),G043043E42994N
2012-09-30,,3378.29,3378.29,MODIS WLS (Proxy),G043043E42994N
2012-10-01,,3378.29,3378.29,MODIS WLS (Proxy),G043043E42994N
2012-10-02,,3389.2,3389.2,MODIS WLS (Proxy),G043043E42994N
2012-10-03,,3389.2,3389.2,MODIS WLS (Proxy),G043043E42994N
2012-10-13,,2910.82,2910.82,MODIS WLS (Proxy),G043043E42994N
2012-10-15,,2976.04,2976.04,MODIS WLS (Proxy),G043043E42994N
2012-10-16,,2976.04,2976.04,MODIS WLS (Proxy),G043043E42994N
2012-10-17,,3037.1,3037.1,MODIS WLS (Proxy),G043043E42994N
2012-10-20,,3096.68,3096.68,MODIS WLS (Proxy),G043043E42994N
2012-10-21,,3006.08,3006.08,MODIS WLS (Proxy),G043043E42994N
2012-10-28,,2802.32,2802.32,MODIS WLS (Proxy),G043043E42994N
2013-05-01,,3009.88,3009.88,MODIS WLS (Proxy),G043043E42994N
2013-05-02,,3016.26,3016.26,MODIS WLS (Proxy),G043043E42994N
2013-05-05,,2994.56,2994.56,MODIS WLS (Proxy),G043043E42994N
2013-05-06,,2950.42,2950.42,MODIS WLS (Proxy),G043043E42994N
2013-05-09,,2951.52,2951.52,MODIS WLS (Proxy),G043043E42994N
2013-05-10,,2961.7,2961.7,MODIS WLS (Proxy),G043043E42994N
2013-05-21,,3045.8,3045.8,MODIS WLS (Proxy),G043043E42994N
2013-05-22,,3045.8,3045.8,MODIS WLS (Proxy),G043043E42994N
2013-05-23,,3045.8,3045.8,MODIS WLS (Proxy),G043043E42994N
2013-06-05,,3027.04,3027.04,MODIS WLS (Proxy),G043043E42994N
2013-06-26,,3190.47,3190.47,MODIS WLS (Proxy),G043043E42994N
2013-06-28,,3196.23,3196.23,MODIS WLS (Proxy),G043043E42994N
2013-06-30,,3219.16,3219.16,MODIS WLS (Proxy),G043043E42994N
2013-07-20,,3126.84,3126.84,MODIS WLS (Proxy),G043043E42994N
2013-08-02,,3308.16,3308.16,MODIS WLS (Proxy),G043043E42994N
2013-08-11,,3344.33,3344.33,MODIS WLS (Proxy),G043043E42994N
2013-08-12,,3336.49,3336.49,MODIS WLS (Proxy),G043043E42994N
2013-08-15,,3329.99,3329.99,MODIS WLS (Proxy),G043043E42994N
2013-08-23,,3281.32,3281.32,MODIS WLS (Proxy),G043043E42994N
2013-08-26,,3349.48,3349.48,MODIS WLS (Proxy),G043043E42994N
2013-08-29,,3346.29,3346.29,MODIS WLS (Proxy),G043043E42994N
2013-09-02,,3142.17,3142.17,MODIS WLS (Proxy),G043043E42994N
2013-09-08,,3137.26,3137.26,MODIS WLS (Proxy),G043043E42994N
2013-09-12,,3253.98,3253.98,MODIS WLS (Proxy),G043043E42994N
2013-09-14,,3253.98,3253.98,MODIS WLS (Proxy),G043043E42994N
2013-09-26,,2848.17,2848.17,MODIS WLS (Proxy),G043043E42994N
2013-10-07,,2778.29,2778.29,MODIS WLS (Proxy),G043043E42994N
2013-10-08,,2817.52,2817.52,MODIS WLS (Proxy),G043043E42994N
2013-10-09,,2826.47,2826.47,MODIS WLS (Proxy),G043043E42994N
2013-10-10,,2826.47,2826.47,MODIS WLS (Proxy),G043043E42994N
2013-10-11,,2842.04,2842.04,MODIS WLS (Proxy),G043043E42994N
2013-10-12,,2855.04,2855.04,MODIS WLS (Proxy),G043043E42994N
2013-10-14,,2890.35,2890.35,MODIS WLS (Proxy),G043043E42994N
2013-10-21,,2758.67,2758.67,MODIS WLS (Proxy),G043043E42994N
2013-10-24,,2797.05,2797.05,MODIS WLS (Proxy),G043043E42994N
2013-10-25,,2798.52,2798.52,MODIS WLS (Proxy),G043043E42994N
2013-10-30,,3020.91,3020.91,MODIS WLS (Proxy),G043043E42994N
2014-05-16,,3007.43,3007.43,MODIS WLS (Proxy),G043043E42994N
2014-05-17,,3007.43,3007.43,MODIS WLS (Proxy),G043043E42994N
2014-05-30,,2991.74,2991.74,MODIS WLS (Proxy),G043043E42994N
2014-06-05,,3029.74,3029.74,MODIS WLS (Proxy),G043043E42994N
2014-06-15,,3048.87,3048.87,MODIS WLS (Proxy),G043043E42994N
2014-06-17,,3048.87,3048.87,MODIS WLS (Proxy),G043043E42994N
2014-07-11,,3286.34,3286.34,MODIS WLS (Proxy),G043043E42994N
2014-07-12,,3286.34,3286.34,MODIS WLS (Proxy),G043043E42994N
2014-07-16,,3265.75,3265.75,MODIS WLS (Proxy),G043043E42994N
2014-07-23,,3319.57,3319.57,MODIS WLS (Proxy),G043043E42994N
2014-07-24,,3319.57,3319.57,MODIS WLS (Proxy),G043043E42994N
2014-07-26,,3319.57,3319.57,MODIS WLS (Proxy),G043043E42994N
2014-07-30,,3363.7,3363.7,MODIS WLS (Proxy),G043043E42994N
2014-08-02,,3363.7,3363.7,MODIS WLS (Proxy),G043043E42994N
2014-08-08,,3269.06,3269.06,MODIS WLS (Proxy),G043043E42994N
2014-08-15,,3363.46,3363.46,MODIS WLS (Proxy),G043043E42994N
2014-08-17,,3363.46,3363.46,MODIS WLS (Proxy),G043043E42994N
2014-08-24,,3351.57,3351.57,MODIS WLS (Proxy),G043043E42994N
2014-08-28,,3516.58,3516.58,MODIS WLS (Proxy),G043043E42994N
2014-09-02,,3270.53,3270.53,MODIS WLS (Proxy),G043043E42994N
2014-09-06,,3381.72,3381.72,MODIS WLS (Proxy),G043043E42994N
2014-09-13,,3458.47,3458.47,MODIS WLS (Proxy),G043043E42994N
2014-10-03,,2878.33,2878.33,MODIS WLS (Proxy),G043043E42994N
2014-10-10,,3039.8,3039.8,MODIS WLS (Proxy),G043043E42994N
2014-10-12,,3039.8,3039.8,MODIS WLS (Proxy),G043043E42994N
2014-10-20,,2776.7,2776.7,MODIS WLS (Proxy),G043043E42994N
2014-10-21,,2776.7,2776.7,MODIS WLS (Proxy),G043043E42994N
2014-10-23,,2776.7,2776.7,MODIS WLS (Proxy),G043043E42994N
2015-05-01,,2793.86,2793.86,MODIS WLS (Proxy),G043043E42994N
2015-05-08,,2824.14,2824.14,MODIS WLS (Proxy),G043043E42994N
2015-05-11,,2824.14,2824.14,MODIS WLS (Proxy),G043043E42994N
2015-05-18,,2937.3,2937.3,MODIS WLS (Proxy),G043043E42994N
2015-05-19,,2963.29,2963.29,MODIS WLS (Proxy),G043043E42994N
2015-05-20,,2963.29,2963.29,MODIS WLS (Proxy),G043043E42994N
2015-05-21,,2963.29,2963.29,MODIS WLS (Proxy),G043043E42994N
2015-05-22,,2965.13,2965.13,MODIS WLS (Proxy),G043043E42994N
2015-06-07,,3064.81,3064.81,MODIS WLS (Proxy),G043043E42994N
2015-06-08,,3064.81,3064.81,MODIS WLS (Proxy),G043043E42994N
2015-06-18,,3128.68,3128.68,MODIS WLS (Proxy),G043043E42994N
2015-07-02,,3295.54,3295.54,MODIS WLS (Proxy),G043043E42994N
2015-07-03,,3295.54,3295.54,MODIS WLS (Proxy),G043043E42994N
2015-07-05,,3295.54,3295.54,MODIS WLS (Proxy),G043043E42994N
2015-07-09,,3357.45,3357.45,MODIS WLS (Proxy),G043043E42994N
2015-07-10,,3357.45,3357.45,MODIS WLS (Proxy),G043043E42994N
2015-07-21,,3397.42,3397.42,MODIS WLS (Proxy),G043043E42994N
2015-07-24,,3423.65,3423.65,MODIS WLS (Proxy),G043043E42994N
2015-07-25,,3407.84,3407.84,MODIS WLS (Proxy),G043043E42994N
2015-07-28,,3431.87,3431.87,MODIS WLS (Proxy),G043043E42994N
2015-07-29,,3422.18,3422.18,MODIS WLS (Proxy),G043043E42994N
2015-07-30,,3422.18,3422.18,MODIS WLS (Proxy),G043043E42994N
2015-08-04,,3388.22,3388.22,MODIS WLS (Proxy),G043043E42994N
2015-08-09,,3452.46,3452.46,MODIS WLS (Proxy),G043043E42994N
2015-08-10,,3452.46,3452.46,MODIS WLS (Proxy),G043043E42994N
2015-08-11,,3452.46,3452.46,MODIS WLS (Proxy),G043043E42994N
2015-08-12,,3458.35,3458.35,MODIS WLS (Proxy),G043043E42994N
2015-08-15,,3504.2,3504.2,MODIS WLS (Proxy),G043043E42994N
2015-08-19,,3556.06,3556.06,MODIS WLS (Proxy),G043043E42994N
2015-08-23,,3398.52,3398.52,MODIS WLS (Proxy),G043043E42994N
2015-08-27,,3315.89,3315.89,MODIS WLS (Proxy),G043043E42994N
2015-08-28,,3315.89,3315.89,MODIS WLS (Proxy),G043043E42994N
2015-08-30,,3341.39,3341.39,MODIS WLS (Proxy),G043043E42994N
2015-09-02,,3401.95,3401.95,MODIS WLS (Proxy),G043043E42994N
2015-09-03,,3449.77,3449.77,MODIS WLS (Proxy),G043043E42994N
2015-09-04,,3449.77,3449.77,MODIS WLS (Proxy),G043043E42994N
2015-09-08,,3432.97,3432.97,MODIS WLS (Proxy),G043043E42994N
2015-09-12,,3409.68,3409.68,MODIS WLS (Proxy),G043043E42994N
2015-09-18,,3483.24,3483.24,MODIS WLS (Proxy),G043043E42994N
2015-09-19,,3483.24,3483.24,MODIS WLS (Proxy),G043043E42994N
2015-09-20,,3483.24,3483.24,MODIS WLS (Proxy),G043043E42994N
2015-09-21,,3483.24,3483.24,MODIS WLS (Proxy),G043043E42994N
2015-10-08,,2829.66,2829.66,MODIS WLS (Proxy),G043043E42994N
2015-10-17,,2803.42,2803.42,MODIS WLS (Proxy),G043043E42994N
2015-10-18,,2803.42,2803.42,MODIS WLS (Proxy),G043043E42994N
2015-10-29,,2812.37,2812.37,MODIS WLS (Proxy),G043043E42994N
2016-05-03,,2912.41,2912.41,MODIS WLS (Proxy),G043043E42994N
2016-05-17,,2821.81,2821.81,MODIS WLS (Proxy),G043043E42994N
2016-06-22,,3131.01,3131.01,MODIS WLS (Proxy),G043043E42994N
2016-06-26,,3186.42,3186.42,MODIS WLS (Proxy),G043043E42994N
2016-06-27,,3186.42,3186.42,MODIS WLS (Proxy),G043043E42994N
2016-07-09,,3172.82,3172.82,MODIS WLS (Proxy),G043043E42994N
2016-07-13,,3217.69,3217.69,MODIS WLS (Proxy),G043043E42994N
2016-07-14,,3217.69,3217.69,MODIS WLS (Proxy),G043043E42994N
2016-07-18,,3329.37,3329.37,MODIS WLS (Proxy),G043043E42994N
2016-07-30,,3297.62,3297.62,MODIS WLS (Proxy),G043043E42994N
2016-08-06,,3312.09,3312.09,MODIS WLS (Proxy),G043043E42994N
2016-08-19,,3417.65,3417.65,MODIS WLS (Proxy),G043043E42994N
2016-08-20,,3417.65,3417.65,MODIS WLS (Proxy),G043043E42994N
2016-08-21,,3417.65,3417.65,MODIS WLS (Proxy),G043043E42994N
2016-08-22,,3417.65,3417.65,MODIS WLS (Proxy),G043043E42994N
2016-08-29,,3465.83,3465.83,MODIS WLS (Proxy),G043043E42994N
2016-08-30,,3459.58,3459.58,MODIS WLS (Proxy),G043043E42994N
2016-09-02,,3439.59,3439.59,MODIS WLS (Proxy),G043043E42994N
2016-09-03,,3404.77,3404.77,MODIS WLS (Proxy),G043043E42994N
2016-09-08,,3281.81,3281.81,MODIS WLS (Proxy),G043043E42994N
2016-09-11,,3298.48,3298.48,MODIS WLS (Proxy),G043043E42994N
2016-09-14,,3397.66,3397.66,MODIS WLS (Proxy),G043043E42994N
2016-09-20,,3409.43,3409.43,MODIS WLS (Proxy),G043043E42994N
2016-09-27,,2880.66,2880.66,MODIS WLS (Proxy),G043043E42994N
2016-09-29,,2897.7,2897.7,MODIS WLS (Proxy),G043043E42994N
2016-10-01,,2974.57,2974.57,MODIS WLS (Proxy),G043043E42994N
2016-10-02,,3005.84,3005.84,MODIS WLS (Proxy),G043043E42994N
2016-10-03,,3029.01,3029.01,MODIS WLS (Proxy),G043043E42994N
2016-10-05,,3127.94,3127.94,MODIS WLS (Proxy),G043043E42994N
2016-10-08,,3168.28,3168.28,MODIS WLS (Proxy),G043043E42994N
2016-10-17,,2763.33,2763.33,MODIS WLS (Proxy),G043043E42994N
2016-10-18,,2763.33,2763.33,MODIS WLS (Proxy),G043043E42994N
2016-10-19,,2783.32,2783.32,MODIS WLS (Proxy),G043043E42994N
2016-10-22,,2836.4,2836.4,MODIS WLS (Proxy),G043043E42994N
2017-05-05,3317.806,,3317.81,Landsat/Sentinel (Observation),G043043E42994N
2017-05-06,3317.806,,3317.81,Landsat/Sentinel (Observation),G043043E42994N
2017-05-12,,2763.46,2763.46,MODIS WLS (Proxy),G043043E42994N
2017-05-26,,2815.44,2815.44,MODIS WLS (Proxy),G043043E42994N
2017-06-04,2708.7168,,2708.72,Landsat/Sentinel (Observation),G043043E42994N
2017-06-05,,3019.81,3019.81,MODIS WLS (Proxy),G043043E42994N
2017-06-08,2708.7168,,2708.72,Landsat/Sentinel (Observation),G043043E42994N
2017-06-09,,3068.48,3068.48,MODIS WLS (Proxy),G043043E42994N
2017-06-13,,2937.42,2937.42,MODIS WLS (Proxy),G043043E42994N
2017-06-17,,2944.17,2944.17,MODIS WLS (Proxy),G043043E42994N
2017-06-24,2894.9555,,2894.96,Landsat/Sentinel (Observation),G043043E42994N
2017-06-24,2894.9555,,2894.96,Landsat/Sentinel (Observation),G043043E42994N
2017-06-26,,3142.29,3142.29,MODIS WLS (Proxy),G043043E42994N
2017-06-29,,3168.77,3168.77,MODIS WLS (Proxy),G043043E42994N
2017-07-01,2950.966,3178.82,2950.97,Landsat/Sentinel (Observation),G043043E42994N
2017-07-02,2961.6997,3178.82,2961.7,Landsat/Sentinel (Observation),G043043E42994N
2017-07-03,,3185.57,3185.57,MODIS WLS (Proxy),G043043E42994N
2017-07-09,3029.5356,,3029.54,Landsat/Sentinel (Observation),G043043E42994N
2017-07-09,3029.5356,,3029.54,Landsat/Sentinel (Observation),G043043E42994N
2017-07-10,3043.5289,,3043.53,Landsat/Sentinel (Observation),G043043E42994N
2017-07-11,,3225.04,3225.04,MODIS WLS (Proxy),G043043E42994N
2017-07-15,,3210.09,3210.09,MODIS WLS (Proxy),G043043E42994N
2017-07-17,3164.0867,,3164.09,Landsat/Sentinel (Observation),G043043E42994N
2017-07-19,3146.7628,,3146.76,Landsat/Sentinel (Observation),G043043E42994N
2017-07-24,3269.9945,3304.0,3269.99,Landsat/Sentinel (Observation),G043043E42994N
2017-07-26,3331.7691,,3331.77,Landsat/Sentinel (Observation),G043043E42994N
2017-07-27,,3317.48,3317.48,MODIS WLS (Proxy),G043043E42994N
2017-07-28,,3324.47,3324.47,MODIS WLS (Proxy),G043043E42994N
2017-08-01,,3411.39,3411.39,MODIS WLS (Proxy),G043043E42994N
2017-08-02,3421.7121,3411.39,3421.71,Landsat/Sentinel (Observation),G043043E42994N
2017-08-03,3444.2526,,3444.25,Landsat/Sentinel (Observation),G043043E42994N
2017-08-03,3445.7,,3445.7,Landsat/Sentinel (Observation),G043043E42994N
2017-08-07,,3405.63,3405.63,MODIS WLS (Proxy),G043043E42994N
2017-08-09,,3414.46,3414.46,MODIS WLS (Proxy),G043043E42994N
2017-08-10,3503.3015,3414.46,3503.3,Landsat/Sentinel (Observation),G043043E42994N
2017-08-11,3503.3015,3423.41,3503.3,Landsat/Sentinel (Observation),G043043E42994N
2017-08-13,3526.0574,,3526.06,Landsat/Sentinel (Observation),G043043E42994N
2017-08-21,,3403.18,3403.18,MODIS WLS (Proxy),G043043E42994N
2017-08-22,,3403.18,3403.18,MODIS WLS (Proxy),G043043E42994N
2017-08-23,3547.6775,3403.18,3547.68,Landsat/Sentinel (Observation),G043043E42994N
2017-08-26,3551.3091,,3551.31,Landsat/Sentinel (Observation),G043043E42994N
2017-08-27,3551.3091,,3551.31,Landsat/Sentinel (Observation),G043043E42994N
2017-09-01,,3417.65,3417.65,MODIS WLS (Proxy),G043043E42994N
2017-09-02,3551.3091,3423.65,3551.31,Landsat/Sentinel (Observation),G043043E42994N
2017-09-03,3554.4147,3423.65,3554.41,Landsat/Sentinel (Observation),G043043E42994N
2017-09-04,3549.5951,3423.65,3549.6,Landsat/Sentinel (Observation),G043043E42994N
2017-09-05,,3386.26,3386.26,MODIS WLS (Proxy),G043043E42994N
2017-09-08,,3363.7,3363.7,MODIS WLS (Proxy),G043043E42994N
2017-09-10,,3382.95,3382.95,MODIS WLS (Proxy),G043043E42994N
2017-09-11,,3390.43,3390.43,MODIS WLS (Proxy),G043043E42994N
2017-09-12,3587.5323,3432.97,3587.53,Landsat/Sentinel (Observation),G043043E42994N
2017-09-12,3600.5301,3432.97,3600.53,Landsat/Sentinel (Observation),G043043E42994N
2017-09-13,,3449.64,3449.64,MODIS WLS (Proxy),G043043E42994N
2017-09-14,,3454.06,3454.06,MODIS WLS (Proxy),G043043E42994N
2017-09-15,,3469.14,3469.14,MODIS WLS (Proxy),G043043E42994N
2017-09-16,,3467.05,3467.05,MODIS WLS (Proxy),G043043E42994N
2017-09-17,3608.14,3486.42,3608.14,Landsat/Sentinel (Observation),G043043E42994N
2017-09-18,,3487.41,3487.41,MODIS WLS (Proxy),G043043E42994N
2017-09-19,3608.14,3504.2,3608.14,Landsat/Sentinel (Observation),G043043E42994N
2017-09-20,,3493.66,3493.66,MODIS WLS (Proxy),G043043E42994N
2017-09-21,,3501.01,3501.01,MODIS WLS (Proxy),G043043E42994N
2017-09-25,,3445.48,3445.48,MODIS WLS (Proxy),G043043E42994N
2017-09-26,,3445.48,3445.48,MODIS WLS (Proxy),G043043E42994N
2017-10-05,2995.1601,,2995.16,Landsat/Sentinel (Observation),G043043E42994N
2017-10-06,2995.1601,,2995.16,Landsat/Sentinel (Observation),G043043E42994N
2017-10-07,2995.1601,3225.78,2995.16,Landsat/Sentinel (Observation),G043043E42994N
2017-10-08,,3225.78,3225.78,MODIS WLS (Proxy),G043043E42994N
2017-10-09,,3225.78,3225.78,MODIS WLS (Proxy),G043043E42994N
2017-10-13,3027.4062,2785.16,3027.41,Landsat/Sentinel (Observation),G043043E42994N
2017-10-18,,2910.45,2910.45,MODIS WLS (Proxy),G043043E42994N
2017-10-19,,2910.45,2910.45,MODIS WLS (Proxy),G043043E42994N
2017-10-20,,2910.45,2910.45,MODIS WLS (Proxy),G043043E42994N
2017-10-21,3083.7603,,3083.76,Landsat/Sentinel (Observation),G043043E42994N
2018-05-01,2804.4456,3060.76,2804.45,Landsat/Sentinel (Observation),G043043E42994N
2018-05-02,2804.4456,3060.76,2804.45,Landsat/Sentinel (Observation),G043043E42994N
2018-05-03,,3060.76,3060.76,MODIS WLS (Proxy),G043043E42994N
2018-05-05,2804.4456,,2804.45,Landsat/Sentinel (Observation),G043043E42994N
2018-05-15,3141.5166,,3141.52,Landsat/Sentinel (Observation),G043043E42994N
2018-05-16,,2893.53,2893.53,MODIS WLS (Proxy),G043043E42994N
2018-05-18,3132.5287,,3132.53,Landsat/Sentinel (Observation),G043043E42994N
2018-06-03,3035.7354,,3035.74,Landsat/Sentinel (Observation),G043043E42994N
2018-06-09,3005.0014,,3005.0,Landsat/Sentinel (Observation),G043043E42994N
2018-06-11,3005.0014,,3005.0,Landsat/Sentinel (Observation),G043043E42994N
2018-06-13,,3147.68,3147.68,MODIS WLS (Proxy),G043043E42994N
2018-06-14,2961.6503,3147.68,2961.65,Landsat/Sentinel (Observation),G043043E42994N
2018-06-21,,3160.07,3160.07,MODIS WLS (Proxy),G043043E42994N
2018-06-27,3070.0,,3070.0,Landsat/Sentinel (Observation),G043043E42994N
2018-06-28,,3258.27,3258.27,MODIS WLS (Proxy),G043043E42994N
2018-06-30,,3259.0,3259.0,MODIS WLS (Proxy),G043043E42994N
2018-07-01,,3259.0,3259.0,MODIS WLS (Proxy),G043043E42994N
2018-07-02,,3271.75,3271.75,MODIS WLS (Proxy),G043043E42994N
2018-07-11,,3339.43,3339.43,MODIS WLS (Proxy),G043043E42994N
2018-07-18,,3264.64,3264.64,MODIS WLS (Proxy),G043043E42994N
2018-07-19,3374.5957,,3374.6,Landsat/Sentinel (Observation),G043043E42994N
2018-07-21,3568.0405,,3568.04,Landsat/Sentinel (Observation),G043043E42994N
2018-07-26,,3433.34,3433.34,MODIS WLS (Proxy),G043043E42994N
2018-07-27,,3439.1,3439.1,MODIS WLS (Proxy),G043043E42994N
2018-07-28,,3442.41,3442.41,MODIS WLS (Proxy),G043043E42994N
2018-07-29,3582.4965,3442.41,3582.5,Landsat/Sentinel (Observation),G043043E42994N
2018-07-29,3626.6113,3442.41,3626.61,Landsat/Sentinel (Observation),G043043E42994N
2018-07-30,,3440.08,3440.08,MODIS WLS (Proxy),G043043E42994N
2018-07-31,,3446.7,3446.7,MODIS WLS (Proxy),G043043E42994N
2018-08-05,3595.7191,,3595.72,Landsat/Sentinel (Observation),G043043E42994N
2018-08-13,3635.1127,3283.28,3635.11,Landsat/Sentinel (Observation),G043043E42994N
2018-08-14,3641.4007,,3641.4,Landsat/Sentinel (Observation),G043043E42994N
2018-08-16,,3299.46,3299.46,MODIS WLS (Proxy),G043043E42994N
2018-08-17,,3391.41,3391.41,MODIS WLS (Proxy),G043043E42994N
2018-08-20,,3388.84,3388.84,MODIS WLS (Proxy),G043043E42994N
2018-08-21,3630.6355,3416.42,3630.64,Landsat/Sentinel (Observation),G043043E42994N
2018-08-23,3630.6355,,3630.64,Landsat/Sentinel (Observation),G043043E42994N
2018-08-24,,3400.97,3400.97,MODIS WLS (Proxy),G043043E42994N
2018-08-26,,3443.51,3443.51,MODIS WLS (Proxy),G043043E42994N
2018-08-28,3633.0873,3453.81,3633.09,Landsat/Sentinel (Observation),G043043E42994N
2018-08-29,,3453.81,3453.81,MODIS WLS (Proxy),G043043E42994N
2018-08-31,,3476.86,3476.86,MODIS WLS (Proxy),G043043E42994N
2018-09-03,,3475.51,3475.51,MODIS WLS (Proxy),G043043E42994N
2018-09-06,3546.6481,,3546.65,Landsat/Sentinel (Observation),G043043E42994N
2018-09-12,3517.6289,,3517.63,Landsat/Sentinel (Observation),G043043E42994N
2018-09-13,,3224.06,3224.06,MODIS WLS (Proxy),G043043E42994N
2018-09-15,3642.6553,,3642.66,Landsat/Sentinel (Observation),G043043E42994N
2018-09-18,,3310.98,3310.98,MODIS WLS (Proxy),G043043E42994N
2018-09-20,,3310.62,3310.62,MODIS WLS (Proxy),G043043E42994N
2018-09-21,,3310.62,3310.62,MODIS WLS (Proxy),G043043E42994N
2018-09-22,3730.9518,3333.18,3730.95,Landsat/Sentinel (Observation),G043043E42994N
2018-09-22,3521.4351,3333.18,3521.44,Landsat/Sentinel (Observation),G043043E42994N
2018-09-25,,3333.91,3333.91,MODIS WLS (Proxy),G043043E42994N
2018-09-30,,3324.47,3324.47,MODIS WLS (Proxy),G043043E42994N
2018-10-01,3286.3844,3324.47,3286.38,Landsat/Sentinel (Observation),G043043E42994N
2018-10-06,,3110.04,3110.04,MODIS WLS (Proxy),G043043E42994N
2018-10-07,3197.6384,,3197.64,Landsat/Sentinel (Observation),G043043E42994N
2018-10-08,3273.6649,3110.04,3273.66,Landsat/Sentinel (Observation),G043043E42994N
2018-10-09,3319.3545,,3319.35,Landsat/Sentinel (Observation),G043043E42994N
2018-10-12,3310.2237,,3310.22,Landsat/Sentinel (Observation),G043043E42994N
2018-10-16,,3352.18,3352.18,MODIS WLS (Proxy),G043043E42994N
2018-10-17,3310.2237,3352.18,3310.22,Landsat/Sentinel (Observation),G043043E42994N
2018-10-17,3389.1114,3352.18,3389.11,Landsat/Sentinel (Observation),G043043E42994N
2018-10-18,,3352.18,3352.18,MODIS WLS (Proxy),G043043E42994N
2018-10-19,,3352.18,3352.18,MODIS WLS (Proxy),G043043E42994N
2018-10-27,3319.5682,,3319.57,Landsat/Sentinel (Observation),G043043E42994N
2018-10-28,,2832.72,2832.72,MODIS WLS (Proxy),G043043E42994N
2019-05-07,,2850.26,2850.26,MODIS WLS (Proxy),G043043E42994N
2019-05-13,2838.7441,,2838.74,Landsat/Sentinel (Observation),G043043E42994N
2019-05-15,2838.7441,2998.23,2838.74,Landsat/Sentinel (Observation),G043043E42994N
2019-05-16,,2998.23,2998.23,MODIS WLS (Proxy),G043043E42994N
2019-05-20,2838.7441,,2838.74,Landsat/Sentinel (Observation),G043043E42994N
2019-05-20,2805.2148,,2805.21,Landsat/Sentinel (Observation),G043043E42994N
2019-05-29,3036.5967,3101.46,3036.6,Landsat/Sentinel (Observation),G043043E42994N
2019-05-30,3035.7476,3111.39,3035.75,Landsat/Sentinel (Observation),G043043E42994N
2019-05-31,,3111.39,3111.39,MODIS WLS (Proxy),G043043E42994N
2019-06-01,,3111.39,3111.39,MODIS WLS (Proxy),G043043E42994N
2019-06-02,,3112.01,3112.01,MODIS WLS (Proxy),G043043E42994N
2019-06-06,2946.8302,,2946.83,Landsat/Sentinel (Observation),G043043E42994N
2019-06-09,3025.8497,3193.17,3025.85,Landsat/Sentinel (Observation),G043043E42994N
2019-06-14,3124.3433,,3124.34,Landsat/Sentinel (Observation),G043043E42994N
2019-06-14,3124.3433,,3124.34,Landsat/Sentinel (Observation),G043043E42994N
2019-07-02,,3177.11,3177.11,MODIS WLS (Proxy),G043043E42994N
2019-07-03,,3177.11,3177.11,MODIS WLS (Proxy),G043043E42994N
2019-07-05,,3177.11,3177.11,MODIS WLS (Proxy),G043043E42994N
2019-07-07,3212.5655,,3212.57,Landsat/Sentinel (Observation),G043043E42994N
2019-07-09,3212.5655,,3212.57,Landsat/Sentinel (Observation),G043043E42994N
2019-07-14,3226.637,,3226.64,Landsat/Sentinel (Observation),G043043E42994N
2019-07-16,3252.8069,,3252.81,Landsat/Sentinel (Observation),G043043E42994N
2019-07-19,3242.9487,,3242.95,Landsat/Sentinel (Observation),G043043E42994N
2019-07-24,3331.0362,,3331.04,Landsat/Sentinel (Observation),G043043E42994N
2019-07-27,,3400.73,3400.73,MODIS WLS (Proxy),G043043E42994N
2019-07-29,3476.5371,3400.73,3476.54,Landsat/Sentinel (Observation),G043043E42994N
2019-07-30,,3400.73,3400.73,MODIS WLS (Proxy),G043043E42994N
2019-08-01,3509.2645,,3509.26,Landsat/Sentinel (Observation),G043043E42994N
2019-08-03,3509.2645,,3509.26,Landsat/Sentinel (Observation),G043043E42994N
2019-08-06,,3405.63,3405.63,MODIS WLS (Proxy),G043043E42994N
2019-08-08,3544.0744,,3544.07,Landsat/Sentinel (Observation),G043043E42994N
2019-08-08,3560.6909,,3560.69,Landsat/Sentinel (Observation),G043043E42994N
2019-08-09,3560.6909,3405.63,3560.69,Landsat/Sentinel (Observation),G043043E42994N
2019-08-13,3571.9579,3464.23,3571.96,Landsat/Sentinel (Observation),G043043E42994N
2019-08-14,,3464.23,3464.23,MODIS WLS (Proxy),G043043E42994N
2019-08-15,,3464.23,3464.23,MODIS WLS (Proxy),G043043E42994N
2019-08-21,,3485.57,3485.57,MODIS WLS (Proxy),G043043E42994N
2019-08-22,,3485.57,3485.57,MODIS WLS (Proxy),G043043E42994N
2019-08-23,3665.5274,3485.57,3665.53,Landsat/Sentinel (Observation),G043043E42994N
2019-08-28,3653.6724,,3653.67,Landsat/Sentinel (Observation),G043043E42994N
2019-08-29,,3396.56,3396.56,MODIS WLS (Proxy),G043043E42994N
2019-09-02,3615.327,,3615.33,Landsat/Sentinel (Observation),G043043E42994N
2019-09-05,,3348.38,3348.38,MODIS WLS (Proxy),G043043E42994N
2019-09-09,3255.5635,,3255.56,Landsat/Sentinel (Observation),G043043E42994N
2019-09-12,3255.5635,,3255.56,Landsat/Sentinel (Observation),G043043E42994N
2019-09-18,3018.4506,3236.32,3018.45,Landsat/Sentinel (Observation),G043043E42994N
2019-09-19,,3236.32,3236.32,MODIS WLS (Proxy),G043043E42994N
2019-09-22,2949.3866,,2949.39,Landsat/Sentinel (Observation),G043043E42994N
2019-09-29,,3078.41,3078.41,MODIS WLS (Proxy),G043043E42994N
2019-10-01,,3147.56,3147.56,MODIS WLS (Proxy),G043043E42994N
2019-10-02,2899.4163,,2899.42,Landsat/Sentinel (Observation),G043043E42994N
2019-10-03,,3183.36,3183.36,MODIS WLS (Proxy),G043043E42994N
2019-10-05,,3201.26,3201.26,MODIS WLS (Proxy),G043043E42994N
2019-10-10,,3036.85,3036.85,MODIS WLS (Proxy),G043043E42994N
2019-10-12,3137.4516,,3137.45,Landsat/Sentinel (Observation),G043043E42994N
2019-10-13,,3082.7,3082.7,MODIS WLS (Proxy),G043043E42994N
2019-10-14,,3178.58,3178.58,MODIS WLS (Proxy),G043043E42994N
2019-10-15,,3178.58,3178.58,MODIS WLS (Proxy),G043043E42994N
2019-10-17,3174.1983,3180.91,3174.2,Landsat/Sentinel (Observation),G043043E42994N
2019-10-22,3211.8182,3261.21,3211.82,Landsat/Sentinel (Observation),G043043E42994N
2019-10-24,,3261.21,3261.21,MODIS WLS (Proxy),G043043E42994N
2019-10-27,3212.5601,,3212.56,Landsat/Sentinel (Observation),G043043E42994N
2019-10-27,3246.5407,,3246.54,Landsat/Sentinel (Observation),G043043E42994N
2019-10-28,3246.5407,3211.68,3246.54,Landsat/Sentinel (Observation),G043043E42994N
2020-05-12,,2887.4,2887.4,MODIS WLS (Proxy),G043043E42994N
2020-05-14,2619.0,2887.4,2619.0,Landsat/Sentinel (Observation),G043043E42994N
2020-05-19,2619.0,3003.63,2619.0,Landsat/Sentinel (Observation),G043043E42994N
2020-05-27,,3087.49,3087.49,MODIS WLS (Proxy),G043043E42994N
2020-05-28,,3087.49,3087.49,MODIS WLS (Proxy),G043043E42994N
2020-05-30,,3087.49,3087.49,MODIS WLS (Proxy),G043043E42994N
2020-06-06,,3112.37,3112.37,MODIS WLS (Proxy),G043043E42994N
2020-06-07,2953.0965,3112.37,2953.1,Landsat/Sentinel (Observation),G043043E42994N
2020-06-08,2974.0431,3112.37,2974.04,Landsat/Sentinel (Observation),G043043E42994N
2020-06-08,2974.0431,3112.37,2974.04,Landsat/Sentinel (Observation),G043043E42994N
2020-06-16,3011.5914,,3011.59,Landsat/Sentinel (Observation),G043043E42994N
2020-06-23,3115.0411,,3115.04,Landsat/Sentinel (Observation),G043043E42994N
2020-06-23,3160.394,,3160.39,Landsat/Sentinel (Observation),G043043E42994N
2020-06-26,,3245.52,3245.52,MODIS WLS (Proxy),G043043E42994N
2020-06-28,3219.5003,,3219.5,Landsat/Sentinel (Observation),G043043E42994N
2020-06-29,,3245.52,3245.52,MODIS WLS (Proxy),G043043E42994N
2020-07-02,3219.5003,,3219.5,Landsat/Sentinel (Observation),G043043E42994N
2020-07-03,3278.2027,3289.41,3278.2,Landsat/Sentinel (Observation),G043043E42994N
2020-07-07,,3299.58,3299.58,MODIS WLS (Proxy),G043043E42994N
2020-07-16,,3260.47,3260.47,MODIS WLS (Proxy),G043043E42994N
2020-07-18,3491.4256,,3491.43,Landsat/Sentinel (Observation),G043043E42994N
2020-07-18,3491.4256,,3491.43,Landsat/Sentinel (Observation),G043043E42994N
2020-07-23,3489.1941,,3489.19,Landsat/Sentinel (Observation),G043043E42994N
2020-07-25,3489.1941,,3489.19,Landsat/Sentinel (Observation),G043043E42994N
2020-07-28,3508.2927,3394.6,3508.29,Landsat/Sentinel (Observation),G043043E42994N
2020-08-05,,3396.19,3396.19,MODIS WLS (Proxy),G043043E42994N
2020-08-07,3563.3191,,3563.32,Landsat/Sentinel (Observation),G043043E42994N
2020-08-08,,3396.19,3396.19,MODIS WLS (Proxy),G043043E42994N
2020-08-18,,3501.63,3501.63,MODIS WLS (Proxy),G043043E42994N
2020-08-19,3530.9597,3501.63,3530.96,Landsat/Sentinel (Observation),G043043E42994N
2020-08-25,,3358.92,3358.92,MODIS WLS (Proxy),G043043E42994N
2020-08-26,3560.3725,3377.07,3560.37,Landsat/Sentinel (Observation),G043043E42994N
2020-08-27,3575.9977,3387.85,3576.0,Landsat/Sentinel (Observation),G043043E42994N
2020-08-27,3575.9977,3387.85,3576.0,Landsat/Sentinel (Observation),G043043E42994N
2020-08-29,,3431.13,3431.13,MODIS WLS (Proxy),G043043E42994N
2020-08-30,,3427.94,3427.94,MODIS WLS (Proxy),G043043E42994N
2020-08-31,,3447.56,3447.56,MODIS WLS (Proxy),G043043E42994N
2020-09-01,3565.1467,3456.88,3565.15,Landsat/Sentinel (Observation),G043043E42994N
2020-09-02,,3456.63,3456.63,MODIS WLS (Proxy),G043043E42994N
2020-09-04,3589.774,3458.23,3589.77,Landsat/Sentinel (Observation),G043043E42994N
2020-09-05,,3437.02,3437.02,MODIS WLS (Proxy),G043043E42994N
2020-09-11,3671.1527,3482.5,3671.15,Landsat/Sentinel (Observation),G043043E42994N
2020-09-11,3681.9838,3482.5,3681.98,Landsat/Sentinel (Observation),G043043E42994N
2020-09-12,,3482.5,3482.5,MODIS WLS (Proxy),G043043E42994N
2020-09-13,,3482.5,3482.5,MODIS WLS (Proxy),G043043E42994N
2020-09-14,,3482.5,3482.5,MODIS WLS (Proxy),G043043E42994N
2020-09-16,3687.1783,,3687.18,Landsat/Sentinel (Observation),G043043E42994N
2020-09-19,,3475.88,3475.88,MODIS WLS (Proxy),G043043E42994N
2020-09-20,3695.5316,3475.88,3695.53,Landsat/Sentinel (Observation),G043043E42994N
2020-09-21,3705.6732,3475.88,3705.67,Landsat/Sentinel (Observation),G043043E42994N
2020-09-22,,3475.88,3475.88,MODIS WLS (Proxy),G043043E42994N
2020-09-27,3702.4739,,3702.47,Landsat/Sentinel (Observation),G043043E42994N
2020-09-28,3702.4739,,3702.47,Landsat/Sentinel (Observation),G043043E42994N
2020-10-06,3577.0986,,3577.1,Landsat/Sentinel (Observation),G043043E42994N
2020-10-07,,3102.32,3102.32,MODIS WLS (Proxy),G043043E42994N
2020-10-08,,3138.86,3138.86,MODIS WLS (Proxy),G043043E42994N
2020-10-11,3526.9881,3400.97,3526.99,Landsat/Sentinel (Observation),G043043E42994N
2020-10-13,3384.784,3425.37,3384.78,Landsat/Sentinel (Observation),G043043E42994N
2020-10-14,,3433.22,3433.22,MODIS WLS (Proxy),G043043E42994N
2020-10-15,,3446.7,3446.7,MODIS WLS (Proxy),G043043E42994N
2020-10-16,3384.784,3446.7,3384.78,Landsat/Sentinel (Observation),G043043E42994N
2020-10-17,,3449.77,3449.77,MODIS WLS (Proxy),G043043E42994N
2020-10-21,3413.4895,,3413.49,Landsat/Sentinel (Observation),G043043E42994N
2020-10-22,3391.9571,,3391.96,Landsat/Sentinel (Observation),G043043E42994N
2020-10-24,,3417.77,3417.77,MODIS WLS (Proxy),G043043E42994N
2020-10-26,3366.5376,3435.55,3366.54,Landsat/Sentinel (Observation),G043043E42994N
2020-10-28,,3438.86,3438.86,MODIS WLS (Proxy),G043043E42994N
2020-10-30,3305.0648,,3305.06,Landsat/Sentinel (Observation),G043043E42994N
2021-05-02,2553.0,,2553.0,Landsat/Sentinel (Observation),G043043E42994N
2021-05-03,,2963.29,2963.29,MODIS WLS (Proxy),G043043E42994N
2021-05-06,,2972.98,2972.98,MODIS WLS (Proxy),G043043E42994N
2021-05-08,,2963.91,2963.91,MODIS WLS (Proxy),G043043E42994N
2021-05-11,,2960.96,2960.96,MODIS WLS (Proxy),G043043E42994N
2021-05-13,,2968.93,2968.93,MODIS WLS (Proxy),G043043E42994N
2021-05-14,2584.0,,2584.0,Landsat/Sentinel (Observation),G043043E42994N
2021-05-15,,2996.64,2996.64,MODIS WLS (Proxy),G043043E42994N
2021-05-31,,2944.17,2944.17,MODIS WLS (Proxy),G043043E42994N
2021-06-03,2835.6663,,2835.67,Landsat/Sentinel (Observation),G043043E42994N
2021-06-03,2835.6663,,2835.67,Landsat/Sentinel (Observation),G043043E42994N
2021-06-08,2835.6663,,2835.67,Landsat/Sentinel (Observation),G043043E42994N
2021-06-16,,3166.69,3166.69,MODIS WLS (Proxy),G043043E42994N
2021-06-19,3026.0549,3166.69,3026.05,Landsat/Sentinel (Observation),G043043E42994N
2021-06-23,3026.0549,3283.77,3026.05,Landsat/Sentinel (Observation),G043043E42994N
2021-06-24,,3283.77,3283.77,MODIS WLS (Proxy),G043043E42994N
2021-06-25,,3283.77,3283.77,MODIS WLS (Proxy),G043043E42994N
2021-06-26,3026.0549,3283.77,3026.05,Landsat/Sentinel (Observation),G043043E42994N
2021-07-01,,3266.48,3266.48,MODIS WLS (Proxy),G043043E42994N
2021-07-11,,3342.0,3342.0,MODIS WLS (Proxy),G043043E42994N
2021-07-12,3362.9398,,3362.94,Landsat/Sentinel (Observation),G043043E42994N
2021-07-13,3424.2057,,3424.21,Landsat/Sentinel (Observation),G043043E42994N
2021-07-13,3424.2057,,3424.21,Landsat/Sentinel (Observation),G043043E42994N
2021-07-15,,3383.44,3383.44,MODIS WLS (Proxy),G043043E42994N
2021-07-16,,3379.27,3379.27,MODIS WLS (Proxy),G043043E42994N
2021-07-17,,3397.66,3397.66,MODIS WLS (Proxy),G043043E42994N
2021-07-18,3424.2057,3400.85,3424.21,Landsat/Sentinel (Observation),G043043E42994N
2021-07-19,,3422.18,3422.18,MODIS WLS (Proxy),G043043E42994N
2021-07-20,,3420.1,3420.1,MODIS WLS (Proxy),G043043E42994N
2021-07-21,3424.2057,3437.14,3424.21,Landsat/Sentinel (Observation),G043043E42994N
2021-07-26,,3341.76,3341.76,MODIS WLS (Proxy),G043043E42994N
2021-08-05,,3461.66,3461.66,MODIS WLS (Proxy),G043043E42994N
2021-08-06,3636.781,3461.66,3636.78,Landsat/Sentinel (Observation),G043043E42994N
2021-08-13,3619.1496,,3619.15,Landsat/Sentinel (Observation),G043043E42994N
2021-08-17,3621.7044,3473.8,3621.7,Landsat/Sentinel (Observation),G043043E42994N
2021-08-22,3640.8311,3389.08,3640.83,Landsat/Sentinel (Observation),G043043E42994N
2021-08-22,3640.8311,3389.08,3640.83,Landsat/Sentinel (Observation),G043043E42994N
2021-08-25,,3436.89,3436.89,MODIS WLS (Proxy),G043043E42994N
2021-08-27,3645.7973,3454.79,3645.8,Landsat/Sentinel (Observation),G043043E42994N
2021-08-28,,3454.79,3454.79,MODIS WLS (Proxy),G043043E42994N
2021-08-29,3617.0689,3474.9,3617.07,Landsat/Sentinel (Observation),G043043E42994N
2021-08-30,,3474.9,3474.9,MODIS WLS (Proxy),G043043E42994N
2021-09-04,,3065.42,3065.42,MODIS WLS (Proxy),G043043E42994N
2021-09-05,,3065.42,3065.42,MODIS WLS (Proxy),G043043E42994N
2021-09-07,3505.2308,,3505.23,Landsat/Sentinel (Observation),G043043E42994N
2021-09-10,,3362.6,3362.6,MODIS WLS (Proxy),G043043E42994N
2021-09-14,3303.0,,3303.0,Landsat/Sentinel (Observation),G043043E42994N
2021-09-15,,3305.22,3305.22,MODIS WLS (Proxy),G043043E42994N
2021-09-21,3399.2262,,3399.23,Landsat/Sentinel (Observation),G043043E42994N
2021-09-26,3454.5106,,3454.51,Landsat/Sentinel (Observation),G043043E42994N
2021-10-09,3252.1212,3007.8,3252.12,Landsat/Sentinel (Observation),G043043E42994N
2021-10-10,,3007.8,3007.8,MODIS WLS (Proxy),G043043E42994N
2021-10-11,3252.1212,,3252.12,Landsat/Sentinel (Observation),G043043E42994N
2021-10-16,3259.7548,,3259.75,Landsat/Sentinel (Observation),G043043E42994N
2021-10-16,3259.7548,,3259.75,Landsat/Sentinel (Observation),G043043E42994N
2021-10-17,3269.9029,,3269.9,Landsat/Sentinel (Observation),G043043E42994N
2021-10-21,3347.2028,2809.92,3347.2,Landsat/Sentinel (Observation),G043043E42994N
2021-10-26,3385.6576,,3385.66,Landsat/Sentinel (Observation),G043043E42994N
2021-10-27,,2894.64,2894.64,MODIS WLS (Proxy),G043043E42994N
2021-10-31,3327.7619,,3327.76,Landsat/Sentinel (Observation),G043043E42994N
2022-05-12,2759.8641,,2759.86,Landsat/Sentinel (Observation),G043043E42994N
2022-05-13,2759.8641,2907.02,2759.86,Landsat/Sentinel (Observation),G043043E42994N
2022-05-14,2759.8641,2907.02,2759.86,Landsat/Sentinel (Observation),G043043E42994N
2022-05-17,2759.8641,,2759.86,Landsat/Sentinel (Observation),G043043E42994N
2022-05-18,,2924.18,2924.18,MODIS WLS (Proxy),G043043E42994N
2022-05-21,2801.5131,,2801.51,Landsat/Sentinel (Observation),G043043E42994N
2022-05-22,,2938.41,2938.41,MODIS WLS (Proxy),G043043E42994N
2022-05-28,2798.348,,2798.35,Landsat/Sentinel (Observation),G043043E42994N
2022-05-29,2798.348,,2798.35,Landsat/Sentinel (Observation),G043043E42994N
2022-05-30,,3074.37,3074.37,MODIS WLS (Proxy),G043043E42994N
2022-05-31,,3074.37,3074.37,MODIS WLS (Proxy),G043043E42994N
2022-06-07,,3102.2,3102.2,MODIS WLS (Proxy),G043043E42994N
2022-06-08,3091.2858,,3091.29,Landsat/Sentinel (Observation),G043043E42994N
2022-06-18,3087.4829,,3087.48,Landsat/Sentinel (Observation),G043043E42994N
2022-06-28,3342.4602,,3342.46,Landsat/Sentinel (Observation),G043043E42994N
2022-06-30,3245.7118,,3245.71,Landsat/Sentinel (Observation),G043043E42994N
2022-07-05,,3267.71,3267.71,MODIS WLS (Proxy),G043043E42994N
2022-07-06,,3267.71,3267.71,MODIS WLS (Proxy),G043043E42994N
2022-07-07,3281.4029,3274.2,3281.4,Landsat/Sentinel (Observation),G043043E42994N
2022-07-08,3281.4029,,3281.4,Landsat/Sentinel (Observation),G043043E42994N
2022-07-08,3274.3712,,3274.37,Landsat/Sentinel (Observation),G043043E42994N
2022-07-10,,3280.58,3280.58,MODIS WLS (Proxy),G043043E42994N
2022-07-13,3264.02,,3264.02,Landsat/Sentinel (Observation),G043043E42994N
2022-07-15,3271.501,,3271.5,Landsat/Sentinel (Observation),G043043E42994N
2022-07-24,3458.1959,,3458.2,Landsat/Sentinel (Observation),G043043E42994N
2022-07-28,3455.9873,3400.24,3455.99,Landsat/Sentinel (Observation),G043043E42994N
2022-07-29,,3408.82,3408.82,MODIS WLS (Proxy),G043043E42994N
2022-07-30,,3408.82,3408.82,MODIS WLS (Proxy),G043043E42994N
2022-07-31,,3408.82,3408.82,MODIS WLS (Proxy),G043043E42994N
2022-08-01,3464.8932,3410.29,3464.89,Landsat/Sentinel (Observation),G043043E42994N
2022-08-04,,3405.14,3405.14,MODIS WLS (Proxy),G043043E42994N
2022-08-05,,3376.08,3376.08,MODIS WLS (Proxy),G043043E42994N
2022-08-09,3571.75,3504.45,3571.75,Landsat/Sentinel (Observation),G043043E42994N
2022-08-13,,3506.16,3506.16,MODIS WLS (Proxy),G043043E42994N
2022-08-15,,3493.54,3493.54,MODIS WLS (Proxy),G043043E42994N
2022-08-16,,3476.86,3476.86,MODIS WLS (Proxy),G043043E42994N
2022-08-17,3634.2193,3466.2,3634.22,Landsat/Sentinel (Observation),G043043E42994N
2022-08-17,3634.2193,3466.2,3634.22,Landsat/Sentinel (Observation),G043043E42994N
2022-08-18,,3461.17,3461.17,MODIS WLS (Proxy),G043043E42994N
2022-08-19,,3450.01,3450.01,MODIS WLS (Proxy),G043043E42994N
2022-08-21,,3462.27,3462.27,MODIS WLS (Proxy),G043043E42994N
2022-08-23,,3482.5,3482.5,MODIS WLS (Proxy),G043043E42994N
2022-08-24,3697.0654,3482.5,3697.07,Landsat/Sentinel (Observation),G043043E42994N
2022-08-25,3697.0654,3498.93,3697.07,Landsat/Sentinel (Observation),G043043E42994N
2022-08-29,,3517.56,3517.56,MODIS WLS (Proxy),G043043E42994N
2022-08-30,,3517.56,3517.56,MODIS WLS (Proxy),G043043E42994N
2022-09-02,3656.8986,,3656.9,Landsat/Sentinel (Observation),G043043E42994N
2022-09-09,3577.9366,3413.6,3577.94,Landsat/Sentinel (Observation),G043043E42994N
2022-09-10,3577.9366,,3577.94,Landsat/Sentinel (Observation),G043043E42994N
2022-09-11,3577.9366,3413.6,3577.94,Landsat/Sentinel (Observation),G043043E42994N
2022-09-12,,3413.6,3413.6,MODIS WLS (Proxy),G043043E42994N
2022-09-16,3519.7537,,3519.75,Landsat/Sentinel (Observation),G043043E42994N
2022-09-18,3344.0901,,3344.09,Landsat/Sentinel (Observation),G043043E42994N
2022-09-25,3159.8228,,3159.82,Landsat/Sentinel (Observation),G043043E42994N
2022-09-26,3159.8228,3068.73,3159.82,Landsat/Sentinel (Observation),G043043E42994N
2022-09-26,3161.6345,3068.73,3161.63,Landsat/Sentinel (Observation),G043043E42994N
2022-09-30,,3204.2,3204.2,MODIS WLS (Proxy),G043043E42994N
2022-10-01,3103.1391,3204.2,3103.14,Landsat/Sentinel (Observation),G043043E42994N
2022-10-07,,3218.42,3218.42,MODIS WLS (Proxy),G043043E42994N
2022-10-11,3229.2676,,3229.27,Landsat/Sentinel (Observation),G043043E42994N
2022-10-12,3086.7959,,3086.8,Landsat/Sentinel (Observation),G043043E42994N
2022-10-19,2933.1973,,2933.2,Landsat/Sentinel (Observation),G043043E42994N
2022-10-25,,2755.73,2755.73,MODIS WLS (Proxy),G043043E42994N
2022-10-26,2769.2477,,2769.25,Landsat/Sentinel (Observation),G043043E42994N
2022-10-28,2769.2477,,2769.25,Landsat/Sentinel (Observation),G043043E42994N
2022-10-30,,2811.39,2811.39,MODIS WLS (Proxy),G043043E42994N
2023-05-04,2560.5,2868.65,2560.5,Landsat/Sentinel (Observation),G043043E42994N
2023-05-09,2568.3333,,2568.33,Landsat/Sentinel (Observation),G043043E42994N
2023-05-16,2562.0,2851.61,2562.0,Landsat/Sentinel (Observation),G043043E42994N
2023-05-18,,2851.61,2851.61,MODIS WLS (Proxy),G043043E42994N
2023-06-08,2867.7515,,2867.75,Landsat/Sentinel (Observation),G043043E42994N
2023-06-09,2867.7515,,2867.75,Landsat/Sentinel (Observation),G043043E42994N
2023-06-17,2917.632,,2917.63,Landsat/Sentinel (Observation),G043043E42994N
2023-06-23,2988.3172,3160.8,2988.32,Landsat/Sentinel (Observation),G043043E42994N
2023-06-24,3000.2693,,3000.27,Landsat/Sentinel (Observation),G043043E42994N
2023-06-25,3006.1644,3168.65,3006.16,Landsat/Sentinel (Observation),G043043E42994N
2023-06-26,,3168.65,3168.65,MODIS WLS (Proxy),G043043E42994N
2023-06-28,3016.9133,3197.46,3016.91,Landsat/Sentinel (Observation),G043043E42994N
2023-07-02,3016.9133,,3016.91,Landsat/Sentinel (Observation),G043043E42994N
2023-07-03,3016.9133,3255.45,3016.91,Landsat/Sentinel (Observation),G043043E42994N
2023-07-03,3026.5485,3255.45,3026.55,Landsat/Sentinel (Observation),G043043E42994N
2023-07-04,,3250.91,3250.91,MODIS WLS (Proxy),G043043E42994N
2023-07-05,,3250.91,3250.91,MODIS WLS (Proxy),G043043E42994N
2023-07-06,,3250.91,3250.91,MODIS WLS (Proxy),G043043E42994N
2023-07-07,,3253.98,3253.98,MODIS WLS (Proxy),G043043E42994N
2023-07-12,3115.1281,3128.31,3115.13,Landsat/Sentinel (Observation),G043043E42994N
2023-07-13,3132.783,3128.31,3132.78,Landsat/Sentinel (Observation),G043043E42994N
2023-07-14,,3128.31,3128.31,MODIS WLS (Proxy),G043043E42994N
2023-07-18,3187.5544,,3187.55,Landsat/Sentinel (Observation),G043043E42994N
2023-07-18,3206.2041,,3206.2,Landsat/Sentinel (Observation),G043043E42994N
2023-07-19,3212.1512,,3212.15,Landsat/Sentinel (Observation),G043043E42994N
2023-07-20,,3315.15,3315.15,MODIS WLS (Proxy),G043043E42994N
2023-07-22,,3315.52,3315.52,MODIS WLS (Proxy),G043043E42994N
2023-07-25,,3328.39,3328.39,MODIS WLS (Proxy),G043043E42994N
2023-07-26,3265.4903,3318.71,3265.49,Landsat/Sentinel (Observation),G043043E42994N
2023-07-27,3265.4903,3318.71,3265.49,Landsat/Sentinel (Observation),G043043E42994N
2023-07-28,3254.948,,3254.95,Landsat/Sentinel (Observation),G043043E42994N
2023-07-29,,3348.25,3348.25,MODIS WLS (Proxy),G043043E42994N
2023-08-01,,3356.71,3356.71,MODIS WLS (Proxy),G043043E42994N
2023-08-03,3304.7376,,3304.74,Landsat/Sentinel (Observation),G043043E42994N
2023-08-05,,3392.27,3392.27,MODIS WLS (Proxy),G043043E42994N
2023-08-06,,3392.27,3392.27,MODIS WLS (Proxy),G043043E42994N
2023-08-07,3373.678,3392.27,3373.68,Landsat/Sentinel (Observation),G043043E42994N
2023-08-08,3390.1711,,3390.17,Landsat/Sentinel (Observation),G043043E42994N
2023-08-11,3418.2332,,3418.23,Landsat/Sentinel (Observation),G043043E42994N
2023-08-14,,3441.06,3441.06,MODIS WLS (Proxy),G043043E42994N
2023-08-16,,3446.33,3446.33,MODIS WLS (Proxy),G043043E42994N
2023-08-17,3456.1437,3437.63,3456.14,Landsat/Sentinel (Observation),G043043E42994N
2023-08-18,,3432.97,3432.97,MODIS WLS (Proxy),G043043E42994N
2023-08-20,3526.3493,3425.37,3526.35,Landsat/Sentinel (Observation),G043043E42994N
2023-08-22,3528.6815,,3528.68,Landsat/Sentinel (Observation),G043043E42994N
2023-08-24,,3400.11,3400.11,MODIS WLS (Proxy),G043043E42994N
2023-08-27,3549.5884,3454.43,3549.59,Landsat/Sentinel (Observation),G043043E42994N
2023-08-27,3555.1283,3454.43,3555.13,Landsat/Sentinel (Observation),G043043E42994N
2023-08-28,3555.1283,3461.9,3555.13,Landsat/Sentinel (Observation),G043043E42994N
2023-08-30,,3482.99,3482.99,MODIS WLS (Proxy),G043043E42994N
2023-08-31,,3501.87,3501.87,MODIS WLS (Proxy),G043043E42994N
2023-09-01,3610.5621,3500.16,3610.56,Landsat/Sentinel (Observation),G043043E42994N
2023-09-04,3456.6217,,3456.62,Landsat/Sentinel (Observation),G043043E42994N
2023-09-05,3456.6217,,3456.62,Landsat/Sentinel (Observation),G043043E42994N
2023-09-11,3307.7827,2953.85,3307.78,Landsat/Sentinel (Observation),G043043E42994N
2023-09-16,3120.8247,3346.29,3120.82,Landsat/Sentinel (Observation),G043043E42994N
2023-09-19,,3323.86,3323.86,MODIS WLS (Proxy),G043043E42994N
2023-09-20,3265.6809,3314.05,3265.68,Landsat/Sentinel (Observation),G043043E42994N
2023-09-27,,3291.61,3291.61,MODIS WLS (Proxy),G043043E42994N
2023-09-28,3322.4673,3291.61,3322.47,Landsat/Sentinel (Observation),G043043E42994N
2023-09-29,3322.4673,,3322.47,Landsat/Sentinel (Observation),G043043E42994N
2023-10-06,3267.5177,,3267.52,Landsat/Sentinel (Observation),G043043E42994N
2023-10-06,3210.1287,,3210.13,Landsat/Sentinel (Observation),G043043E42994N
2023-10-08,,3192.92,3192.92,MODIS WLS (Proxy),G043043E42994N
2023-10-12,,2963.78,2963.78,MODIS WLS (Proxy),G043043E42994N
2023-10-13,,2963.78,2963.78,MODIS WLS (Proxy),G043043E42994N
2023-10-14,2880.025,,2880.02,Landsat/Sentinel (Observation),G043043E42994N
2023-10-15,2880.025,2963.78,2880.02,Landsat/Sentinel (Observation),G043043E42994N
2023-10-20,,2964.89,2964.89,MODIS WLS (Proxy),G043043E42994N
2023-10-21,2828.1899,,2828.19,Landsat/Sentinel (Observation),G043043E42994N
2023-10-22,2869.3633,,2869.36,Landsat/Sentinel (Observation),G043043E42994N
2023-10-23,2897.6097,2964.89,2897.61,Landsat/Sentinel (Observation),G043043E42994N
2023-10-30,2888.8398,,2888.84,Landsat/Sentinel (Observation),G043043E42994N
2023-10-31,2888.8398,,2888.84,Landsat/Sentinel (Observation),G043043E42994N
2023-10-31,2948.6878,,2948.69,Landsat/Sentinel (Observation),G043043E42994N
2024-05-15,,2827.33,2827.33,MODIS WLS (Proxy),G043043E42994N
2024-05-18,3085.5153,,3085.52,Landsat/Sentinel (Observation),G043043E42994N
2024-05-18,3085.5153,,3085.52,Landsat/Sentinel (Observation),G043043E42994N
2024-05-21,,2950.42,2950.42,MODIS WLS (Proxy),G043043E42994N
2024-05-22,,2950.42,2950.42,MODIS WLS (Proxy),G043043E42994N
2024-05-23,3085.5153,,3085.52,Landsat/Sentinel (Observation),G043043E42994N
2024-05-24,,2950.42,2950.42,MODIS WLS (Proxy),G043043E42994N
2024-06-02,2826.3121,3126.47,2826.31,Landsat/Sentinel (Observation),G043043E42994N
2024-06-02,2883.0842,3126.47,2883.08,Landsat/Sentinel (Observation),G043043E42994N
2024-06-03,2909.0935,,2909.09,Landsat/Sentinel (Observation),G043043E42994N
2024-06-04,,3136.04,3136.04,MODIS WLS (Proxy),G043043E42994N
2024-06-05,,3136.04,3136.04,MODIS WLS (Proxy),G043043E42994N
2024-06-06,,3175.64,3175.64,MODIS WLS (Proxy),G043043E42994N
2024-06-12,3045.6924,,3045.69,Landsat/Sentinel (Observation),G043043E42994N
2024-06-14,,3089.2,3089.2,MODIS WLS (Proxy),G043043E42994N
2024-06-17,3121.9925,,3121.99,Landsat/Sentinel (Observation),G043043E42994N
2024-06-18,3121.9925,,3121.99,Landsat/Sentinel (Observation),G043043E42994N
2024-06-19,3121.9925,,3121.99,Landsat/Sentinel (Observation),G043043E42994N
2024-06-22,3121.9925,,3121.99,Landsat/Sentinel (Observation),G043043E42994N
2024-06-23,,3282.42,3282.42,MODIS WLS (Proxy),G043043E42994N
2024-06-24,,3282.42,3282.42,MODIS WLS (Proxy),G043043E42994N
2024-07-04,3194.789,3276.53,3194.79,Landsat/Sentinel (Observation),G043043E42994N
2024-07-05,3194.789,,3194.79,Landsat/Sentinel (Observation),G043043E42994N
2024-07-06,,3276.53,3276.53,MODIS WLS (Proxy),G043043E42994N
2024-07-13,3194.789,,3194.79,Landsat/Sentinel (Observation),G043043E42994N
2024-07-14,,3378.9,3378.9,MODIS WLS (Proxy),G043043E42994N
2024-07-15,,3378.9,3378.9,MODIS WLS (Proxy),G043043E42994N
2024-07-16,,3378.9,3378.9,MODIS WLS (Proxy),G043043E42994N
2024-07-23,,3318.1,3318.1,MODIS WLS (Proxy),G043043E42994N
2024-07-29,3496.2416,3394.72,3496.24,Landsat/Sentinel (Observation),G043043E42994N
2024-07-30,,3389.69,3389.69,MODIS WLS (Proxy),G043043E42994N
2024-08-01,3496.2416,,3496.24,Landsat/Sentinel (Observation),G043043E42994N
2024-08-02,,3386.26,3386.26,MODIS WLS (Proxy),G043043E42994N
2024-08-03,,3388.1,3388.1,MODIS WLS (Proxy),G043043E42994N
2024-08-04,,3388.1,3388.1,MODIS WLS (Proxy),G043043E42994N
2024-08-05,3494.6809,,3494.68,Landsat/Sentinel (Observation),G043043E42994N
2024-08-06,3519.0637,3392.15,3519.06,Landsat/Sentinel (Observation),G043043E42994N
2024-08-06,3519.0637,3392.15,3519.06,Landsat/Sentinel (Observation),G043043E42994N
2024-08-08,,3377.8,3377.8,MODIS WLS (Proxy),G043043E42994N
2024-08-09,,3377.8,3377.8,MODIS WLS (Proxy),G043043E42994N
2024-08-13,3522.9202,3439.47,3522.92,Landsat/Sentinel (Observation),G043043E42994N
2024-08-14,3522.9202,3462.27,3522.92,Landsat/Sentinel (Observation),G043043E42994N
2024-08-15,,3468.16,3468.16,MODIS WLS (Proxy),G043043E42994N
2024-08-16,3524.1481,,3524.15,Landsat/Sentinel (Observation),G043043E42994N
2024-08-17,,3463.13,3463.13,MODIS WLS (Proxy),G043043E42994N
2024-08-18,,3472.08,3472.08,MODIS WLS (Proxy),G043043E42994N
2024-08-19,,3464.6,3464.6,MODIS WLS (Proxy),G043043E42994N
2024-08-20,,3464.6,3464.6,MODIS WLS (Proxy),G043043E42994N
2024-08-21,3580.6585,3446.95,3580.66,Landsat/Sentinel (Observation),G043043E42994N
2024-08-21,3589.5798,3446.95,3589.58,Landsat/Sentinel (Observation),G043043E42994N
2024-08-27,,3446.33,3446.33,MODIS WLS (Proxy),G043043E42994N
2024-08-29,3634.9789,,3634.98,Landsat/Sentinel (Observation),G043043E42994N
2024-08-30,3634.9789,3468.65,3634.98,Landsat/Sentinel (Observation),G043043E42994N
2024-09-01,,3504.94,3504.94,MODIS WLS (Proxy),G043043E42994N
2024-09-03,,3502.24,3502.24,MODIS WLS (Proxy),G043043E42994N
2024-09-04,,3487.9,3487.9,MODIS WLS (Proxy),G043043E42994N
2024-09-07,3647.0489,3374.61,3647.05,Landsat/Sentinel (Observation),G043043E42994N
2024-09-11,,3497.7,3497.7,MODIS WLS (Proxy),G043043E42994N
2024-09-14,3584.9163,,3584.92,Landsat/Sentinel (Observation),G043043E42994N
2024-09-15,3584.9163,3385.65,3584.92,Landsat/Sentinel (Observation),G043043E42994N
2024-09-15,3584.9163,3385.65,3584.92,Landsat/Sentinel (Observation),G043043E42994N
2024-09-16,,3385.65,3385.65,MODIS WLS (Proxy),G043043E42994N
2024-09-27,,3228.48,3228.48,MODIS WLS (Proxy),G043043E42994N
2024-09-28,,3228.48,3228.48,MODIS WLS (Proxy),G043043E42994N
2024-09-29,,3228.48,3228.48,MODIS WLS (Proxy),G043043E42994N
2024-09-30,3129.5997,3228.48,3129.6,Landsat/Sentinel (Observation),G043043E42994N
2024-09-30,3100.1185,3228.48,3100.12,Landsat/Sentinel (Observation),G043043E42994N
2024-10-05,3114.0304,3171.59,3114.03,Landsat/Sentinel (Observation),G043043E42994N
2024-10-06,,3171.59,3171.59,MODIS WLS (Proxy),G043043E42994N
2024-10-09,3114.0304,,3114.03,Landsat/Sentinel (Observation),G043043E42994N
2024-10-10,3107.0054,3095.7,3107.01,Landsat/Sentinel (Observation),G043043E42994N
2024-10-12,,3095.7,3095.7,MODIS WLS (Proxy),G043043E42994N
2024-10-22,,2840.45,2840.45,MODIS WLS (Proxy),G043043E42994N
2024-10-23,,2840.45,2840.45,MODIS WLS (Proxy),G043043E42994N
2024-10-27,,2840.57,2840.57,MODIS WLS (Proxy),G043043E42994N
2024-10-28,,2840.57,2840.57,MODIS WLS (Proxy),G043043E42994N
2024-10-30,3445.0,2840.57,3445.0,Landsat/Sentinel (Observation),G043043E42994N
2025-05-05,3286.0,2892.68,3286.0,Landsat/Sentinel (Observation),G043043E42994N
2025-05-07,,2882.5,2882.5,MODIS WLS (Proxy),G043043E42994N
2025-05-09,,2828.8,2828.8,MODIS WLS (Proxy),G043043E42994N
2025-05-17,,2955.69,2955.69,MODIS WLS (Proxy),G043043E42994N
2025-05-20,2587.7891,2963.05,2587.79,Landsat/Sentinel (Observation),G043043E42994N
2025-05-21,2587.7891,2962.56,2587.79,Landsat/Sentinel (Observation),G043043E42994N
2025-05-22,,2982.17,2982.17,MODIS WLS (Proxy),G043043E42994N
2025-05-23,2587.7891,,2587.79,Landsat/Sentinel (Observation),G043043E42994N
2025-05-25,2587.7891,2998.11,2587.79,Landsat/Sentinel (Observation),G043043E42994N
2025-06-04,2746.7404,3080.62,2746.74,Landsat/Sentinel (Observation),G043043E42994N
2025-06-05,2779.9283,,2779.93,Landsat/Sentinel (Observation),G043043E42994N
2025-06-06,2779.9283,3114.09,2779.93,Landsat/Sentinel (Observation),G043043E42994N
2025-06-07,2779.9283,3114.09,2779.93,Landsat/Sentinel (Observation),G043043E42994N
2025-06-08,,3131.25,3131.25,MODIS WLS (Proxy),G043043E42994N
2025-06-09,,3131.25,3131.25,MODIS WLS (Proxy),G043043E42994N
2025-06-13,2812.2493,3138.36,2812.25,Landsat/Sentinel (Observation),G043043E42994N
2025-06-22,2929.6667,,2929.67,Landsat/Sentinel (Observation),G043043E42994N
2025-06-22,2929.6667,,2929.67,Landsat/Sentinel (Observation),G043043E42994N
2025-06-26,,3198.81,3198.81,MODIS WLS (Proxy),G043043E42994N
2025-07-02,3044.9144,,3044.91,Landsat/Sentinel (Observation),G043043E42994N
2025-07-07,3086.7906,3247.11,3086.79,Landsat/Sentinel (Observation),G043043E42994N
2025-07-07,3086.7906,3247.11,3086.79,Landsat/Sentinel (Observation),G043043E42994N
2025-07-08,3086.7906,3299.83,3086.79,Landsat/Sentinel (Observation),G043043E42994N
2025-07-11,,3316.01,3316.01,MODIS WLS (Proxy),G043043E42994N
2025-07-12,3076.9388,3327.05,3076.94,Landsat/Sentinel (Observation),G043043E42994N
2025-07-13,,3327.05,3327.05,MODIS WLS (Proxy),G043043E42994N
2025-07-14,3126.1511,3327.05,3126.15,Landsat/Sentinel (Observation),G043043E42994N
2025-07-15,3136.1555,3317.73,3136.16,Landsat/Sentinel (Observation),G043043E42994N
2025-07-18,,3277.76,3277.76,MODIS WLS (Proxy),G043043E42994N
2025-07-22,3223.0345,,3223.03,Landsat/Sentinel (Observation),G043043E42994N
2025-07-23,3261.0147,3383.93,3261.01,Landsat/Sentinel (Observation),G043043E42994N
2025-07-24,3297.256,3392.39,3297.26,Landsat/Sentinel (Observation),G043043E42994N
2025-07-24,3369.2524,3392.39,3369.25,Landsat/Sentinel (Observation),G043043E42994N
2025-07-26,,3399.5,3399.5,MODIS WLS (Proxy),G043043E42994N
2025-07-27,3387.3249,3418.26,3387.32,Landsat/Sentinel (Observation),G043043E42994N
2025-07-28,,3449.89,3449.89,MODIS WLS (Proxy),G043043E42994N
2025-07-29,,3453.08,3453.08,MODIS WLS (Proxy),G043043E42994N
2025-07-30,,3462.52,3462.52,MODIS WLS (Proxy),G043043E42994N
2025-07-31,3410.9905,3460.07,3410.99,Landsat/Sentinel (Observation),G043043E42994N
2025-08-01,3442.9794,3477.84,3442.98,Landsat/Sentinel (Observation),G043043E42994N
2025-08-01,3477.6129,3477.84,3477.61,Landsat/Sentinel (Observation),G043043E42994N
2025-08-03,3579.2112,,3579.21,Landsat/Sentinel (Observation),G043043E42994N
2025-08-04,,3481.4,3481.4,MODIS WLS (Proxy),G043043E42994N
2025-08-05,,3478.21,3478.21,MODIS WLS (Proxy),G043043E42994N
2025-08-06,3599.295,3478.21,3599.3,Landsat/Sentinel (Observation),G043043E42994N
2025-08-07,,3472.94,3472.94,MODIS WLS (Proxy),G043043E42994N
2025-08-09,3575.2391,,3575.24,Landsat/Sentinel (Observation),G043043E42994N
2025-08-10,,3482.13,3482.13,MODIS WLS (Proxy),G043043E42994N
2025-08-11,,3474.04,3474.04,MODIS WLS (Proxy),G043043E42994N
2025-08-13,3562.4272,3474.04,3562.43,Landsat/Sentinel (Observation),G043043E42994N
2025-08-14,,3492.19,3492.19,MODIS WLS (Proxy),G043043E42994N
2025-08-17,3584.9698,,3584.97,Landsat/Sentinel (Observation),G043043E42994N
2025-08-18,,3475.02,3475.02,MODIS WLS (Proxy),G043043E42994N
2025-08-19,,3444.5,3444.5,MODIS WLS (Proxy),G043043E42994N
2025-08-22,,3428.07,3428.07,MODIS WLS (Proxy),G043043E42994N
2025-08-23,3605.1825,3437.02,3605.18,Landsat/Sentinel (Observation),G043043E42994N
2025-08-24,3603.6396,3454.67,3603.64,Landsat/Sentinel (Observation),G043043E42994N
2025-08-27,,3499.17,3499.17,MODIS WLS (Proxy),G043043E42994N
2025-08-28,,3509.6,3509.6,MODIS WLS (Proxy),G043043E42994N
2025-08-29,,3509.6,3509.6,MODIS WLS (Proxy),G043043E42994N
2025-08-30,,3509.6,3509.6,MODIS WLS (Proxy),G043043E42994N
2025-08-31,3648.9928,3515.85,3648.99,Landsat/Sentinel (Observation),G043043E42994N
2025-09-05,,3425.86,3425.86,MODIS WLS (Proxy),G043043E42994N
2025-09-06,,3425.86,3425.86,MODIS WLS (Proxy),G043043E42994N
2025-09-15,2983.5145,3395.7,2983.51,Landsat/Sentinel (Observation),G043043E42994N
2025-09-16,,3395.7,3395.7,MODIS WLS (Proxy),G043043E42994N
2025-09-22,3097.6098,3227.25,3097.61,Landsat/Sentinel (Observation),G043043E42994N
2025-09-24,,3227.25,3227.25,MODIS WLS (Proxy),G043043E42994N
2025-09-25,3113.5355,,3113.54,Landsat/Sentinel (Observation),G043043E42994N
2025-10-01,,3083.69,3083.69,MODIS WLS (Proxy),G043043E42994N
2025-10-03,3224.3693,,3224.37,Landsat/Sentinel (Observation),G043043E42994N
2025-10-04,3224.3693,3105.14,3224.37,Landsat/Sentinel (Observation),G043043E42994N
2025-10-05,3224.3693,3270.89,3224.37,Landsat/Sentinel (Observation),G043043E42994N
2025-10-07,,3270.89,3270.89,MODIS WLS (Proxy),G043043E42994N
2025-10-08,,3265.75,3265.75,MODIS WLS (Proxy),G043043E42994N
2025-10-14,,2939.63,2939.63,MODIS WLS (Proxy),G043043E42994N
2025-10-22,2900.3673,,2900.37,Landsat/Sentinel (Observation),G043043E42994N
2025-10-30,2900.3673,2816.79,2900.37,Landsat/Sentinel (Observation),G043043E42994N
2025-10-31,,2816.79,2816.79,MODIS WLS (Proxy),G043043E42994N
