date,meanNIR,MODIS_weight_final,meanNIR_unweighted_7day,meanNIR_weighted_7day
2000-05-04,0.6421,0.1502,0.6421,0.6421
2000-05-22,0.4753,0.0969,0.4753,0.4753
2000-06-07,0.5116,0.0869,0.5116,0.5116
2000-06-13,0.4343,0.1741,0.416,0.4101
2000-06-15,0.3978,0.3415,0.416,0.4101
2000-06-22,0.5122,0.276,0.4878,0.4993
2000-06-23,0.4633,0.0992,0.4579,0.4443
2000-06-26,0.3982,0.448,0.4308,0.41
2000-07-04,0.2799,0.1,0.3028,0.3155
2000-07-05,0.3258,0.3444,0.3028,0.3155
2000-07-09,0.3563,0.0846,0.3157,0.3193
2000-07-11,0.2751,0.0707,0.2959,0.3011
2000-07-13,0.2484,0.0682,0.2806,0.2909
2000-07-14,0.3039,0.2664,0.2734,0.2678
2000-07-16,0.2951,0.128,0.2841,0.2722
2000-07-17,0.2444,0.5266,0.2828,0.2719
2000-07-18,0.3287,0.0861,0.2794,0.2711
2000-07-20,0.2419,0.063,0.2755,0.2684
2000-07-21,0.287,0.4928,0.2859,0.2882
2000-07-25,0.2895,0.0769,0.2494,0.2337
2000-07-26,0.2218,0.4878,0.2324,0.2296
2000-07-28,0.2368,0.4949,0.233,0.2322
2000-07-29,0.1816,0.0909,0.2217,0.2296
2000-07-30,0.2465,0.3818,0.2216,0.2327
2000-07-31,0.2216,0.2339,0.2216,0.2327
2000-08-05,0.2551,0.0823,0.2551,0.2551
2000-08-20,0.2551,0.7242,0.241,0.2527
2000-08-22,0.2692,0.4253,0.241,0.2527
2000-08-23,0.1987,0.1616,0.241,0.2527
2000-08-29,0.3189,0.5476,0.3189,0.3189
2000-09-05,0.2442,0.7469,0.2442,0.2442
2000-09-11,0.2507,0.0691,0.2202,0.1965
2000-09-12,0.1896,0.5416,0.2202,0.1965
2000-09-16,0.2767,0.4036,0.2394,0.239
2000-09-19,0.202,0.4104,0.2394,0.239
2000-09-25,0.2578,0.1728,0.3802,0.4532
2000-09-28,0.5026,0.6827,0.3802,0.4532
2000-10-03,0.3306,0.1986,0.3306,0.3306
2000-10-15,0.2705,0.0969,0.2705,0.2705
2000-10-24,0.2124,0.063,0.2124,0.2124
2000-10-31,0.1498,0.0694,0.1498,0.1498
2001-05-01,0.6047,0.5958,0.6047,0.6047
2001-05-07,0.6325,0.1863,0.6325,0.6325
2001-05-12,0.7246,0.593,0.7246,0.7246
2001-05-20,0.6093,0.0853,0.5968,0.5927
2001-05-22,0.5843,0.1682,0.6307,0.6169
2001-05-25,0.6986,0.0749,0.6162,0.5811
2001-05-26,0.5658,0.6122,0.6035,0.5769
2001-05-29,0.5461,0.0746,0.5752,0.5693
2001-06-01,0.6136,0.0875,0.5574,0.5271
2001-06-02,0.5124,0.613,0.563,0.525
2001-06-14,0.3807,0.088,0.3807,0.3807
2001-07-04,0.3414,0.4992,0.3385,0.3385
2001-07-06,0.3355,0.4975,0.3385,0.3385
2001-07-12,0.3997,0.0892,0.3909,0.3841
2001-07-15,0.3821,0.691,0.3641,0.3727
2001-07-16,0.3094,0.1011,0.3484,0.3674
2001-07-17,0.3652,0.3394,0.3484,0.3674
2001-07-19,0.3368,0.1168,0.3284,0.3214
2001-07-22,0.3023,0.8075,0.2906,0.3019
2001-07-23,0.2553,0.0923,0.2847,0.3006
2001-07-24,0.3131,0.5978,0.2815,0.2946
2001-07-25,0.2457,0.1206,0.2815,0.2946
2001-07-26,0.3071,0.2939,0.2773,0.2904
2001-07-27,0.2653,0.3905,0.2828,0.2927
2001-08-01,0.2106,0.0722,0.267,0.2796
2001-08-02,0.2837,0.4367,0.2534,0.2492
2001-08-04,0.3068,0.1172,0.2558,0.2505
2001-08-05,0.2127,0.5219,0.2592,0.2512
2001-08-06,0.2653,0.1,0.253,0.234
2001-08-08,0.2274,0.0877,0.2429,0.2335
2001-08-11,0.2661,0.2514,0.227,0.2129
2001-08-12,0.1947,0.3909,0.2268,0.212
2001-08-13,0.2484,0.1,0.2265,0.2165
2001-08-14,0.1982,0.7554,0.2253,0.2166
2001-08-16,0.2253,0.7694,0.2227,0.2144
2001-08-17,0.2189,0.09,0.2141,0.2123
2001-08-21,0.2149,0.5701,0.2149,0.2149
2001-08-25,0.3184,0.3724,0.2534,0.2475
2001-08-27,0.2614,0.293,0.2358,0.2256
2001-08-28,0.1804,0.4543,0.2358,0.2256
2001-08-29,0.2451,0.1,0.2425,0.2393
2001-08-30,0.1736,0.5081,0.2391,0.2386
2001-09-01,0.3519,0.4718,0.2507,0.2567
2001-09-02,0.2222,0.0761,0.2766,0.2684
2001-09-03,0.2605,0.2976,0.2899,0.2936
2001-09-05,0.3749,0.1373,0.2792,0.2675
2001-09-06,0.24,0.4355,0.2934,0.2711
2001-09-07,0.2983,0.09,0.3312,0.3341
2001-09-10,0.4115,0.4984,0.3249,0.3571
2001-09-11,0.2674,0.1671,0.3337,0.3633
2001-09-12,0.3222,0.1949,0.3077,0.3185
2001-09-15,0.2296,0.4331,0.2634,0.2627
2001-09-17,0.2714,0.6393,0.2529,0.2576
2001-09-18,0.2305,0.0857,0.2529,0.2576
2001-09-19,0.2801,0.2472,0.2607,0.27
2001-09-24,0.2335,0.6221,0.2192,0.2295
2001-09-25,0.2001,0.0552,0.2192,0.2295
2001-09-27,0.2239,0.1525,0.2192,0.2295
2001-10-01,0.3382,0.4526,0.3382,0.3382
2001-10-05,0.2799,0.3494,0.2799,0.2799
2001-10-09,0.3114,0.0923,0.3114,0.3114
2002-05-01,0.697,0.3612,0.697,0.697
2002-05-13,0.6225,0.8224,0.547,0.6005
2002-05-14,0.5035,0.0938,0.547,0.6005
2002-05-16,0.5151,0.1054,0.547,0.6005
2002-05-20,0.5354,0.4333,0.5354,0.5354
2002-05-27,0.4939,0.3905,0.4939,0.4939
2002-06-07,0.6207,0.8141,0.561,0.6014
2002-06-10,0.5013,0.1574,0.561,0.6014
2002-06-15,0.4755,0.1,0.4395,0.4497
2002-06-17,0.4035,0.0557,0.4395,0.4497
2002-06-22,0.6025,0.0923,0.5188,0.519
2002-06-23,0.5179,0.8177,0.4891,0.5029
2002-06-24,0.4361,0.0823,0.4891,0.5029
2002-06-26,0.3997,0.1552,0.4512,0.4941
2002-07-08,0.4236,0.0969,0.4113,0.4049
2002-07-11,0.399,0.3098,0.4164,0.4139
2002-07-13,0.4266,0.2868,0.4128,0.4123
2002-07-18,0.3413,0.4483,0.314,0.3293
2002-07-19,0.2888,0.1027,0.3287,0.337
2002-07-20,0.3512,0.3632,0.3287,0.337
2002-07-21,0.2746,0.1671,0.3287,0.337
2002-07-22,0.3876,0.1642,0.3256,0.3346
2002-07-27,0.3528,0.4237,0.3735,0.365
2002-07-29,0.3941,0.1775,0.3711,0.3652
2002-07-31,0.3664,0.0915,0.3803,0.3847
2002-08-07,0.3583,0.1548,0.3583,0.3583
2002-08-12,0.2994,0.3852,0.2809,0.2855
2002-08-13,0.2396,0.2098,0.2809,0.2855
2002-08-14,0.3037,0.2341,0.2809,0.2855
2002-08-25,0.3166,0.0784,0.3166,0.3166
2002-08-29,0.3234,0.1158,0.2775,0.2566
2002-08-31,0.2316,0.3091,0.2775,0.2566
2002-09-04,0.4124,0.6875,0.4124,0.4124
2002-09-14,0.3547,0.1521,0.3181,0.3041
2002-09-16,0.2814,0.3401,0.3181,0.3041
2002-09-20,0.4284,0.4292,0.3652,0.3801
2002-09-21,0.349,0.0975,0.3652,0.3801
2002-09-22,0.3941,0.3945,0.3452,0.347
2002-09-23,0.2892,0.2555,0.3452,0.347
2002-09-25,0.2653,0.4759,0.284,0.3098
2002-09-28,0.1874,0.056,0.2368,0.2573
2002-09-29,0.2576,0.3616,0.2225,0.2482
2002-10-05,0.2402,0.0753,0.2455,0.2461
2002-10-07,0.2508,0.0955,0.2455,0.2461
2002-10-11,0.2492,0.4232,0.2492,0.2492
2002-10-19,0.2769,0.0823,0.3339,0.3774
2002-10-22,0.3909,0.6102,0.3339,0.3774
2002-10-28,0.4221,0.0916,0.4221,0.4221
2003-05-01,0.495,0.0992,0.495,0.495
2003-05-10,0.4758,0.0722,0.4758,0.4758
2003-05-14,0.4405,0.3178,0.4405,0.4405
2003-05-21,0.4519,0.2609,0.4519,0.4519
2003-05-25,0.4036,0.6575,0.4036,0.4036
2003-06-02,0.546,0.0915,0.5554,0.5621
2003-06-03,0.5648,0.5502,0.5554,0.5621
2003-06-11,0.3556,0.0946,0.4114,0.4313
2003-06-12,0.454,0.3693,0.4114,0.4313
2003-06-14,0.4245,0.1782,0.4091,0.4282
2003-06-16,0.4024,0.0784,0.4121,0.4328
2003-06-18,0.3743,0.0514,0.3857,0.4113
2003-06-19,0.4473,0.4712,0.3857,0.4113
2003-06-20,0.3108,0.0773,0.3897,0.4133
2003-06-21,0.3935,0.3684,0.3897,0.4133
2003-06-23,0.4224,0.1297,0.3688,0.369
2003-06-26,0.3483,0.5512,0.3854,0.3624
2003-06-30,0.4351,0.1561,0.3765,0.3417
2003-07-03,0.3178,0.6097,0.3765,0.3417
2003-07-07,0.4161,0.3433,0.4037,0.4025
2003-07-10,0.3912,0.4164,0.3798,0.3683
2003-07-11,0.3788,0.09,0.3609,0.3518
2003-07-12,0.3332,0.7678,0.3609,0.3518
2003-07-14,0.3405,0.4053,0.3508,0.3388
2003-07-21,0.3039,0.5751,0.3039,0.3039
2003-07-25,0.4246,0.0828,0.4246,0.4246
2003-08-01,0.3699,0.1585,0.3375,0.3198
2003-08-02,0.2869,0.3337,0.3375,0.3198
2003-08-03,0.3557,0.0853,0.3375,0.3198
2003-08-07,0.2814,0.1149,0.3415,0.3446
2003-08-10,0.4015,0.1278,0.3209,0.2962
2003-08-13,0.2798,0.7163,0.2882,0.2891
2003-08-14,0.2155,0.0738,0.2659,0.2796
2003-08-15,0.3215,0.3524,0.2574,0.2681
2003-08-16,0.2227,0.2072,0.2574,0.2681
2003-08-17,0.2902,0.1586,0.2498,0.2506
2003-08-18,0.2146,0.326,0.2465,0.2499
2003-08-20,0.2343,0.6866,0.2338,0.2341
2003-08-21,0.1959,0.0707,0.2149,0.2259
2003-08-25,0.2322,0.3445,0.2617,0.2324
2003-08-26,0.3235,0.0899,0.2617,0.2324
2003-08-27,0.2101,0.5824,0.2561,0.2325
2003-08-28,0.2808,0.1,0.2558,0.2394
2003-08-30,0.2338,0.0614,0.2354,0.2312
2003-08-31,0.2544,0.5408,0.2405,0.2418
2003-09-01,0.1819,0.2102,0.2304,0.2381
2003-09-02,0.2516,0.2448,0.2218,0.2211
2003-09-05,0.1875,0.5381,0.2196,0.2075
2003-09-09,0.3329,0.2814,0.2871,0.2888
2003-09-10,0.2413,0.2616,0.2871,0.2888
2003-09-14,0.3451,0.7281,0.3451,0.3451
2003-09-24,0.2767,0.088,0.2795,0.2753
2003-09-25,0.3099,0.2702,0.2795,0.2753
2003-09-26,0.2143,0.2563,0.2795,0.2753
2003-09-27,0.317,0.1477,0.2795,0.2753
2003-10-01,0.2849,0.0514,0.2993,0.3101
2003-10-02,0.3136,0.3648,0.2993,0.3101
2003-10-07,0.2393,0.5113,0.2393,0.2393
2003-10-15,0.2882,0.063,0.2882,0.2882
2003-10-31,0.3974,0.0771,0.3974,0.3974
2004-05-02,0.6022,0.6511,0.5696,0.5952
2004-05-05,0.537,0.0786,0.5696,0.5952
2004-05-14,0.5452,0.1855,0.5452,0.5452
2004-05-18,0.7021,0.4597,0.6957,0.6945
2004-05-20,0.6892,0.6559,0.624,0.6467
2004-05-22,0.6023,0.2637,0.5979,0.6256
2004-05-23,0.5023,0.2882,0.5979,0.6256
2004-06-05,0.5734,0.4817,0.5152,0.5566
2004-06-06,0.457,0.0811,0.5152,0.5566
2004-06-13,0.4372,0.0776,0.4577,0.4709
2004-06-14,0.4782,0.3554,0.4577,0.4709
2004-06-18,0.4931,0.066,0.4931,0.4931
2004-06-30,0.5039,0.4182,0.5335,0.5059
2004-07-02,0.6266,0.1462,0.5127,0.489
2004-07-03,0.47,0.4674,0.5127,0.489
2004-07-05,0.4502,0.449,0.5156,0.4832
2004-07-09,0.4263,0.2504,0.3826,0.3731
2004-07-12,0.3388,0.3881,0.3896,0.3758
2004-07-13,0.4038,0.0606,0.3713,0.3476
2004-07-20,0.4626,0.0599,0.4283,0.4
2004-07-21,0.394,0.6209,0.4283,0.4
2004-07-25,0.378,0.2584,0.3806,0.3796
2004-07-27,0.3831,0.1176,0.3631,0.3344
2004-07-29,0.389,0.083,0.3305,0.3172
2004-07-30,0.3023,0.6705,0.3176,0.3095
2004-07-31,0.2556,0.0985,0.3045,0.3037
2004-08-01,0.3226,0.4441,0.3045,0.3037
2004-08-02,0.2529,0.1922,0.2834,0.2987
2004-08-09,0.2872,0.0777,0.3051,0.3142
2004-08-10,0.323,0.2382,0.3051,0.3142
2004-08-14,0.3828,0.0884,0.3414,0.3075
2004-08-15,0.2999,0.8784,0.3027,0.2931
2004-08-18,0.2253,0.2046,0.2626,0.2858
2004-08-23,0.2356,0.0946,0.286,0.3084
2004-08-26,0.3363,0.2465,0.2765,0.2733
2004-08-27,0.2273,0.3204,0.2901,0.2788
2004-08-28,0.3066,0.084,0.2901,0.2788
2004-09-04,0.294,0.198,0.294,0.294
2004-09-08,0.4164,0.1,0.4164,0.4164
2004-09-13,0.464,0.1158,0.3825,0.341
2004-09-14,0.3009,0.3557,0.3825,0.341
2004-09-18,0.3755,0.3779,0.3461,0.3506
2004-09-20,0.3167,0.2773,0.3357,0.3459
2004-09-22,0.3149,0.1,0.2707,0.2995
2004-09-24,0.1804,0.0529,0.2254,0.2356
2004-09-26,0.181,0.0919,0.1904,0.1883
2004-09-28,0.1778,0.1697,0.1937,0.1895
2004-09-29,0.2222,0.085,0.1937,0.1895
2004-10-08,0.2632,0.0699,0.2803,0.293
2004-10-11,0.2973,0.4903,0.2803,0.293
2004-10-26,0.2021,0.0557,0.2021,0.2021
2005-05-06,0.5646,0.1,0.5646,0.5646
2005-05-10,0.609,0.2939,0.6048,0.5886
2005-05-11,0.6426,0.1408,0.6048,0.5886
2005-05-12,0.5627,0.5245,0.6048,0.5886
2005-05-18,0.628,0.1826,0.5744,0.5429
2005-05-21,0.5208,0.7035,0.5325,0.5333
2005-05-22,0.4487,0.1,0.4848,0.5118
2005-06-08,0.5591,0.4307,0.4824,0.5016
2005-06-09,0.4553,0.1099,0.4824,0.5016
2005-06-11,0.4329,0.2861,0.4824,0.5016
2005-06-17,0.5741,0.4844,0.5099,0.53
2005-06-18,0.4579,0.2144,0.5099,0.53
2005-06-19,0.4978,0.184,0.5099,0.53
2005-06-24,0.4802,0.6393,0.4802,0.4802
2005-06-28,0.505,0.0906,0.4604,0.425
2005-07-01,0.4157,0.7829,0.4225,0.417
2005-07-02,0.3923,0.0707,0.395,0.4089
2005-07-04,0.3771,0.1303,0.395,0.4089
2005-07-10,0.4083,0.3884,0.3966,0.4015
2005-07-12,0.4331,0.3883,0.3966,0.4015
2005-07-13,0.3483,0.2803,0.3935,0.4
2005-07-16,0.3842,0.1,0.3572,0.3577
2005-07-18,0.3318,0.0985,0.3524,0.3546
2005-07-19,0.3644,0.3773,0.3436,0.3383
2005-07-20,0.3124,0.2,0.3412,0.3371
2005-07-21,0.3691,0.2798,0.3368,0.3302
2005-07-22,0.2994,0.4421,0.3376,0.3301
2005-07-23,0.37,0.0869,0.3323,0.3216
2005-07-24,0.3105,0.5212,0.3299,0.3214
2005-07-27,0.3004,0.1011,0.3238,0.3243
2005-07-28,0.3439,0.3599,0.3116,0.3061
2005-07-30,0.3404,0.1585,0.3116,0.3061
2005-07-31,0.2617,0.4148,0.3153,0.3068
2005-08-06,0.3738,0.2799,0.3498,0.2997
2005-08-07,0.2637,0.4049,0.3277,0.2958
2005-08-08,0.4868,0.056,0.3277,0.2958
2005-08-09,0.2749,0.67,0.3277,0.2958
2005-08-10,0.2393,0.0985,0.3196,0.2884
2005-08-13,0.3331,0.2846,0.267,0.2607
2005-08-14,0.2256,0.2751,0.2838,0.2677
2005-08-15,0.3117,0.1162,0.2838,0.2677
2005-08-16,0.2251,0.4153,0.2703,0.2627
2005-08-17,0.3235,0.1,0.2577,0.2428
2005-08-19,0.2028,0.1,0.2505,0.2375
2005-08-23,0.2249,0.3162,0.2537,0.2394
2005-08-24,0.2987,0.1,0.2488,0.2377
2005-08-25,0.2375,0.6971,0.2488,0.2377
2005-08-27,0.2339,0.518,0.2567,0.2407
2005-08-31,0.3605,0.0871,0.2855,0.2346
2005-09-01,0.2104,0.4523,0.2855,0.2346
2005-09-06,0.4921,0.1808,0.4921,0.4921
2005-09-15,0.2642,0.1787,0.2833,0.2761
2005-09-16,0.3023,0.0811,0.2833,0.2761
2005-09-20,0.2206,0.0769,0.2206,0.2206
2005-10-06,0.4239,0.0961,0.4504,0.4557
2005-10-09,0.4769,0.1446,0.4504,0.4528
2005-10-10,0.4503,0.2769,0.4636,0.4594
2005-10-21,0.4293,0.8119,0.3579,0.3916
2005-10-22,0.334,0.1,0.3579,0.3916
2005-10-23,0.3831,0.2988,0.3376,0.364
2005-10-24,0.2852,0.2091,0.3376,0.364
2005-10-26,0.2562,0.3641,0.3082,0.3066
2006-05-05,0.6595,0.2107,0.6541,0.6519
2006-05-08,0.6487,0.5004,0.6288,0.6425
2006-05-11,0.5781,0.1033,0.6134,0.6366
2006-05-16,0.6756,0.0931,0.6756,0.6756
2006-05-20,0.574,0.2034,0.5872,0.5801
2006-05-23,0.6003,0.0614,0.5481,0.5526
2006-05-24,0.5548,0.698,0.5394,0.5475
2006-05-25,0.4632,0.0992,0.5394,0.5475
2006-05-29,0.6224,0.2227,0.5645,0.5376
2006-05-30,0.579,0.0928,0.5447,0.5139
2006-05-31,0.4922,0.5013,0.5228,0.5097
2006-06-02,0.485,0.6689,0.4886,0.4873
2006-06-03,0.4352,0.0838,0.4705,0.4824
2006-06-04,0.5073,0.3019,0.4651,0.4786
2006-06-05,0.433,0.2055,0.4651,0.4786
2006-06-14,0.4551,0.3404,0.5008,0.4796
2006-06-15,0.543,0.1053,0.4845,0.4555
2006-06-17,0.5042,0.0684,0.4592,0.4506
2006-06-18,0.4358,0.6274,0.4602,0.4489
2006-06-19,0.3579,0.0606,0.4326,0.4357
2006-06-30,0.3868,0.2286,0.3868,0.3868
2006-07-09,0.4336,0.405,0.4343,0.4338
2006-07-10,0.435,0.0846,0.4119,0.3981
2006-07-13,0.367,0.561,0.4136,0.3961
2006-07-15,0.4389,0.3044,0.3968,0.3916
2006-07-17,0.3846,0.092,0.4118,0.4263
2006-07-21,0.2766,0.0969,0.3497,0.3904
2006-07-22,0.4227,0.3414,0.3497,0.3904
2006-07-26,0.3534,0.1,0.3097,0.3228
2006-07-28,0.2659,0.0537,0.3062,0.3215
2006-07-30,0.2774,0.067,0.3029,0.3203
2006-07-31,0.328,0.4217,0.2931,0.2911
2006-08-02,0.3404,0.1274,0.2994,0.2851
2006-08-03,0.2538,0.5254,0.2894,0.2823
2006-08-04,0.3245,0.1,0.2828,0.2757
2006-08-05,0.272,0.927,0.2828,0.2757
2006-08-06,0.2177,0.0985,0.2713,0.272
2006-08-07,0.2885,0.5804,0.2604,0.2647
2006-08-10,0.1993,0.3342,0.2444,0.2539
2006-08-11,0.2991,0.1,0.2297,0.2164
2006-08-13,0.1908,0.1,0.2373,0.2451
2006-08-15,0.1974,0.0582,0.2336,0.2471
2006-08-16,0.3,0.3299,0.2305,0.2371
2006-08-17,0.2028,0.309,0.2384,0.2407
2006-08-18,0.2771,0.1591,0.2384,0.2407
2006-08-19,0.2146,0.4258,0.2486,0.2428
2006-08-28,0.2154,0.5808,0.1944,0.2113
2006-08-30,0.2186,0.5828,0.1946,0.2057
2006-08-31,0.1493,0.1075,0.2067,0.2089
2006-09-01,0.2077,0.264,0.2049,0.2061
2006-09-02,0.1818,0.3211,0.2195,0.2104
2006-09-03,0.2672,0.102,0.2196,0.2048
2006-09-05,0.2921,0.0715,0.297,0.3087
2006-09-08,0.4467,0.3347,0.3611,0.3855
2006-09-09,0.3252,0.2159,0.3841,0.3952
2006-09-10,0.3803,0.1446,0.3841,0.3952
2006-09-17,0.4372,0.2271,0.364,0.3656
2006-09-18,0.299,0.2311,0.364,0.3656
2006-09-19,0.3557,0.0861,0.364,0.3656
2006-09-28,0.3687,0.0892,0.3687,0.3687
2006-10-02,0.2644,0.0983,0.2644,0.2644
2006-10-07,0.2827,0.0877,0.2827,0.2827
2006-10-19,0.4121,0.2455,0.4121,0.4121
2006-10-25,0.2462,0.0568,0.2462,0.2462
2007-05-01,0.7947,0.0879,0.7947,0.7947
2007-05-05,0.5531,0.1,0.5531,0.5531
2007-05-10,0.6669,0.0568,0.6669,0.6669
2007-05-17,0.5312,0.0986,0.475,0.4577
2007-05-18,0.4341,0.3748,0.4514,0.4526
2007-05-20,0.4597,0.7993,0.4526,0.4538
2007-05-21,0.3806,0.09,0.4329,0.4494
2007-05-22,0.4573,0.4687,0.4325,0.4536
2007-05-29,0.4661,0.4369,0.4661,0.4661
2007-06-14,0.4157,0.4753,0.4174,0.417
2007-06-16,0.419,0.3152,0.4174,0.417
2007-06-23,0.4059,0.4842,0.4033,0.4042
2007-06-25,0.4006,0.2294,0.3732,0.3626
2007-06-27,0.3671,0.0769,0.3623,0.3416
2007-06-28,0.3191,0.6896,0.3623,0.3416
2007-07-04,0.3918,0.0873,0.3665,0.3476
2007-07-05,0.3335,0.4642,0.3497,0.3435
2007-07-06,0.3743,0.1,0.3497,0.3435
2007-07-08,0.2992,0.0599,0.3308,0.3322
2007-07-10,0.2932,0.2079,0.322,0.3259
2007-07-11,0.3536,0.245,0.322,0.3259
2007-07-13,0.3419,0.1,0.3296,0.3288
2007-07-18,0.3512,0.2909,0.3071,0.293
2007-07-20,0.3356,0.1628,0.3285,0.3029
2007-07-21,0.2344,0.4068,0.3285,0.3029
2007-07-22,0.3929,0.0946,0.3118,0.2829
2007-07-25,0.2843,0.5317,0.2911,0.2801
2007-07-26,0.2185,0.1913,0.2733,0.2744
2007-07-27,0.2929,0.2845,0.2663,0.2612
2007-07-28,0.2668,0.3595,0.2554,0.2581
2007-07-29,0.304,0.1,0.251,0.251
2007-07-30,0.2315,0.6573,0.2565,0.2538
2007-07-31,0.1897,0.0961,0.2492,0.248
2007-08-01,0.2538,0.6982,0.2448,0.2436
2007-08-05,0.2867,0.1645,0.2457,0.2343
2007-08-06,0.2059,0.5839,0.2457,0.2343
2007-08-08,0.2446,0.7707,0.2522,0.2571
2007-08-10,0.3565,0.4972,0.2413,0.2528
2007-08-11,0.1673,0.1644,0.2413,0.2528
2007-08-12,0.2522,0.2533,0.2293,0.2352
2007-08-13,0.1857,0.4611,0.2293,0.2352
2007-08-15,0.185,0.6107,0.2076,0.1981
2007-08-20,0.2537,0.2715,0.2619,0.2595
2007-08-21,0.2701,0.1505,0.2619,0.2595
2007-08-26,0.2871,0.448,0.2871,0.2871
2007-08-31,0.221,0.6417,0.2096,0.2157
2007-09-01,0.1951,0.0954,0.2096,0.2157
2007-09-02,0.2128,0.4972,0.2096,0.2157
2007-09-06,0.2316,0.1666,0.2316,0.2316
2007-09-11,0.3035,0.4949,0.2716,0.2909
2007-09-12,0.1866,0.1918,0.2908,0.2941
2007-09-13,0.2445,0.2616,0.2908,0.2941
2007-09-14,0.3517,0.4258,0.2908,0.2941
2007-09-15,0.3678,0.0606,0.2883,0.2899
2007-09-18,0.2909,0.6061,0.2546,0.2555
2007-09-19,0.2136,0.0774,0.2273,0.2484
2007-09-20,0.2391,0.388,0.2273,0.2484
2007-09-21,0.1618,0.1992,0.2273,0.2484
2007-09-22,0.2311,0.1283,0.2114,0.2159
2007-09-27,0.3064,0.4536,0.2903,0.2972
2007-09-29,0.2741,0.1815,0.2846,0.2939
2007-10-01,0.2733,0.1,0.2485,0.2255
2007-10-04,0.1981,0.4976,0.2173,0.206
2007-10-05,0.2015,0.0594,0.2036,0.2007
2007-10-06,0.1962,0.2614,0.2036,0.2007
2007-10-08,0.2185,0.1368,0.2054,0.2036
2007-10-18,0.3745,0.5566,0.3153,0.3507
2007-10-19,0.291,0.0961,0.3153,0.3507
2007-10-21,0.2804,0.1067,0.3185,0.3465
2007-10-23,0.3282,0.1754,0.3043,0.3101
2007-10-30,0.268,0.1247,0.268,0.268
2008-05-08,0.7179,0.5225,0.7179,0.7179
2008-05-13,0.6391,0.5044,0.6391,0.6391
2008-05-22,0.5775,0.8511,0.5415,0.5659
2008-05-23,0.4905,0.0938,0.5415,0.5659
2008-05-24,0.5566,0.3044,0.5415,0.5659
2008-06-01,0.5046,0.0956,0.6141,0.6349
2008-06-04,0.7235,0.1405,0.5934,0.5834
2008-06-05,0.564,0.566,0.623,0.5892
2008-06-07,0.5816,0.6141,0.623,0.5892
2008-06-14,0.543,0.6829,0.543,0.543
2008-06-25,0.4841,0.3816,0.4721,0.4742
2008-06-27,0.46,0.2665,0.4887,0.4788
2008-06-29,0.5221,0.0684,0.4772,0.46
2008-07-02,0.4495,0.4061,0.4843,0.4606
2008-07-04,0.5803,0.2127,0.4618,0.4531
2008-07-05,0.3851,0.3335,0.4618,0.4531
2008-07-06,0.4322,0.1403,0.4517,0.4328
2008-07-09,0.4091,0.6499,0.3888,0.3981
2008-07-12,0.3251,0.1633,0.3655,0.3806
2008-07-13,0.3939,0.2182,0.3715,0.3859
2008-07-14,0.3339,0.2644,0.3549,0.3786
2008-07-16,0.433,0.4646,0.3552,0.3814
2008-07-17,0.2884,0.0892,0.3537,0.3809
2008-07-19,0.327,0.1073,0.3522,0.3774
2008-07-20,0.3862,0.4187,0.3248,0.3296
2008-07-21,0.3089,0.2221,0.3347,0.3337
2008-07-22,0.3698,0.1334,0.3294,0.3228
2008-07-23,0.2687,0.3367,0.3202,0.3197
2008-07-24,0.3473,0.1,0.3092,0.3006
2008-07-25,0.2979,0.5822,0.3092,0.2992
2008-07-26,0.2624,0.0884,0.2941,0.2906
2008-08-04,0.2196,0.0892,0.2567,0.256
2008-08-06,0.2382,0.317,0.2697,0.2651
2008-08-07,0.3123,0.1574,0.2661,0.2584
2008-08-08,0.2658,0.5642,0.2753,0.2602
2008-08-09,0.3125,0.1,0.2753,0.2602
2008-08-10,0.2479,0.7824,0.2846,0.2645
2008-08-19,0.2625,0.4943,0.2625,0.2625
2008-08-23,0.3173,0.1586,0.2479,0.2269
2008-08-24,0.2155,0.5421,0.2479,0.2269
2008-08-26,0.2108,0.5093,0.2455,0.2296
2008-08-28,0.2384,0.3677,0.2246,0.2224
2008-09-02,0.2123,0.7742,0.2193,0.2183
2008-09-04,0.2262,0.5844,0.2193,0.2183
2008-09-08,0.3078,0.1385,0.3078,0.3078
2008-09-15,0.2855,0.2215,0.2498,0.2301
2008-09-16,0.1951,0.4379,0.2498,0.2301
2008-09-17,0.2688,0.0784,0.2498,0.2301
2008-10-02,0.3435,0.2777,0.3054,0.3039
2008-10-04,0.2838,0.4818,0.3054,0.3039
2008-10-05,0.289,0.0892,0.3054,0.3039
2008-10-14,0.2312,0.0776,0.2312,0.2312
2008-10-21,0.2055,0.083,0.2055,0.2055
2009-05-09,0.6512,0.718,0.6512,0.6512
2009-05-16,0.5009,0.5118,0.5009,0.5009
2009-05-30,0.5862,0.4531,0.5584,0.5744
2009-05-31,0.5781,0.0545,0.5584,0.5744
2009-06-02,0.5109,0.0877,0.5584,0.5744
2009-06-20,0.4198,0.0581,0.44,0.4468
2009-06-23,0.4602,0.117,0.439,0.4442
2009-06-25,0.4371,0.0637,0.4487,0.4521
2009-06-30,0.4228,0.2264,0.4228,0.4228
2009-07-07,0.4066,0.3914,0.3605,0.3636
2009-07-08,0.3144,0.342,0.3646,0.3647
2009-07-11,0.3729,0.0961,0.3355,0.3223
2009-07-12,0.3193,0.7035,0.3461,0.3257
2009-07-31,0.2903,0.1566,0.3405,0.3247
2009-08-03,0.3907,0.0815,0.3109,0.3026
2009-08-05,0.2625,0.0907,0.3178,0.3048
2009-08-06,0.3002,0.6807,0.3178,0.3048
2009-08-13,0.4444,0.8044,0.4057,0.4169
2009-08-15,0.367,0.4422,0.3742,0.3984
2009-08-17,0.3111,0.2643,0.3054,0.2947
2009-08-19,0.3099,0.0784,0.282,0.2663
2009-08-20,0.2336,0.6141,0.282,0.2663
2009-08-22,0.2734,0.6825,0.2557,0.251
2009-08-24,0.2771,0.2959,0.2621,0.2621
2009-08-25,0.1843,0.253,0.2621,0.2621
2009-08-26,0.3082,0.1212,0.2593,0.2548
2009-08-27,0.2674,0.3761,0.2536,0.2536
2009-08-30,0.2308,0.0529,0.2484,0.2539
2009-08-31,0.2471,0.5646,0.239,0.2457
2009-09-06,0.1962,0.0653,0.2039,0.2098
2009-09-07,0.2116,0.5002,0.2039,0.2098
2009-09-18,0.507,0.2141,0.507,0.507
2009-09-24,0.411,0.1076,0.3981,0.3931
2009-09-25,0.3851,0.2386,0.3981,0.3931
2009-09-30,0.4879,0.9181,0.4342,0.4676
2009-10-03,0.3805,0.2139,0.385,0.4266
2009-10-05,0.2867,0.3313,0.3336,0.3235
2009-10-13,0.2937,0.1021,0.2937,0.2937
2009-10-17,0.2265,0.0761,0.2363,0.2407
2009-10-20,0.2461,0.1987,0.2334,0.2381
2009-10-22,0.2275,0.0653,0.2264,0.2332
2009-10-24,0.2056,0.0799,0.2166,0.2154
2010-05-08,0.515,0.2339,0.515,0.515
2010-05-16,0.5958,0.157,0.603,0.6074
2010-05-19,0.6102,0.6605,0.603,0.6074
2010-05-26,0.5308,0.5534,0.5308,0.5308
2010-05-31,0.4435,0.155,0.4776,0.4767
2010-06-01,0.5116,0.1474,0.459,0.4429
2010-06-04,0.4218,0.4836,0.4667,0.4428
2010-06-12,0.5152,0.0568,0.4434,0.4564
2010-06-13,0.461,0.9252,0.4434,0.4564
2010-06-14,0.3539,0.0738,0.4434,0.4564
2010-07-01,0.3329,0.4615,0.3846,0.3672
2010-07-03,0.4362,0.2291,0.3834,0.3736
2010-07-06,0.3812,0.5879,0.3658,0.385
2010-07-09,0.2799,0.0902,0.3302,0.3521
2010-07-10,0.3617,0.374,0.3175,0.3297
2010-07-11,0.2785,0.1903,0.3175,0.3297
2010-07-12,0.3499,0.1116,0.3175,0.3297
2010-07-16,0.3239,0.066,0.3507,0.3717
2010-07-17,0.3775,0.5455,0.3331,0.3429
2010-07-20,0.298,0.3932,0.3378,0.3442
2010-07-27,0.2374,0.2729,0.2994,0.2823
2010-07-28,0.3296,0.1562,0.2924,0.2757
2010-07-30,0.3313,0.0992,0.2764,0.2732
2010-07-31,0.2714,0.8097,0.2842,0.2789
2010-08-01,0.2102,0.1,0.278,0.2775
2010-08-02,0.2787,0.5249,0.2674,0.2653
2010-08-04,0.2984,0.2748,0.2542,0.2502
2010-08-05,0.2146,0.4365,0.2554,0.2507
2010-08-06,0.2959,0.1,0.2561,0.252
2010-08-07,0.2272,0.5722,0.2561,0.252
2010-08-08,0.2174,0.0961,0.2537,0.2523
2010-08-09,0.283,0.5368,0.2616,0.2618
2010-08-11,0.2843,0.4135,0.2554,0.2637
2010-08-14,0.2367,0.5321,0.2605,0.2575
2010-08-19,0.2609,0.1821,0.2905,0.2921
2010-08-20,0.3159,0.2283,0.2732,0.2505
2010-08-22,0.2946,0.1,0.2638,0.2428
2010-08-23,0.2213,0.7273,0.2645,0.2408
2010-08-25,0.2263,0.5742,0.2452,0.2411
2010-08-27,0.3142,0.4106,0.228,0.2271
2010-08-28,0.1696,0.1751,0.232,0.2282
2010-08-29,0.2527,0.1567,0.2332,0.229
2010-08-30,0.1771,0.5845,0.2332,0.229
2010-08-31,0.2522,0.0861,0.2129,0.1941
2010-09-05,0.2138,0.267,0.2295,0.2223
2010-09-07,0.2451,0.1,0.2295,0.2223
2010-09-11,0.1951,0.0946,0.2284,0.2451
2010-09-12,0.2616,0.2871,0.2284,0.2451
2010-09-17,0.2597,0.6957,0.2229,0.2432
2010-09-19,0.2355,0.4805,0.2286,0.2436
2010-09-20,0.1734,0.1113,0.2286,0.2436
2010-09-21,0.2459,0.2471,0.2143,0.2188
2010-09-24,0.2025,0.5924,0.2242,0.2153
2010-09-28,0.1999,0.3531,0.1999,0.1999
2010-10-07,0.5399,0.2672,0.5399,0.5399
2010-10-18,0.4521,0.0722,0.4521,0.4521
2010-10-27,0.2051,0.0862,0.2051,0.2051
2011-05-02,0.5392,0.2112,0.5392,0.5392
2011-05-09,0.5571,0.0756,0.5571,0.5571
2011-05-17,0.6368,0.4334,0.578,0.5978
2011-05-18,0.5192,0.2154,0.578,0.5978
2011-05-28,0.5921,0.1403,0.5921,0.5921
2011-06-06,0.5769,0.0537,0.5769,0.5769
2011-06-22,0.5057,0.0722,0.4539,0.4168
2011-06-25,0.4021,0.4367,0.4236,0.4098
2011-06-26,0.3629,0.0756,0.3825,0.3963
2011-07-04,0.3944,0.4982,0.359,0.3593
2011-07-06,0.3907,0.233,0.3554,0.3548
2011-07-07,0.2918,0.3681,0.3554,0.3548
2011-07-09,0.3447,0.4794,0.3457,0.3441
2011-07-11,0.3557,0.698,0.3502,0.3512
2011-07-22,0.3514,0.2474,0.3514,0.3514
2011-07-28,0.2538,0.0572,0.2825,0.2912
2011-07-29,0.2926,0.4186,0.2669,0.2601
2011-07-31,0.3012,0.1575,0.2787,0.2804
2011-08-01,0.22,0.4926,0.2836,0.2813
2011-08-02,0.2893,0.1,0.2814,0.2778
2011-08-03,0.3151,0.6346,0.2814,0.2778
2011-08-07,0.2778,0.2756,0.2482,0.239
2011-08-10,0.2185,0.5231,0.2265,0.2325
2011-08-11,0.1765,0.1,0.2094,0.2235
2011-08-12,0.2331,0.7651,0.2094,0.2235
2011-08-18,0.2923,0.1,0.239,0.2403
2011-08-19,0.2402,0.782,0.2281,0.2346
2011-08-20,0.1872,0.0614,0.2324,0.2374
2011-08-21,0.2364,0.4915,0.2324,0.2374
2011-08-22,0.1842,0.1622,0.2318,0.2372
2011-08-23,0.2538,0.2769,0.2301,0.235
2011-08-25,0.2891,0.0977,0.2854,0.2871
2011-08-27,0.3773,0.0877,0.2878,0.2878
2011-08-28,0.3225,0.5039,0.2656,0.2692
2011-08-29,0.204,0.1062,0.262,0.2677
2011-08-30,0.2462,0.3974,0.262,0.2677
2011-08-31,0.1545,0.1937,0.2389,0.2606
2011-09-01,0.2674,0.1559,0.218,0.224
2011-09-06,0.3682,0.3643,0.2821,0.2811
2011-09-08,0.2987,0.2005,0.2625,0.248
2011-09-09,0.1793,0.346,0.2625,0.248
2011-09-11,0.2039,0.6833,0.2112,0.2134
2011-09-13,0.2276,0.5833,0.1965,0.2092
2011-09-14,0.1465,0.105,0.2137,0.2135
2011-09-15,0.2078,0.3908,0.2137,0.2145
2011-09-17,0.2828,0.1095,0.2198,0.2117
2011-09-18,0.2039,0.5135,0.2178,0.2133
2011-09-19,0.258,0.1,0.2139,0.2052
2011-09-21,0.1366,0.066,0.1967,0.198
2011-09-22,0.1882,0.5021,0.1943,0.1936
2011-09-26,0.3233,0.0753,0.2534,0.253
2011-09-28,0.1834,0.0761,0.327,0.3991
2011-10-01,0.4744,0.2937,0.3289,0.4145
2011-10-07,0.2744,0.0776,0.2744,0.2744
2011-10-12,0.2729,0.0815,0.2729,0.2729
2011-10-22,0.4031,0.6059,0.3586,0.37
2011-10-24,0.3141,0.3584,0.3586,0.37
2011-10-30,0.2337,0.0885,0.2337,0.2337
2012-05-19,0.4594,0.3432,0.4594,0.4594
2012-06-03,0.3967,0.0815,0.4431,0.4608
2012-06-04,0.4692,0.5557,0.4431,0.4608
2012-06-06,0.4634,0.2141,0.4431,0.4608
2012-06-10,0.343,0.0653,0.374,0.3973
2012-06-11,0.4113,0.5935,0.3659,0.383
2012-06-12,0.3398,0.1139,0.3659,0.383
2012-06-13,0.4017,0.3941,0.3659,0.383
2012-06-14,0.3338,0.3392,0.3717,0.3848
2012-06-20,0.4147,0.4398,0.4147,0.4147
2012-06-24,0.3893,0.0707,0.3893,0.3893
2012-07-08,0.3762,0.2221,0.3762,0.3762
2012-07-13,0.3425,0.5113,0.312,0.3182
2012-07-16,0.2814,0.3372,0.3209,0.3053
2012-07-17,0.3306,0.1575,0.3074,0.282
2012-07-18,0.2599,0.4929,0.2981,0.2807
2012-07-19,0.39,0.0869,0.2965,0.2818
2012-07-20,0.2752,0.8714,0.2885,0.2772
2012-07-21,0.2514,0.0884,0.2837,0.2756
2012-07-22,0.287,0.4467,0.2788,0.2691
2012-07-23,0.2252,0.1939,0.2646,0.2656
2012-07-24,0.2974,0.2297,0.2629,0.2601
2012-07-25,0.2254,0.4644,0.2485,0.2546
2012-07-26,0.2907,0.1,0.2408,0.2412
2012-07-28,0.1655,0.0977,0.244,0.2503
2012-07-31,0.2945,0.3586,0.2614,0.28
2012-08-02,0.3241,0.1353,0.316,0.3071
2012-08-04,0.3293,0.1,0.3267,0.3263
2012-08-15,0.1678,0.0993,0.1678,0.1678
2012-08-21,0.399,0.9298,0.3168,0.3585
2012-08-23,0.3227,0.4381,0.3112,0.3497
2012-08-24,0.2287,0.1687,0.3058,0.3462
2012-08-25,0.2944,0.2458,0.2825,0.2947
2012-08-27,0.2841,0.1,0.2691,0.2709
2012-09-02,0.2046,0.27,0.2275,0.208
2012-09-03,0.2619,0.1432,0.2202,0.2008
2012-09-04,0.1833,0.4859,0.2063,0.1978
2012-09-05,0.2602,0.1,0.2155,0.2109
2012-09-06,0.1908,0.7258,0.2097,0.2082
2012-09-07,0.1369,0.0838,0.201,0.2043
2012-09-08,0.2709,0.3953,0.2018,0.2069
2012-09-09,0.1641,0.1574,0.1979,0.2056
2012-09-11,0.1878,0.3346,0.2077,0.2055
2012-09-12,0.2368,0.1,0.2021,0.2028
2012-09-13,0.1787,0.6187,0.2051,0.205
2012-09-15,0.2431,0.5602,0.2003,0.202
2012-09-16,0.1789,0.0986,0.1961,0.2011
2012-09-17,0.2103,0.4205,0.1996,0.2102
2012-09-18,0.1541,0.2785,0.1996,0.2102
2012-09-19,0.2116,0.159,0.1887,0.1909
2012-09-24,0.405,0.5827,0.3079,0.3306
2012-09-25,0.2838,0.1984,0.3042,0.3287
2012-09-26,0.3028,0.2028,0.2966,0.3077
2012-09-27,0.2401,0.3137,0.2843,0.304
2012-09-28,0.2893,0.0645,0.2642,0.2631
2012-09-29,0.2585,0.5826,0.2504,0.2569
2012-09-30,0.2106,0.0753,0.2371,0.242
2012-10-02,0.2009,0.0647,0.2233,0.2397
2012-10-03,0.2231,0.3747,0.2147,0.2212
2012-10-06,0.2243,0.451,0.2407,0.2275
2012-10-07,0.2748,0.0653,0.2496,0.2307
2012-10-13,0.3424,0.2949,0.2829,0.3192
2012-10-16,0.2234,0.0715,0.2829,0.3192
2012-10-30,0.1864,0.0587,0.1864,0.1864
2013-05-01,0.5654,0.0855,0.5132,0.4797
2013-05-02,0.4609,0.3905,0.5132,0.4797
2013-05-08,0.6267,0.2147,0.5439,0.5234
2013-05-09,0.4611,0.3561,0.5439,0.5234
2013-05-21,0.4539,0.0576,0.4488,0.446
2013-05-23,0.4437,0.2024,0.4488,0.446
2013-05-31,0.5013,0.3211,0.5013,0.5013
2013-06-05,0.4484,0.7823,0.4484,0.4484
2013-06-23,0.4821,0.5014,0.4309,0.4317
2013-06-26,0.3796,0.4859,0.4117,0.4011
2013-06-27,0.4296,0.0807,0.3861,0.3723
2013-06-28,0.3554,0.7116,0.3861,0.3723
2013-06-30,0.3799,0.5105,0.3883,0.3696
2013-07-07,0.3733,0.6764,0.3656,0.3755
2013-07-08,0.3417,0.0506,0.3656,0.3755
2013-07-09,0.3818,0.5159,0.3656,0.3755
2013-07-14,0.2794,0.4617,0.2794,0.2794
2013-07-20,0.4217,0.1461,0.3789,0.3594
2013-07-21,0.3361,0.391,0.3789,0.3594
2013-07-25,0.3227,0.4034,0.3571,0.3481
2013-07-27,0.3914,0.2366,0.3571,0.3481
2013-08-01,0.4017,0.4213,0.3632,0.3886
2013-08-02,0.3246,0.0859,0.3946,0.4049
2013-08-05,0.4574,0.157,0.4061,0.415
2013-08-07,0.4362,0.0522,0.4468,0.4521
2013-08-11,0.2674,0.1967,0.2936,0.298
2013-08-12,0.3197,0.2783,0.2744,0.2674
2013-08-15,0.236,0.4639,0.2779,0.2674
2013-08-20,0.2501,0.2493,0.2787,0.2628
2013-08-21,0.3085,0.0843,0.2787,0.2628
2013-08-22,0.2476,0.3448,0.2787,0.2628
2013-08-23,0.3087,0.1,0.2787,0.2628
2013-08-28,0.2823,0.22,0.2449,0.2311
2013-08-29,0.2074,0.475,0.2449,0.2311
2013-09-02,0.353,0.5977,0.353,0.353
2013-09-07,0.3765,0.5495,0.3606,0.3728
2013-09-10,0.3447,0.0722,0.3244,0.3514
2013-09-12,0.2521,0.1338,0.2984,0.2846
2013-09-16,0.3085,0.8046,0.3085,0.3085
2013-09-26,0.3172,0.0614,0.3172,0.3172
2013-10-06,0.5801,0.2341,0.4965,0.4604
2013-10-07,0.46,0.2961,0.4965,0.4629
2013-10-08,0.5408,0.0902,0.4965,0.4629
2013-10-09,0.4051,0.6363,0.4636,0.4522
2013-10-10,0.4963,0.0938,0.4403,0.4274
2013-10-12,0.2993,0.0946,0.3538,0.3643
2013-10-14,0.2939,0.2046,0.2892,0.2872
2013-10-15,0.2744,0.1978,0.2892,0.2872
2013-10-21,0.2703,0.1082,0.2857,0.2836
2013-10-24,0.301,0.0828,0.2857,0.2836
2014-05-15,0.5119,0.066,0.4825,0.4992
2014-05-16,0.5129,0.5284,0.4825,0.4992
2014-05-17,0.4228,0.1056,0.4825,0.4992
2014-05-30,0.502,0.7027,0.502,0.502
2014-06-05,0.4905,0.0966,0.4905,0.4905
2014-06-15,0.4098,0.5565,0.413,0.4129
2014-06-17,0.4162,0.5284,0.4301,0.4232
2014-06-19,0.4643,0.2704,0.4403,0.4325
2014-06-25,0.3248,0.0668,0.3541,0.3722
2014-06-26,0.405,0.3235,0.3541,0.3722
2014-06-27,0.3325,0.188,0.3541,0.3722
2014-07-01,0.3784,0.7038,0.3784,0.3784
2014-07-05,0.3785,0.2828,0.3785,0.3785
2014-07-10,0.325,0.6909,0.3142,0.3337
2014-07-11,0.2667,0.0568,0.3142,0.3337
2014-07-12,0.3508,0.5767,0.3142,0.3337
2014-07-16,0.3468,0.1,0.3191,0.3101
2014-07-17,0.2639,0.5755,0.3191,0.3101
2014-07-19,0.3465,0.6313,0.3191,0.3101
2014-07-23,0.3479,0.1253,0.2979,0.2806
2014-07-24,0.2796,0.6163,0.2979,0.2806
2014-07-26,0.2661,0.5383,0.2979,0.2806
2014-07-30,0.3561,0.2692,0.3118,0.2878
2014-08-01,0.3183,0.1,0.2895,0.2832
2014-08-02,0.2611,0.8037,0.2895,0.2832
2014-08-03,0.2223,0.0877,0.2672,0.2634
2014-08-08,0.3186,0.155,0.3186,0.3186
2014-08-14,0.2123,0.2164,0.2562,0.2552
2014-08-15,0.2818,0.2765,0.2562,0.2552
2014-08-17,0.2745,0.1,0.2562,0.2552
2014-08-22,0.2736,0.3155,0.2746,0.2742
2014-08-24,0.2756,0.1227,0.2746,0.2742
2014-08-31,0.2478,0.2683,0.2254,0.2155
2014-09-01,0.1712,0.2899,0.2254,0.2155
2014-09-02,0.2572,0.1,0.2254,0.2155
2014-09-06,0.2041,0.1085,0.1988,0.1968
2014-09-07,0.1934,0.2354,0.197,0.1949
2014-09-10,0.1935,0.4863,0.1935,0.1935
2014-09-21,0.3932,0.5103,0.3328,0.3793
2014-09-22,0.2723,0.0661,0.3328,0.3793
2014-09-26,0.3401,0.4482,0.3401,0.3401
2014-09-30,0.5299,0.5382,0.5299,0.5299
2014-10-11,0.34,0.1284,0.3242,0.3298
2014-10-13,0.3084,0.0614,0.3242,0.3298
2014-10-20,0.4802,0.09,0.436,0.4044
2014-10-21,0.3918,0.5399,0.436,0.4044
2015-05-03,0.6276,0.7278,0.6329,0.6299
2015-05-06,0.6382,0.1984,0.6329,0.6299
2015-05-18,0.4717,0.0792,0.5086,0.5343
2015-05-19,0.5519,0.5442,0.5008,0.5186
2015-05-20,0.4661,0.1007,0.5008,0.5186
2015-05-21,0.5446,0.2205,0.5008,0.5186
2015-05-22,0.4697,0.3049,0.5081,0.5217
2015-06-02,0.5256,0.725,0.5256,0.5256
2015-06-08,0.4837,0.1364,0.4837,0.4837
2015-06-18,0.4095,0.5742,0.4095,0.4095
2015-07-01,0.4747,0.2128,0.407,0.3947
2015-07-02,0.3346,0.3121,0.3694,0.3786
2015-07-03,0.4118,0.1,0.3694,0.3786
2015-07-05,0.2564,0.0823,0.3343,0.3372
2015-07-10,0.3483,0.1279,0.3483,0.3483
2015-07-14,0.2514,0.0884,0.2514,0.2514
2015-07-18,0.2697,0.3984,0.282,0.278
2015-07-19,0.3567,0.1,0.282,0.278
2015-07-20,0.2799,0.55,0.2736,0.2755
2015-07-21,0.2215,0.1,0.2791,0.2836
2015-07-23,0.2404,0.0803,0.2557,0.271
2015-07-24,0.3065,0.4334,0.2496,0.2657
2015-07-25,0.23,0.3146,0.2719,0.2752
2015-07-28,0.3105,0.0985,0.2551,0.2599
2015-07-29,0.2652,0.7664,0.2614,0.266
2015-07-30,0.1997,0.0938,0.2645,0.2677
2015-07-31,0.2701,0.598,0.2645,0.2677
2015-08-02,0.2769,0.2827,0.2565,0.2598
2015-08-04,0.2964,0.1,0.2716,0.265
2015-08-05,0.2396,0.4429,0.2716,0.265
2015-08-07,0.2734,0.5704,0.2575,0.2556
2015-08-09,0.283,0.3448,0.2551,0.2594
2015-08-10,0.1951,0.2756,0.2822,0.2642
2015-08-11,0.2688,0.1668,0.2844,0.258
2015-08-13,0.3907,0.0522,0.2849,0.2406
2015-08-18,0.2455,0.1894,0.2046,0.1924
2015-08-19,0.1637,0.3509,0.2192,0.1989
2015-08-22,0.2485,0.0707,0.2061,0.1779
2015-08-29,0.3042,0.0668,0.2803,0.2706
2015-08-30,0.2697,0.7895,0.2584,0.2621
2015-09-01,0.267,0.4159,0.244,0.2468
2015-09-02,0.1927,0.1558,0.242,0.2468
2015-09-03,0.2481,0.2536,0.2365,0.2324
2015-09-04,0.1822,0.344,0.2365,0.2324
2015-09-05,0.2923,0.0846,0.2229,0.2076
2015-09-08,0.1993,0.7684,0.2458,0.2085
2015-09-12,0.2108,0.1508,0.2037,0.1994
2015-09-15,0.1965,0.5893,0.1805,0.1865
2015-09-16,0.1625,0.0823,0.1764,0.1848
2015-09-17,0.1856,0.5216,0.1724,0.1799
2015-09-18,0.1471,0.1801,0.1753,0.1805
2015-09-19,0.1904,0.2477,0.1718,0.1739
2015-09-20,0.1521,0.2894,0.1736,0.1746
2015-09-21,0.1928,0.1,0.1706,0.1676
2015-10-08,0.4175,0.8435,0.4175,0.4175
2015-10-15,0.2773,0.3639,0.2773,0.2773
2016-05-02,0.6905,0.0738,0.6251,0.5725
2016-05-03,0.5597,0.6799,0.6251,0.5725
2016-05-09,0.7014,0.1198,0.6398,0.6358
2016-05-10,0.5578,0.3604,0.6398,0.6358
2016-05-12,0.6601,0.8349,0.6398,0.6358
2016-05-17,0.6006,0.4333,0.6006,0.6006
2016-05-22,0.5055,0.0932,0.561,0.5743
2016-05-25,0.6165,0.152,0.561,0.5743
2016-06-12,0.586,0.0861,0.5463,0.5152
2016-06-13,0.5065,0.7022,0.5463,0.5152
2016-06-26,0.4407,0.1351,0.4407,0.4407
2016-07-05,0.5106,0.063,0.5106,0.5106
2016-07-09,0.3332,0.0655,0.3332,0.3332
2016-07-13,0.3332,0.4507,0.3372,0.3384
2016-07-14,0.3965,0.1,0.3374,0.3382
2016-07-16,0.2819,0.0614,0.3374,0.3382
2016-07-17,0.3379,0.3904,0.3388,0.3423
2016-07-23,0.2703,0.0861,0.3274,0.3422
2016-07-24,0.3326,0.5827,0.3274,0.3422
2016-07-26,0.3794,0.317,0.3331,0.3396
2016-07-28,0.3541,0.1612,0.3495,0.3489
2016-07-29,0.329,0.4627,0.3348,0.3453
2016-07-30,0.3356,0.1,0.3181,0.3169
2016-08-01,0.2759,0.0537,0.2996,0.3059
2016-08-02,0.2957,0.5337,0.2937,0.2947
2016-08-03,0.2763,0.1234,0.2915,0.2934
2016-08-04,0.2851,0.1426,0.2835,0.272
2016-08-06,0.3245,0.0961,0.2888,0.2807
2016-08-07,0.2433,0.7071,0.292,0.281
2016-08-09,0.315,0.6452,0.2747,0.2721
2016-08-12,0.2158,0.22,0.2704,0.2883
2016-08-13,0.2805,0.1599,0.2482,0.243
2016-08-19,0.1774,0.1828,0.2231,0.2151
2016-08-20,0.2645,0.2784,0.2165,0.2064
2016-08-21,0.1907,0.4631,0.2165,0.2064
2016-08-22,0.2597,0.1,0.2167,0.2096
2016-08-23,0.1904,0.5557,0.2246,0.2125
2016-08-25,0.2176,0.6231,0.2226,0.2091
2016-08-29,0.2525,0.1565,0.2165,0.2079
2016-08-30,0.1582,0.4594,0.2025,0.2046
2016-09-01,0.2388,0.5139,0.2038,0.2057
2016-09-02,0.1606,0.0861,0.1916,0.2007
2016-09-03,0.2089,0.4175,0.2028,0.2199
2016-09-07,0.3894,0.0599,0.268,0.2428
2016-09-08,0.2361,0.521,0.2497,0.2377
2016-09-09,0.2062,0.1,0.2499,0.2407
2016-09-10,0.2401,0.623,0.2344,0.2286
2016-09-11,0.1767,0.1078,0.2135,0.2251
2016-09-12,0.2509,0.4085,0.2097,0.2216
2016-09-13,0.1415,0.2527,0.2267,0.2278
2016-09-14,0.2427,0.1448,0.221,0.2153
2016-09-16,0.3084,0.1,0.2105,0.2024
2016-09-17,0.2058,0.5247,0.2094,0.2063
2016-09-18,0.1602,0.0915,0.2028,0.2024
2016-09-19,0.2045,0.5025,0.2028,0.2024
2016-09-20,0.135,0.1425,0.1764,0.194
2016-09-26,0.4092,0.418,0.3792,0.3964
2016-09-27,0.3491,0.1131,0.3792,0.3964
2016-10-03,0.2762,0.541,0.2518,0.2629
2016-10-04,0.2354,0.0583,0.2518,0.2629
2016-10-05,0.2439,0.2955,0.2518,0.2629
2016-10-15,0.3431,0.1933,0.3431,0.3431
2016-10-27,0.3284,0.0786,0.3284,0.3284
2017-05-12,0.7222,0.1323,0.7222,0.7222
2017-06-03,0.4978,0.2153,0.4954,0.4944
2017-06-05,0.4929,0.4693,0.4954,0.4944
2017-06-09,0.4843,0.48,0.4843,0.4843
2017-06-13,0.5345,0.1439,0.475,0.4483
2017-06-14,0.4154,0.3776,0.4827,0.4547
2017-06-17,0.4983,0.0776,0.4569,0.4295
2017-06-25,0.4739,0.5552,0.4301,0.4513
2017-06-26,0.3756,0.1123,0.4352,0.4512
2017-06-27,0.4407,0.3804,0.4352,0.4512
2017-06-29,0.4504,0.1295,0.4158,0.411
2017-07-01,0.4272,0.1,0.3894,0.3855
2017-07-02,0.3852,0.5455,0.3894,0.3855
2017-07-03,0.3086,0.1,0.3742,0.3787
2017-07-04,0.3758,0.4917,0.3742,0.3787
2017-07-09,0.3808,0.7274,0.3555,0.3809
2017-07-11,0.3994,0.4346,0.3605,0.3796
2017-07-12,0.2863,0.0846,0.3641,0.3795
2017-07-13,0.3753,0.3702,0.3599,0.3786
2017-07-15,0.3785,0.1186,0.3483,0.3614
2017-07-17,0.3529,0.0992,0.3233,0.3276
2017-07-19,0.2386,0.0961,0.2938,0.2943
2017-07-21,0.2469,0.1973,0.2978,0.297
2017-07-22,0.3366,0.21,0.2978,0.297
2017-07-24,0.3689,0.1,0.2962,0.2955
2017-07-26,0.2339,0.0946,0.2793,0.2884
2017-07-27,0.2947,0.7602,0.2793,0.2884
2017-07-28,0.2195,0.1122,0.2494,0.28
2017-08-01,0.2337,0.597,0.2596,0.245
2017-08-02,0.2985,0.1,0.2607,0.2497
2017-08-03,0.2465,0.9573,0.2467,0.2455
2017-08-05,0.2639,0.5482,0.2475,0.2461
2017-08-06,0.1907,0.1683,0.2429,0.2449
2017-08-07,0.2674,0.2229,0.2414,0.2414
2017-08-08,0.2181,0.3901,0.2317,0.2385
2017-08-09,0.2708,0.1,0.2263,0.2309
2017-08-10,0.2373,0.8367,0.2334,0.235
2017-08-11,0.1735,0.1,0.2249,0.2299
2017-08-16,0.2716,0.144,0.2716,0.2716
2017-08-21,0.2683,0.5644,0.2497,0.2561
2017-08-22,0.1965,0.215,0.2497,0.2561
2017-08-23,0.2843,0.2116,0.239,0.2373
2017-08-26,0.2068,0.6135,0.2202,0.2205
2017-08-27,0.1695,0.1,0.1882,0.2016
2017-09-01,0.341,0.0841,0.2611,0.2193
2017-09-02,0.2101,0.5265,0.2417,0.2159
2017-09-03,0.2894,0.1,0.2417,0.2159
2017-09-04,0.2037,0.7991,0.2417,0.2159
2017-09-05,0.1645,0.1,0.247,0.2317
2017-09-08,0.3675,0.2557,0.2471,0.2328
2017-09-09,0.2353,0.4167,0.2473,0.2328
2017-09-10,0.2876,0.1,0.2419,0.2276
2017-09-11,0.1808,0.6576,0.2287,0.2241
2017-09-12,0.1655,0.1,0.2051,0.2051
2017-09-13,0.2144,0.6081,0.1922,0.1923
2017-09-14,0.1495,0.0984,0.1804,0.1891
2017-09-15,0.2028,0.4211,0.1769,0.1841
2017-09-16,0.1445,0.2699,0.1847,0.1865
2017-09-17,0.2054,0.1591,0.1784,0.1738
2017-09-18,0.1565,0.5009,0.1752,0.1728
2017-09-19,0.2196,0.0931,0.1706,0.1663
2017-09-20,0.1707,0.7999,0.1758,0.1698
2017-09-21,0.1269,0.1,0.1684,0.1661
2017-09-25,0.157,0.2897,0.1849,0.1713
2017-09-26,0.2127,0.1,0.1849,0.1713
2017-10-07,0.177,0.0691,0.1935,0.2038
2017-10-08,0.21,0.2998,0.1935,0.2038
2017-10-13,0.3789,0.5097,0.3789,0.3789
2017-10-18,0.3303,0.3373,0.3194,0.3252
2017-10-19,0.3084,0.1015,0.3194,0.3252
2017-10-23,0.201,0.056,0.201,0.201
2018-05-01,0.5333,0.0591,0.5016,0.4758
2018-05-02,0.4699,0.581,0.5016,0.4758
2018-05-27,0.5168,0.6385,0.5168,0.5168
2018-06-06,0.4725,0.1512,0.4915,0.4962
2018-06-07,0.5105,0.2493,0.4915,0.4962
2018-06-13,0.3562,0.0946,0.4218,0.4172
2018-06-14,0.4042,0.2919,0.4218,0.4172
2018-06-16,0.505,0.109,0.4218,0.4172
2018-06-21,0.3846,0.3473,0.3846,0.3846
2018-06-25,0.3891,0.0915,0.3406,0.3377
2018-06-27,0.2987,0.0707,0.3423,0.3414
2018-06-28,0.3341,0.5397,0.3323,0.3323
2018-06-30,0.3472,0.4385,0.3211,0.3289
2018-07-01,0.2923,0.258,0.3267,0.3304
2018-07-02,0.3332,0.1721,0.3242,0.3281
2018-07-09,0.3125,0.1496,0.2976,0.2851
2018-07-10,0.2647,0.3435,0.2976,0.2851
2018-07-11,0.3157,0.0954,0.2976,0.2851
2018-07-18,0.3379,0.1725,0.3379,0.3379
2018-07-22,0.2466,0.0529,0.2316,0.2266
2018-07-24,0.2165,0.1045,0.2446,0.2385
2018-07-26,0.2321,0.4046,0.2768,0.2622
2018-07-27,0.2832,0.1,0.2701,0.2533
2018-07-28,0.2771,0.4635,0.269,0.2533
2018-07-29,0.3752,0.0699,0.269,0.2533
2018-07-30,0.2363,0.595,0.2763,0.2598
2018-07-31,0.2099,0.0892,0.2746,0.2579
2018-08-05,0.3585,0.0815,0.2962,0.2466
2018-08-06,0.2339,0.7198,0.2962,0.2466
2018-08-16,0.2286,0.0992,0.2605,0.2802
2018-08-17,0.2924,0.4213,0.244,0.2515
2018-08-20,0.2109,0.3687,0.2496,0.241
2018-08-21,0.2968,0.1,0.2381,0.2275
2018-08-22,0.2218,0.771,0.2252,0.2222
2018-08-23,0.2259,0.0907,0.2274,0.2245
2018-08-24,0.2351,0.4872,0.2229,0.2178
2018-08-25,0.1607,0.1576,0.2157,0.2157
2018-08-26,0.2403,0.2939,0.2094,0.2017
2018-08-27,0.1794,0.4595,0.2067,0.2007
2018-08-28,0.2467,0.1,0.2051,0.2
2018-08-29,0.1777,0.7358,0.214,0.2028
2018-08-31,0.2259,0.6,0.221,0.209
2018-09-02,0.2336,0.3734,0.2148,0.2105
2018-09-04,0.23,0.1713,0.2111,0.2018
2018-09-05,0.1697,0.5207,0.2111,0.2018
2018-09-12,0.2748,0.363,0.299,0.2852
2018-09-13,0.3231,0.1,0.299,0.2852
2018-09-18,0.2495,0.4127,0.2528,0.2512
2018-09-20,0.2561,0.1478,0.2529,0.2515
2018-09-22,0.253,0.1,0.2246,0.211
2018-09-24,0.1958,0.0799,0.2141,0.2018
2018-09-25,0.1934,0.5501,0.2141,0.2018
2018-09-30,0.2188,0.4723,0.2068,0.2163
2018-10-01,0.1948,0.0552,0.2411,0.2549
2018-10-04,0.3098,0.3705,0.2527,0.2849
2018-10-06,0.2536,0.1362,0.2774,0.2921
2018-10-08,0.2689,0.056,0.2613,0.2581
2018-10-13,0.1864,0.225,0.1864,0.1864
2018-10-23,0.2559,0.3587,0.2559,0.2559
2018-10-27,0.3325,0.3984,0.3178,0.3233
2018-10-28,0.2645,0.1458,0.3178,0.3233
2018-10-29,0.3563,0.1482,0.3178,0.3233
2019-05-07,0.5975,0.4428,0.5712,0.5861
2019-05-08,0.5448,0.1227,0.5712,0.5861
2019-05-15,0.472,0.1059,0.4716,0.4714
2019-05-17,0.4711,0.2648,0.4716,0.4714
2019-05-21,0.5319,0.6374,0.5319,0.5319
2019-05-30,0.4513,0.4769,0.4282,0.4438
2019-05-31,0.3853,0.0635,0.4282,0.4438
2019-06-01,0.468,0.3202,0.4282,0.4438
2019-06-02,0.408,0.2121,0.4282,0.4438
2019-06-09,0.4041,0.1792,0.4073,0.4071
2019-06-10,0.4104,0.1584,0.4073,0.4071
2019-06-25,0.3412,0.1861,0.3646,0.3687
2019-06-26,0.388,0.2657,0.3646,0.3687
2019-07-02,0.3745,0.1104,0.3803,0.3835
2019-07-03,0.3884,0.3647,0.3602,0.3529
2019-07-05,0.378,0.1459,0.3576,0.3524
2019-07-06,0.2999,0.3578,0.3534,0.3499
2019-07-07,0.3471,0.0884,0.3409,0.3311
2019-07-10,0.3387,0.3855,0.3429,0.3403
2019-07-26,0.383,0.3596,0.2858,0.2968
2019-07-27,0.2479,0.1298,0.2901,0.2974
2019-07-29,0.2265,0.3507,0.2901,0.2974
2019-07-30,0.3028,0.1,0.2591,0.2444
2019-08-06,0.3318,0.1103,0.2961,0.2605
2019-08-08,0.3101,0.0892,0.2762,0.2662
2019-08-09,0.2465,0.8754,0.2616,0.2571
2019-08-10,0.2043,0.0853,0.2497,0.2535
2019-08-11,0.2882,0.514,0.242,0.2423
2019-08-12,0.1888,0.2225,0.2348,0.2406
2019-08-13,0.2601,0.2697,0.2328,0.2376
2019-08-14,0.1961,0.4961,0.2385,0.2393
2019-08-15,0.2593,0.1,0.2261,0.2163
2019-08-20,0.2302,0.3935,0.2268,0.2284
2019-08-22,0.2234,0.1391,0.2268,0.2284
2019-08-28,0.2055,0.2189,0.222,0.2085
2019-08-29,0.2359,0.1778,0.2155,0.2004
2019-08-30,0.1692,0.2819,0.2155,0.2004
2019-08-31,0.2773,0.0992,0.227,0.226
2019-09-01,0.1895,0.5709,0.2228,0.2257
2019-09-03,0.2846,0.5899,0.2327,0.2352
2019-09-04,0.1805,0.1106,0.2216,0.2326
2019-09-05,0.2318,0.3614,0.2323,0.2558
2019-09-13,0.1909,0.1507,0.2321,0.2422
2019-09-14,0.2733,0.2482,0.2321,0.2422
2019-09-18,0.2231,0.1,0.2011,0.2216
2019-09-19,0.239,0.4626,0.265,0.3002
2019-09-20,0.1411,0.1022,0.265,0.3002
2019-09-22,0.4566,0.334,0.2789,0.3087
2019-10-01,0.2637,0.3299,0.2998,0.2797
2019-10-02,0.3359,0.0938,0.2897,0.2742
2019-10-05,0.2695,0.4879,0.3027,0.2802
2019-10-13,0.2229,0.056,0.2229,0.2229
2020-05-12,0.5149,0.407,0.5196,0.5208
2020-05-14,0.5243,0.6948,0.5196,0.5208
2020-05-19,0.4191,0.1815,0.4191,0.4191
2020-05-26,0.5914,0.1711,0.5907,0.5906
2020-05-27,0.5899,0.1818,0.5907,0.5906
2020-06-06,0.4346,0.5751,0.4231,0.4144
2020-06-07,0.439,0.063,0.4231,0.4144
2020-06-08,0.3956,0.6977,0.4231,0.4144
2020-06-23,0.4158,0.0514,0.4328,0.4461
2020-06-26,0.4498,0.4149,0.3968,0.3937
2020-06-28,0.3877,0.2572,0.3982,0.3949
2020-06-29,0.334,0.3833,0.3982,0.3949
2020-06-30,0.4211,0.0907,0.3723,0.3555
2020-07-03,0.3465,0.6627,0.3838,0.3555
2020-07-07,0.3321,0.1416,0.3321,0.3321
2020-07-15,0.2851,0.4301,0.3085,0.2939
2020-07-16,0.3319,0.1,0.3085,0.2939
2020-07-20,0.2139,0.106,0.2638,0.2721
2020-07-23,0.3136,0.1488,0.2748,0.2789
2020-07-25,0.2969,0.0969,0.3053,0.307
2020-07-30,0.3307,0.2237,0.3068,0.3162
2020-08-01,0.2828,0.0969,0.3023,0.301
2020-08-04,0.2934,0.6451,0.2608,0.2785
2020-08-05,0.1978,0.0878,0.2579,0.2772
2020-08-06,0.2693,0.3216,0.2579,0.2772
2020-08-08,0.271,0.1486,0.2504,0.2589
2020-08-10,0.2636,0.0514,0.2673,0.2691
2020-08-14,0.2442,0.145,0.2698,0.2574
2020-08-15,0.3205,0.2072,0.2589,0.2377
2020-08-16,0.2202,0.3992,0.2457,0.2345
2020-08-17,0.2943,0.1,0.24,0.2276
2020-08-18,0.2152,0.7451,0.2393,0.2264
2020-08-19,0.1797,0.0946,0.2231,0.2161
2020-08-20,0.2061,0.5412,0.2238,0.2149
2020-08-24,0.4743,0.0935,0.3563,0.3082
2020-08-25,0.3199,0.5505,0.3302,0.3033
2020-08-26,0.3569,0.1,0.3188,0.2948
2020-08-27,0.274,0.7841,0.2966,0.2864
2020-08-28,0.2259,0.0969,0.2653,0.2755
2020-08-29,0.2619,0.4188,0.2456,0.2495
2020-08-30,0.1631,0.1397,0.2319,0.2451
2020-08-31,0.2556,0.2669,0.2201,0.2163
2020-09-01,0.1818,0.3296,0.2106,0.2135
2020-09-02,0.2612,0.1,0.202,0.2005
2020-09-03,0.1909,0.6391,0.2098,0.2041
2020-09-04,0.1594,0.0807,0.2242,0.2179
2020-09-07,0.3278,0.2685,0.22,0.2237
2020-09-10,0.1729,0.4473,0.224,0.2133
2020-09-11,0.2667,0.1,0.1964,0.1904
2020-09-12,0.1951,0.7184,0.1864,0.1859
2020-09-13,0.1575,0.0884,0.1878,0.1871
2020-09-14,0.19,0.5677,0.1847,0.184
2020-09-15,0.1362,0.1762,0.1711,0.1802
2020-09-16,0.1965,0.2665,0.1644,0.1679
2020-09-17,0.1512,0.3721,0.1617,0.1671
2020-09-19,0.155,0.5799,0.1569,0.1641
2020-09-20,0.1413,0.0915,0.1489,0.1591
2020-09-21,0.1769,0.6108,0.1484,0.1613
2020-09-22,0.1203,0.1002,0.157,0.1642
2020-09-25,0.1917,0.1488,0.1839,0.1847
2020-09-27,0.2398,0.0985,0.2099,0.208
2020-09-29,0.1982,0.0707,0.219,0.2224
2020-10-04,0.2293,0.0676,0.2293,0.2293
2020-10-08,0.2468,0.0803,0.2452,0.2504
2020-10-09,0.2616,0.3356,0.2452,0.2504
2020-10-11,0.2271,0.1495,0.2379,0.2456
2020-10-13,0.2159,0.0901,0.2215,0.2229
2021-05-02,0.5121,0.0931,0.5272,0.5378
2021-05-03,0.5422,0.5467,0.5252,0.5323
2021-05-06,0.5213,0.3241,0.5318,0.5344
2021-05-11,0.5513,0.0931,0.5645,0.5736
2021-05-12,0.5893,0.3261,0.5372,0.5254
2021-05-14,0.553,0.148,0.5372,0.5254
2021-05-15,0.4553,0.3901,0.5325,0.5226
2021-05-21,0.5251,0.2463,0.5251,0.5251
2021-05-31,0.4983,0.3686,0.4983,0.4983
2021-06-08,0.5802,0.1152,0.5802,0.5802
2021-06-14,0.4391,0.204,0.4198,0.4126
2021-06-16,0.4005,0.4445,0.4198,0.4126
2021-06-23,0.3448,0.3305,0.3689,0.3486
2021-06-24,0.4188,0.118,0.3689,0.3486
2021-06-25,0.33,0.5205,0.3689,0.3486
2021-06-26,0.3819,0.0784,0.3689,0.3486
2021-06-30,0.3611,0.2178,0.3569,0.3456
2021-07-01,0.3907,0.2122,0.3569,0.3456
2021-07-02,0.2976,0.3379,0.3569,0.3456
2021-07-03,0.3783,0.1,0.3541,0.3445
2021-07-06,0.3426,0.5102,0.3605,0.3485
2021-07-15,0.3731,0.4571,0.3216,0.3208
2021-07-17,0.3302,0.2697,0.3107,0.3031
2021-07-18,0.2616,0.4459,0.3107,0.3031
2021-07-19,0.3193,0.1,0.2951,0.2815
2021-07-20,0.2693,0.6628,0.2951,0.2815
2021-07-26,0.3187,0.0892,0.3192,0.3196
2021-07-29,0.3197,0.7582,0.3036,0.32
2021-07-30,0.2653,0.0707,0.2998,0.32
2021-07-31,0.3425,0.4437,0.2998,0.32
2021-08-01,0.2718,0.1209,0.3025,0.3196
2021-08-04,0.3131,0.0961,0.2647,0.2657
2021-08-05,0.2664,0.7543,0.2623,0.2649
2021-08-06,0.2074,0.1,0.2623,0.2649
2021-08-17,0.1949,0.1582,0.253,0.2658
2021-08-18,0.3111,0.2472,0.253,0.2658
2021-08-22,0.1785,0.083,0.2245,0.2549
2021-08-25,0.2705,0.4063,0.2301,0.2295
2021-08-27,0.2717,0.1358,0.2446,0.225
2021-08-28,0.1996,0.6085,0.2446,0.225
2021-08-29,0.2759,0.1,0.2375,0.2191
2021-08-30,0.2051,0.729,0.2375,0.2191
2021-09-01,0.2353,0.5669,0.2577,0.2384
2021-09-04,0.3146,0.2927,0.2971,0.2669
2021-09-05,0.3413,0.0537,0.328,0.3187
2021-09-10,0.2841,0.2267,0.2841,0.2841
2021-09-15,0.2785,0.8774,0.2785,0.2785
2021-09-27,0.3802,0.3028,0.3802,0.3802
2021-10-02,0.3202,0.0992,0.3202,0.3202
2021-10-09,0.3026,0.1,0.2854,0.2846
2021-10-11,0.2681,0.1093,0.2854,0.2846
2021-10-16,0.3429,0.0514,0.3429,0.3429
2021-10-20,0.2778,0.1218,0.2778,0.2778
2022-05-13,0.5877,0.6701,0.5404,0.5691
2022-05-14,0.474,0.0931,0.5404,0.5691
2022-05-15,0.5596,0.3753,0.5239,0.5466
2022-05-18,0.4741,0.354,0.5169,0.5181
2022-05-22,0.4851,0.3959,0.4851,0.4851
2022-05-27,0.4855,0.5613,0.4855,0.4855
2022-05-31,0.4663,0.5278,0.4709,0.4684
2022-06-02,0.4754,0.1613,0.4709,0.4684
2022-06-11,0.5156,0.0837,0.5156,0.5156
2022-06-18,0.4544,0.1502,0.4116,0.3733
2022-06-20,0.4397,0.0761,0.4116,0.3733
2022-06-21,0.3406,0.5275,0.4116,0.3733
2022-06-30,0.3902,0.4957,0.3902,0.3902
2022-07-04,0.4575,0.2193,0.3791,0.355
2022-07-05,0.3382,0.3153,0.3791,0.355
2022-07-06,0.4163,0.0853,0.3791,0.355
2022-07-07,0.3044,0.4436,0.3791,0.355
2022-07-11,0.3952,0.2183,0.3952,0.3952
2022-07-15,0.3425,0.0529,0.3425,0.3425
2022-07-25,0.3455,0.4802,0.2963,0.3071
2022-07-28,0.2471,0.3078,0.2953,0.2847
2022-07-29,0.3224,0.1556,0.2759,0.2565
2022-07-30,0.2437,0.6518,0.2759,0.2565
2022-07-31,0.3176,0.1,0.2759,0.2565
2022-08-01,0.2486,0.6479,0.2654,0.2512
2022-08-04,0.1946,0.1964,0.2772,0.2573
2022-08-05,0.2853,0.278,0.2868,0.2674
2022-08-07,0.3804,0.0823,0.2622,0.2575
2022-08-09,0.1885,0.0799,0.2845,0.2859
2022-08-15,0.1753,0.4438,0.2022,0.1963
2022-08-16,0.2762,0.1,0.2188,0.2153
2022-08-17,0.202,0.9078,0.2188,0.2153
2022-08-18,0.1551,0.0946,0.2241,0.2197
2022-08-19,0.2855,0.4204,0.2338,0.2306
2022-08-21,0.2504,0.2805,0.2327,0.2326
2022-08-23,0.2764,0.1,0.2216,0.2145
2022-08-24,0.196,0.6653,0.2216,0.2145
2022-08-25,0.1634,0.0776,0.2186,0.2117
2022-08-28,0.2384,0.2883,0.1976,0.2028
2022-08-29,0.1559,0.2579,0.209,0.2071
2022-08-30,0.2326,0.1638,0.209,0.2071
2022-09-08,0.3215,0.0645,0.2317,0.1933
2022-09-09,0.1872,0.6942,0.2077,0.1896
2022-09-11,0.1863,0.5797,0.2077,0.1896
2022-09-12,0.1357,0.0902,0.1697,0.1834
2022-09-16,0.2886,0.429,0.2668,0.2601
2022-09-18,0.2449,0.8082,0.2668,0.2601
2022-09-25,0.5097,0.765,0.4269,0.4905
2022-09-26,0.344,0.1,0.4269,0.4905
2022-09-30,0.312,0.2115,0.3292,0.3258
2022-10-01,0.3464,0.1424,0.3292,0.3258
2022-10-07,0.2509,0.1192,0.2601,0.2633
2022-10-08,0.2692,0.2479,0.2601,0.2633
2023-05-06,0.6265,0.3135,0.633,0.6342
2023-05-09,0.6395,0.4512,0.633,0.6342
2023-05-16,0.6839,0.9068,0.6667,0.6733
2023-05-18,0.6495,0.4065,0.6667,0.6733
2023-05-25,0.6392,0.2916,0.6392,0.6392
2023-06-17,0.4351,0.0691,0.4351,0.4351
2023-06-24,0.4036,0.205,0.397,0.3936
2023-06-26,0.3903,0.6143,0.3803,0.3893
2023-06-29,0.347,0.0846,0.3687,0.3851
2023-07-03,0.3737,0.6489,0.371,0.3731
2023-07-05,0.4155,0.3219,0.3814,0.3775
2023-07-06,0.3239,0.2862,0.3814,0.3775
2023-07-07,0.4125,0.1581,0.384,0.3807
2023-07-12,0.4681,0.2086,0.4103,0.3858
2023-07-13,0.3397,0.4532,0.4103,0.3858
2023-07-14,0.423,0.1,0.4103,0.3858
2023-07-20,0.2929,0.4223,0.2858,0.3039
2023-07-22,0.3198,0.6336,0.2885,0.3019
2023-07-23,0.2446,0.0917,0.3075,0.3068
2023-07-25,0.2966,0.4261,0.2977,0.3067
2023-07-26,0.3838,0.1,0.2932,0.3008
2023-07-27,0.3032,0.7312,0.3054,0.3047
2023-07-28,0.238,0.0506,0.3139,0.3089
2023-07-31,0.3481,0.1391,0.2831,0.2783
2023-08-01,0.2631,0.5038,0.3056,0.2815
2023-08-05,0.3482,0.2054,0.3056,0.2752
2023-08-06,0.2292,0.4502,0.2772,0.2653
2023-08-07,0.3395,0.0892,0.2772,0.2653
2023-08-09,0.1917,0.1,0.2535,0.2387
2023-08-13,0.2078,0.5079,0.2067,0.2308
2023-08-14,0.163,0.1,0.2228,0.2414
2023-08-15,0.273,0.5563,0.22,0.2336
2023-08-16,0.183,0.1046,0.22,0.2336
2023-08-17,0.2872,0.2945,0.2303,0.2509
2023-08-18,0.2059,0.4444,0.2356,0.2527
2023-08-20,0.2699,0.6743,0.235,0.2445
2023-08-21,0.1947,0.0853,0.2387,0.2417
2023-08-23,0.2171,0.3034,0.243,0.2535
2023-08-24,0.3057,0.1299,0.2362,0.2352
2023-08-26,0.2277,0.0707,0.231,0.2314
2023-08-27,0.2356,0.719,0.2209,0.2174
2023-08-28,0.1689,0.129,0.215,0.2134
2023-08-30,0.1666,0.3734,0.2078,0.2058
2023-08-31,0.2763,0.1,0.2008,0.1884
2023-09-01,0.1914,0.6353,0.2114,0.1907
2023-09-05,0.3534,0.0808,0.3534,0.3534
2023-09-14,0.2759,0.0769,0.2678,0.2771
2023-09-15,0.3232,0.3944,0.2645,0.2681
2023-09-16,0.2042,0.2478,0.2531,0.2654
2023-09-18,0.2545,0.4799,0.2475,0.2604
2023-09-19,0.2079,0.0552,0.2333,0.2412
2023-09-20,0.2476,0.4017,0.2406,0.2494
2023-09-22,0.2525,0.1809,0.2486,0.2509
2023-09-24,0.2863,0.0961,0.2507,0.2385
2023-09-27,0.2132,0.281,0.2498,0.2318
2023-10-05,0.2512,0.5113,0.2512,0.2512
2023-10-20,0.2644,0.0707,0.2682,0.2683
2023-10-23,0.2719,0.0753,0.2682,0.2683
2024-05-21,0.7019,0.3889,0.5859,0.6492
2024-05-22,0.4699,0.1142,0.5859,0.6492
2024-06-05,0.3934,0.8051,0.3598,0.383
2024-06-06,0.3149,0.1,0.3598,0.383
2024-06-08,0.3711,0.1318,0.3598,0.383
2024-06-14,0.4438,0.2864,0.4438,0.4438
2024-06-19,0.3787,0.235,0.367,0.3398
2024-06-21,0.4111,0.0946,0.3409,0.3385
2024-06-22,0.3111,0.5528,0.3264,0.3309
2024-06-23,0.2585,0.0591,0.3159,0.3229
2024-06-24,0.345,0.549,0.3159,0.3229
2024-06-25,0.2539,0.1472,0.2921,0.3165
2024-07-04,0.3041,0.7692,0.3314,0.3233
2024-07-06,0.3587,0.4178,0.316,0.3101
2024-07-09,0.2851,0.6296,0.3233,0.3181
2024-07-11,0.326,0.4813,0.2862,0.2861
2024-07-14,0.2474,0.4784,0.2589,0.2799
2024-07-15,0.1798,0.0823,0.2365,0.2624
2024-07-16,0.2822,0.7086,0.2365,0.2624
2024-07-23,0.3238,0.3591,0.3407,0.3311
2024-07-25,0.3576,0.0992,0.3407,0.3311
2024-07-29,0.2586,0.3166,0.2748,0.275
2024-07-30,0.347,0.1193,0.2744,0.2741
2024-08-01,0.2188,0.0606,0.2637,0.2656
2024-08-02,0.2733,0.5384,0.2647,0.2676
2024-08-03,0.1787,0.199,0.2597,0.2634
2024-08-04,0.3057,0.212,0.2526,0.2469
2024-08-06,0.3218,0.0907,0.2477,0.2411
2024-08-07,0.2171,0.612,0.2615,0.2503
2024-08-08,0.1794,0.1185,0.2505,0.24
2024-08-09,0.2835,0.3174,0.247,0.2377
2024-08-12,0.2333,0.6002,0.2178,0.2291
2024-08-13,0.1548,0.0985,0.2251,0.2234
2024-08-14,0.2543,0.4348,0.2204,0.2161
2024-08-15,0.1629,0.3551,0.2108,0.2134
2024-08-16,0.32,0.0923,0.2101,0.2118
2024-08-17,0.1973,0.6193,0.2088,0.2073
2024-08-18,0.1532,0.0992,0.2115,0.2025
2024-08-19,0.2282,0.564,0.2196,0.2104
2024-08-20,0.1454,0.2479,0.1955,0.2028
2024-08-21,0.2734,0.1547,0.1951,0.2057
2024-08-23,0.1753,0.1,0.198,0.1907
2024-08-27,0.1818,0.4791,0.1794,0.1918
2024-08-29,0.2066,0.5621,0.2012,0.206
2024-08-30,0.1497,0.0841,0.2012,0.206
2024-08-31,0.2665,0.2638,0.1995,0.1979
2024-09-03,0.1752,0.8352,0.2209,0.1971
2024-09-07,0.3103,0.0869,0.3103,0.3103
2024-09-11,0.1683,0.2203,0.1683,0.1683
2024-09-27,0.2607,0.2843,0.2703,0.2656
2024-09-29,0.2798,0.0977,0.2703,0.2656
2024-10-03,0.2848,0.2367,0.24,0.2649
2024-10-06,0.1951,0.0676,0.2394,0.25
2024-10-07,0.2383,0.3897,0.2328,0.2455
2024-10-10,0.2649,0.3195,0.2516,0.2503
2024-10-22,0.3647,0.7839,0.307,0.3516
2024-10-23,0.2492,0.1,0.307,0.3516
2024-10-28,0.2137,0.0511,0.2137,0.2137
2025-05-07,0.6512,0.3175,0.6874,0.6678
2025-05-09,0.7235,0.0947,0.6874,0.6678
2025-05-16,0.5307,0.0807,0.5307,0.5307
2025-05-20,0.6232,0.6186,0.545,0.6026
2025-05-21,0.4667,0.0938,0.545,0.6026
2025-06-04,0.5513,0.5772,0.5197,0.5517
2025-06-06,0.5693,0.6262,0.5034,0.5212
2025-06-07,0.4385,0.0953,0.5034,0.5212
2025-06-08,0.548,0.1947,0.4915,0.508
2025-06-09,0.4101,0.404,0.4675,0.5011
2025-06-12,0.3714,0.0698,0.4323,0.4399
2025-06-13,0.5154,0.2225,0.4434,0.481
2025-06-19,0.4163,0.4207,0.4711,0.4295
2025-06-20,0.5258,0.0576,0.4773,0.4469
2025-06-23,0.4898,0.1942,0.4703,0.4282
2025-06-26,0.3953,0.5347,0.4065,0.4213
2025-06-27,0.2925,0.0591,0.3787,0.4065
2025-06-28,0.4483,0.3044,0.3818,0.3999
2025-07-01,0.391,0.6698,0.4197,0.4089
2025-07-08,0.4469,0.3367,0.3908,0.3719
2025-07-11,0.3347,0.6794,0.3429,0.3579
2025-07-12,0.2453,0.0838,0.347,0.3444
2025-07-13,0.377,0.339,0.347,0.3444
2025-07-14,0.3106,0.2371,0.347,0.3444
2025-07-15,0.4674,0.0961,0.3608,0.3679
2025-07-18,0.4038,0.3117,0.4356,0.4188
2025-07-23,0.3718,0.413,0.3339,0.3221
2025-07-24,0.2496,0.251,0.3062,0.3129
2025-07-25,0.4186,0.1144,0.3074,0.3131
2025-07-26,0.2954,0.502,0.2948,0.3018
2025-07-27,0.1957,0.1,0.2962,0.2918
2025-07-28,0.3135,0.4967,0.2937,0.2782
2025-07-29,0.2192,0.2564,0.2631,0.2686
2025-07-30,0.3811,0.1321,0.2618,0.266
2025-07-31,0.2322,0.7066,0.2729,0.2693
2025-08-01,0.2045,0.0784,0.2777,0.2631
2025-08-02,0.2867,0.4291,0.2828,0.2641
2025-08-04,0.3426,0.1497,0.2774,0.2705
2025-08-05,0.2496,0.6724,0.292,0.2732
2025-08-06,0.3141,0.0846,0.2933,0.2694
2025-08-07,0.2668,0.5763,0.2806,0.2576
2025-08-10,0.23,0.6348,0.2211,0.2451
2025-08-11,0.1489,0.0969,0.2315,0.2459
2025-08-12,0.2896,0.4655,0.2318,0.2429
2025-08-13,0.1701,0.1905,0.2318,0.2429
2025-08-14,0.3188,0.1855,0.2386,0.2547
2025-08-15,0.2331,0.4803,0.2394,0.2505
2025-08-17,0.2713,0.5229,0.2551,0.2549
2025-08-18,0.1533,0.1861,0.2392,0.2464
2025-08-19,0.2989,0.2036,0.2459,0.2562
2025-08-22,0.2602,0.6386,0.25,0.2582
2025-08-23,0.1532,0.1537,0.2337,0.25
2025-08-24,0.2878,0.2218,0.2337,0.25
2025-08-28,0.1599,0.1363,0.2526,0.252
2025-08-29,0.2749,0.2402,0.2526,0.252
2025-08-31,0.323,0.0992,0.2526,0.252
2025-09-05,0.3731,0.0931,0.2892,0.2342
2025-09-06,0.2053,0.4475,0.2892,0.2342
2025-09-22,0.3053,0.1029,0.2971,0.2931
2025-09-24,0.2889,0.2947,0.2971,0.2931
2025-10-05,0.3482,0.0506,0.3482,0.3482
2025-10-17,0.2168,0.0684,0.2168,0.2168
2025-10-22,0.2182,0.0691,0.2182,0.2182
